text,label
Tik tok alli jagala madtidralla adra baggenu ondu video madi anna super agi ugididdira,0
Anyone from kerala here,5
Movie rerelease madi plss,0
Amazon prime alli bittidira....yella manele nodtare....,0
Guru sure news nanu tik tok dawn lod madeda yavaga nama nDudu tindu nama dashda mala uddha madaka bandro avaga deleted,0
ಸುದೀಪ್ ಸರ್ ಅಂಡ್ ದರ್ಶನ್ ಸರ್ ಅವರಿಗೆ ಇರೋ ಫ್ಯಾನ್ಸ್ ಫಾಲೋಯಿಂಗ್ ರಕ್ಷಿತ್ ಶೆಟ್ಟಿ ಇಲ್ಲ ಅಂದ್ರು ಸಾಂಗ್ 2m  ಮತ್ತು ಟೀಸರ್ 8.5.m ಬೆಂಕಿ ಗುರು ಮೂವಿ  ವೇಟಿಂಗ್,0
Ade old same story,3
Superb rakshit sir sobg superb macking,5
Hai Neel (prithvi) wonderful movie dia,5
ಏನ್ ಗುರು ನಿನ್ನ ಚರಿತ್ರೆ ಸೃಷ್ಟಿಸುವ ಅವತಾರ ತುಂಬಾ ಚೆನ್ನಾಗಿ ಇದೆ ರಶ್ಮಿಕಾಗೆ ತುಂಬಾ ಉರುಸು,0
E tara film ge ella kaitaididdu.... Welcooome..... Item song iro,0
Super  guru 🥰,0
Different aagide song... n,0
D BOOS FANS ALL THE BEST,5
ನಿಜವಾಗಿಯೂ  ಅದ್ಭುತ heartly heltidini... plz avrigella namma nimmellara supprt beku,0
I'm speechless,0
Movie was amazing!!🤩🤩,5
BLACK HEART ala,0
ಬ್ರೋ ಅವರು ಗೆ ದೇಶದ ಬಗ್ಗೆ ಅಭಿಮಾನ ಇಲ್ಲಾ ಬಿಡಿ,4
ಹೆಮ್ಮೆಯ ಕನ್ನಡಿಗ,0
ಇನ್ನೊಮ್ಮೆ ಬಿಡುಗಡೆ ಮಾಡಿ ಗೆಲ್ಸೋ ಜವಾಬ್ದಾರಿ ನಮ್ಮದು....#ಮತ್ತೊಮ್ಮೆ ದಿಯಾ.,0
Movie supper sir,5
Super sir keep it,5
ಇನ್ನು ಕೇವಲ 1000 ಮೆಚ್ಚುಗೆಗಳು(ಲೈಕ್)  ಬೇಕಿದೆ.. ಅತಿ ಹೆಚ್ಚು ಮೆಚ್ಚುಗೆಗಳು(ಲೈಕ್)  ಪಡೆದ ಕನ್ನಡ ಚಲನಚಿತ್ರದ ದೃಶ್ಯ ಗೀತೆ (ವೀಡಿಯೊ ಹಾಡು) ಆಗಲು nಯೂಟ್ಯೂಬ್ ನಲ್ಲಿ..  nದಿನಾಂಕ,0
ಶ್ರೀ ಮನ್ ನಾರಾಯಣ  movie ಹಾಡು  ಕೇಳಲು  ಸುಮಧುರ...... ಡ್ಯಾನ್ಸ್  ಸೂಪರ್....   ಇದೆ,0
ದೇಶಧ್ರೋಹಿಗಳು ಡಿಸ್ ಲೈಕ್ ಮಾಡಿದರೆ ನೀವು ನಿಜವಾದ ದೇಶ ದ್ರೋಹಿಗಳು ನಾಚಿಕೆ ಆಗಬೇಕು ನಿಮ್ಮ ಜನ್ಮಕ್ಕೆ.... ಇಂತಹ ಅದ್ಭುತವಾದ ವಿಡಿಯೋ ಗಳಿಗೂ ಡಿಸ್ ಲೈಕ್  ಮಾಡಿದ್ರಲ್ಲ ನಿಮಗೆ ನಾಚಿಕೆ ಆಗಲ್ವಾ.....,3
Randhawa movie 10 rating ide,0
ಸೂಪರ್ ಬಗ್ರೌಂಡ್ music,0
Eno ontara chnnagide annoru like madi🤔🤔🤔🤔🤔🤔🤔🤔🤔,0
Bindu gowda ge super agi ugididdeera,2
Kannadadalli mado badlu hindinalli madidre superrhit agodhu,1
Rip dislikers,5
Namana Kudlada rakshith shetty innu orsbeku rashmikage Thu avla Janmake,2
ಅದ್ಬುತ ಕಲೆ ಸಾಹಿತ್ಯ ಸಂಗೀತ ಗಾಯನ,0
Yes boss e film maatea 7 sala alla 10 sala nodidru bore aagalla,0
@Troll Stupid Fans heno helkodthidallla  adunna helkodo munche neenu kaltho henge irbeku antha suvar gandu anthidde ivga ninge baididke thika huritha,2
tippa yappa supper,0
Yar guru ninu.....super,0
@prithvi nayak nimma Amman tulla suledeepa movie yavdu hit aagide helu recent aagi bandidralli,2
Really nyc sakath chenagi madidira nange esta aythu. Super riii adrallu tiktok dattu putra nna sakath roast madi heltini...,0
ಪ್ರೀತಿಗೋಸ್ಕರ ಪ್ರಾಣನೆ ಬಿಡ್ತಾರೆ,4
Thank you so much,5
ದೃಷ್ಟಿ ನನ್ನೋಬ್ಬನ ಮೇಲಿಡಿ ತಪ್ಪದು ನಿಜ ಮನರಂಜನೆ film nodo munchene ee song ista adavaru like madi,0
Indian no.1 bgm,5
ಮೆಲ್ಲನೆ ನಶೆ ಎರಿಸೊ ಹಾಡು,0
Nimm avvan tull ...kannag en tunni itkond nodi en Randi magagna,3
Nice story accting super prajval devraaj,0
Bro sorry ond matu nang eetara troll madodu ella ishta agtirlilla first time nimm videos nodi sakkath kushiaytu nd ur video really give a good msg,0
hindi m bhi daal. do yaaro,5
love you shankar sir ........namage neevu beku sir !!! matte neevu nammanna manaranjane maadi neevu illade iro kannada cinema naanu nodalla sir .....,0
SUPER  R  BOSS,0
ಸಾಹಿತ್ಯ ಓದಿ ಹಾಡು ಕೇಳಿ ಆನಂದಿಸಿ.,0
ಸೂಪರ್ ಗುರು ನಿಜ,0
All industries are going hands up.. 27kke avanu bandaga,0
Hoooo super guru nin voice bhal superrrr,0
Delete hadru nanu downloade made,0
ಹಾ ದೇವರು ಒಳ್ಳೆಯವರಿಗೇ ಯಾವಾಗಲೂ ಕಷ್ಟ ಕೋಡದು ಸರ್ ನಿಮಗೇ ಒಳ್ಳೆದಾಗಲ್ಲಿ... ಸರ್..,0
ನಮ್ಮ ಕಾಮೆಂಟ್ ನೋಡಿ ಓದಿದವರ ಸಮಸ್ಯೆಗಳು ಬೇಗ ಪರಿಹಾರವಾಗಲಿ...ಓಂ ನಮೋ ನಾರಯಣಯ ನಮಃ,0
ನೈಸ್ ಚಿತ್ರ ಅವನೇ ಶ್ರೀ ಮಾನ್ ನಾರಾಯಣ........ ಸೂಪರ್ ರಕ್ಷಿತ್ ಶೆಟ್ಟಿ.......,0
ಚಂದನ್ ಶೆಟ್ಟಿ ಟ್ರೊಲ್ ವಿಡಿಯೋ ನೀವು ನೋಡಿ ನೆಗಡ್ಡೆ ಇದ್ರೆ ನಾವ್ ಗ್ಯಾರಂಟಿ,0
Malayalis pore,5
Sir ನಮಸ್ಕಾರ ಕಲಿಯುಗದಲ್ಲಿ ಅಶ್ವತ್ಥಾಮ ಇದ್ದಾರೆ ಅಂತ ಹೇಳಿದರು .ಎಲ್ಲಿ ಇದ್ದಾರೆ  ಅವರು ನಾವು ನೋಡಬಹುದ ನನು ನೊಡಬೇಕು ಅಂತಾ  ಇದೇ ಅಗತ್ತ sir,0
I'm full happy bro 🤣🤣,5
Rakshit shetty superb,0
Darshan Sir swalpa sahaya madidare,0
ಮಸ್ತ್ ಇದೆ ಈ ಹಾಡು,0
Super sir namge thumba istavada kathe nam parents ge kelisbeku aadastu bega idanna,0
@RAM jnh MNR ss,5
Barri dabba movie ne unn maado du,3
ಪಕ್ಕಾ ಇದು ಚರಿತ್ರೆ ಸೃಷ್ಠಿ ಸೋ ಅವತಾರ,0
Sir naanu Visakhapatnam li iradhu,0
Yar muje ye movie hindi me dekhni hai,5
real life great sir,0
@Manju Sonu  ಅಭಿನಂದನೆ,0
Bro hindi language pls,5
Ha sanchari vijay waiting to see him,5
ಆವಾಗಾವಾಗ ಈ ಹಾಡು ಕೇಳಲಿಲ್ಲ ಅಂದ್ರೆ ಏನೋ ಮಿಸ್ ಮಾಡಿದಾಹಾಗೆ ಆಗುತ್ತೆnSlow poison,0
Inspired from korean movie Midnight Runners,0
ಚಂದನ್ ಶೆಟ್ಟಿ ಟ್ರೊಲ್ ವಿಡಿಯೋ ನೀವು ನೋಡಿ ನೆಗಡ್ಡೆ ಇದ್ರೆ ನಾವ್ ಗ್ಯಾರಂಟಿ,0
gadag our city,5
Awsome movie must match movie,0
Thanks for likes,5
Kannada film  industry avaru sir solpa nodi rii yen madta ididra inta ashvath sir avara maga ondu sanni veshe dalli kalsa Kodi,0
Yes Nam ura hudgange mosa Madi hodlu ..amele Nam Karnataka kk avmana madidlu avlige yakadru hode ansbeku,2
I hate tiktok mobile thagondagindanu install made illa i hate this,4
Howdu GurunAdre climax papa,0
ಸಿನಿಮಾ ಬಿಡುಗಡೆಗು ಮುನ್ನ ಹಾಡು ಬಿಡುಗಡೆ ಮಾಡೋಕೆ ಕನ್ನಡ ಇಂಡಸ್ಟ್ರಿ ಇಂದ ಮಾತ್ರ ಸಾಧ್ಯ.  # ಅವನೇ ಶ್ರೀ ಮನ್ನಾ ನಾರಾಯಣ.,0
Dis like hakorge ond math hekok esta padthini nimig esta agilla andre sumne erbod alva yak sumne dislike hakthira ... Ade bere bhashed est kacchada edru like hakthira alva nimmanthor erodrindane Kannada movies ast hesru madtha illa ...,3
Next level quality,5
Le gandunTikamucchunnEe Tara worst song nin kayalli madakke agutta,4
E song ero range ge 3to.5 millone agbekittu,0
ಚಿತ್ರರಂಗದ ಧನಿಕರು ಎಲ್ಲಿದ್ದಿರ. ನಾಲ್ಕು ಜನ ಸೇರಿದರೆ ಸಾಕು,0
ರಶ್ಮಿಕ ರಕ್ಷಿತ್ ಶೆಟ್ಟಿ ಬೆಳವಣಿಗೆ ನೋಡಿ ?,4
kelsa maddidare anna Modiji,0
Chalu ati nataka,0
super togari tippa,5
Previous video dalli sai Kumar diolauge,0
Hands up to vijaya prakash sirr,5
En ಕಮೆಂಟ್ ಗುರು ಎಲ್ ಇರ್ತೀರೋ ನೀವೆಲ್ಲಾ ಸೂಪರ್,0
Hands up - 308k likes nBelageddu - 308k likes,4
Best episode sir,5
Super sir baigla sir,0
Tik tok shata,3
Yakebdre krishnana shapa aduke,0
Hidden detail in  trailer of Avane Srimanarayana....n,0
Elli politics jasti and beliyokke bedalla hotte kirchu padthare,3
All fake bro nija vishaya maatra heli bro ummane janara manasalli sullu nambike yanna huttisa bedi plzzzz,3
ಎಸ್ ಸೂಪರ್ ಸಾಂಗ್,0
ನಮ್ಮ ದೇಶದಲ್ಲಿ ಇದ್ದು ನಮ್ಮ ದೇಶದ ಅನ್ನ ತಿಂದು ಬೇರೆ ದೇಶಕ್ಕೆ ಲಾಭ ಮಾಡ್ತಾ ಇದೀರಾ ನಾಚಿಕೆ ಆಗಬೇಕು ಹಿಂತವರಿಗೆ,0
Dislike kon kiya re m###₹##0d 🤗..,4
Le maraya ninu nijavaglu hero Kano super mama ninna madirodhu video 🥰,0
Super song 🥰🥰,5
Super tippa i like video i love video,5
@Sharath T urkondu sayri sulemakalla 1 year 3 blockbuster BOSS,2
Bro nim editing spr nan nim videos fan e video Dali heliro song matrA spr,0
ಸಾಂಗ್ ಸೂಪರ್ nಮ್ಯೂಸಿಕ್,0
Howdu brother nanu tv nalli nodidde evru elidnella avru elidru,0
ಕೆಜಿಎಫ್  ಒಂದು ದೊಡ್ಡ ಸಾಮ್ರಾಜ್ಯ ಕಟ್ಟಿದೆ nಅವನು ಅದಕ್ಕಿಂತ ದೊಡ್ಡ ಸಾಮ್ರಾಜ್ಯ ಕಟ್ಟುತ್ತಾನೆ ಪಕ್ಕ n,0
Namma manigu banndidda ashwathama,1
ಅವನೇ ಶ್ರೀಮನ್ನಾರಾಯಣ ASN,0
@Sachin Y S ik pakka avara irtar,0
Prajwal look is different,0
LIKE  1M,5
ಟ್ರೈಲರ್ ತುಂಬ ಚೆನ್ನಾಗಿದೆ ನಿಮ್ಮ ಚಿತ್ರ ಒಳ್ಳೆ ಯಶಸ್ವಿ ಆಗ್ಲಿ,0
ಇದು ಚರಿತ್ರೆ ಸೃಷ್ಟಿಸೊ ಅವತಾರಾ..........,0
Brazil ಕಂಪನಿ ಬಂದು 4 ವರ್ಷಕ್ಕೆ  ಬಾಗ್ಲು  ಮುಚ್ಚುತು  ಕಾರಣ ಲೋಕಲ್ accountant ಎರಡು ಕೈ ಯಿಂದ ತಿಂದ,0
Super songs bro,0
Vote for kuri prathap,5
ನೀವು 6-5=2 ಸಿನಿಮಾ ವನ್ನು ರಿಯಲ್ ಸ್ಟೋರಿ ಅಂತ ಯಾಕೆ ಸುಳ್ಳು ಹೇಳಿದ್ದು,3
ಕಾಂಗ್ರೇಸ್ನವರು ದೇಶದಲ್ಲಿ ಜಾತಿ,3
Nakkan benki guru,0
First like,5
Heart touching comment nnE kelsa aagbeku !!,0
Sir ond compeny yalli kelsa madidra gov employes labor officer bookmadkond laber ge 5000 salry kotre employe mane  est kasta alva. yava gov sarilla sir nav egga comment madkondu saibeku aste,3
Bhimsen Baburao Waghe Bhimsen Waghe,5
@Siddesh Kumar thankyou sir,5
ಕನ್ನಡ ಚಿತ್ರರಂಗದಲ್ಲಿ ಮತ್ತೊಂದು ಚರಿತ್ರೆ ಸೃಷ್ಟಿಸೋ ಅವತಾರ,0
Movie is too good,5
ಅಚ್ಚ ಕನ್ನಡ ಸಾಂಗ್ ಸೂಪರ್,0
Looks like it's a suspense movie,5
D boss fanzzz in Sakaleshpur,0
@Saraswathi.p.k. Baby swathi,5
ಗುರು ನಿಮ್ಗೆ ಡೌಟ,2
No way chance illa  ivaga elli edane proof kodi  nambteevi,3
#Who is here after 17 million n#ಕನ್ನಡ ಸಿನಿಮಾ ಬೆಳೆಯುತ್ತಿದೆ,0
Sakkatt agine   kyakirsi  ugdidira  sir,0
Most liked kannada movie songsn1,5
@ರಕ್ಕಸ ಬೇಟೆಗಾರ u nailed it,5
qdvfs67tr-' 9,5
Adi and dia,5
ಮೊಸರು ನನ್ನ ಮಗನ ಫಸ್ಟ್ ಟ್ರೋಲ್ ಮಾಡಿ ಬ್ರೋ ಮತ್ತೆ ಈ ಟಿಕ್ ಟಾಕ್ ಸೂಳೆಮಕ್ಕಳು ನ ತಿಕಹೊಡಿ ಬ್ರೋ,0
ASN movie na 1st day 1st show nodoru like maadi,0
Thanks you sir,5
@Gaurish Akki Studio  please all over karnatakadalli 150 theater alli re release maadodakke heli diya movie annu,0
Kathe tumba ista aythu..,0
ವಿ ಪಿ ಸರ್...,0
Hands Upn Tamil Nadu,5
Bro super bro amazing speech,5
Rashmika haters like madi,3
ಚಂದನ್ ಶೆಟ್ಟಿ ಟ್ರೊಲ್ ವಿಡಿಯೋ ನೀವು ನೋಡಿ ನೆಗಡ್ಡೆ ಇದ್ರೆ ನಾವ್ ಗ್ಯಾರಂಟಿ,0
anna sakatagi matadidya  i like you  anna,0
Gentleman sir nevu,0
Superb song,5
shambhu baligar sir superrrrrrrrrrrrrr,5
I love you,5
Super song and super dance,5
Super lines bro,5
Superrrrrrrr  agi heliya Anna tq u so mach video,0
ಖಂಡಿತ ಮಾಡೋಣ bro,0
ಮೊದಲು ನೀನು ಧರ್ಮದ ಬಾಗೆ ನಿನಗೆಸತು ಗೊತ್ತು ಹೆಲ್ಲು,0
ನನಗೆ ಕಾಣುವ ಒಂದೇ ತಪ್ಪು...... publicity ಮಾಡದೇ ಇದ್ದದ್ದು. ....,1
U missed duniyaa movie,5
One time kelidre average ansatte,0
E video na unlike madoru nijavaglu kannads davaru ala,3
KGF chaffer 2 beda bare baku,0
Innu ide avrige bro super roast,1
ಅಪೊಲೊ ಆಸ್ಪತ್ರೆಗೆ ಸೇರಿಸಿದರೆ ಎಲ್ಲ ಸರಿಹೊಗುತ್ತೆ,0
Nanage ಅನ್ಸುತ್ತೆ ಈ ವೀಡಿಯೋ ವನ್ನು ರಶ್ಮಿಯ ಮಂದಣ್ಣ ಫ್ಯಾನ್ಸ್ deslike ಮಾಡಿರಬಹುದು,0
Karnataka one state but many world,0
@Nandi Parthasarathi nanna shanta samana Bollywood Hollywood sulemagne modlu ninna ಮಾತೃಭಾಷೆ ಬೆಳಸು adu yare hero aagli,2
Song hosa tara feel kodute,0
Prathiyobbara ಜೀವನ Da ಆಸೆಗಳು,0
Kakka is ossm lol,0
ತುಂಬು ಹೃದಯದ ಶುಭಾಶಯಗಳು ಕನ್ನಡ ಚಿತ್ರರಂಗದ ಅಭಿಮಾನಿಗಳಿಂದ,0
@Mithun KUDLA andh Dani!,5
Gud job  nim nirdharakke nimma kelasakke Namma gowrava namaskara. kanditha nimge olle role kodo buddi nirdeshakarige  haagu kannda industry ge barabeku...,0
Sorry theaters ge bardiddakke....best movie,0
ನಮ್ d boss ಶಾಟ ಕ್ಕೂ ಸಮ ಇಲ್ಲಾ...ಮಗನೇ... ಅವುನ್ ಮಾಡಿದ ಫಿಲಂ ಅಷ್ಟು ಎಕ್ಸ್ಪೀರಿಯೆನ್ಸ್ ಆಗಿಲ್ಲ ತುಲ್ಲರೆ ಮಾತಾಡ್ತೀಯಾ ಹಾದರಗಿತ್ತಿ ಮಗನೇ....  lo mari evrella one film madi buildup tagotare... ಅವ್ರು ಫಸ್ಟ್ ಫಿಲಂ ಅಲ್ಲೇ ಕ್ರೇಜ್ ಹುಟ್ಟಿ ಹಾಕಿದವರು.... ಅವ್ರು ಫಸ್ಟ್ ಫಿಲಂ (ಮೆಜೆಸ್ಟಿಕ್ )ಫಿಲಂ ರಿಲೀಸ್ ಆದಾಗ.. ನಿನ್ ತುಣ್ಣಿ ಇನ್ನು ಬಲ್ತು  ಇರ್ಲಿಲ್ಲ ಗೂಬೆ ತುಲ್ಲಿಗೆ ಹುಟ್ಟಿದ್ ಬೋಳಿಮಗನೇ ನಿಮ್ಮ ಅವ್ವ ಸೂಳೆ,3
@Entertainment Gaming okkk,5
ಚಿತ್ರದ climax ಏ.... ಚಿತ್ರವನ್ನು ಮಂಕಾಗಿಸಿದೆ,3
@Ŕävîñđŕå_02_GøWđřú ನೀ ತುಲ್ಯ,2
Views got struck,5
His a bang bang,5
Anjali Devi hi,5
ತೂಗರಿ ತಿಪ್ಪ ಉತ್ತರ ಕರ್ನಾಟಕ ಜಾನಪದ ಹಾಸ್ಯಮಯವಾದ ಕಥೆ ತುಂಬಾ ಅದ್ಬುತವಾದದ್ದು,0
Swag ka baap Rakshit Shetty..,5
@*V C R* guru edunna modlu bale fansge helu avru start madidare nau end madthivi,0
Sir.nivu superb sir.,0
ನಿಜ ಹೇಳಿದ್ರು ಆದರೆ ಇದರಲ್ಲಿ ಸಬ್ಸ್ಕ್ರೈಬ್ ಇರೋದು ಮೂರು ಲಕ್ಷ  ಆನಂದಾಡಿಯೋದರಲ್ಲಿ ರಿಲೀಸ್ ಮಾಡಿದರೆ ಒಡೆಯ ಸಾಂಗ್ ಮೀರಿಸಿತಿತ್ತು,0
Sar super song,5
ನಿಜಕೂ ಈದು ಆಚರಿನೇ🤔🤔🤔🤔🤔🤔🤔🤔🤔🤔🤔🤔🤥🤥🤥🤓🤡🤡🤡🤠🤠🤠,1
E mathu,0
Day ge 600K+ Views nEn haavli Guru,0
@TROLL MONSTER_KANNADA nim Amman kalsu thoristhini,2
signature step is ultimate,5
ಇಲ್ಲಿಂದ ನಿಮ್ಮ ವಿಜಯ ಯಾತ್ರೆ ಪ್ರಜ್ವಲಿಸಲಿ,0
Elru nodle bekadaa video..,0
@citizen408 ok bro,5
Ondu trailer cut madak saryag baralla.trailet nodokke kasta agthide,3
@TROLL MONSTER_KANNADA nim ammange nan hakde tunne nathangi siktale avl na vrdashramkke serstini yakandre ninge nodkollake yogyate illa adukkehogo jumper( chupper),2
So 374 jana rashmika fans music video nodidare illi ವರಗೆ.,0
ವಿಡಿಯೋ ಇದೆಯಾ ತೊಗರಿ ತಿಪ್ಪ,0
ಕೌಶಲ್ಯ ಇದ್ದವರ ಸಂಖ್ಯೆ ಕಡಿಮೆ ಇಲ್ಲ ಸರ್ ತುಂಬಾ ಪ್ರತಿಭಾವಂತರಿದ್ದಾರೆ.... influence ಪವರ್ ತುಂಬಾ ಇದೆ ನಮ್ಮ ದೇಶದಲ್ಲಿ influence ಇಲ್ಲ ಅಂದ್ರೆ ಯಾವನು ಮೂಸಿ ಕೂಡ ನೋಡಲ್ಲ ನಮ್ಮ ದೇಶದಲ್ಲಿ....ಅದಕ್ಕೆ ಕೌಶಲ್ಯ ಇದ್ದೋರಿಗೆ ಕೆಲಸ ಸಿಗ್ತಿಲ್ಲ.....,3
ಕನ್ನಡ ನಾಡಿನ ಕೀರ್ತಿ ಜಗತ್ತಿನೆಲ್ಲೆಡೆ ಹರಡಲಿ ಅಂತ ಬಯಸುತ್ತೇನೆ,0
Thankz bro troll alla bro Roast,0
Nav gottala d boss fans,0
Yes re release madbeku,0
Hands up super song,5
Boring song .....astu power illa....not like KGF,3
@Sweekar Gowdaadyaru badavarige Uta sigtilla ande yallo nAa place n mobile number kalsu nNim mane hatra tane,2
Sakath beats..Matte Matte kelabeku anno song..,0
ಸೂಪರ್ story kannada savira,0
ದಿನಕ್ಕೆ ಹತ್ತು ಗಿಂತ ಎಚ್ಚಗಿ ನೋಡ್ತಾ ಇದೀನಿ ಮಸ್ತ್ ಇದೆ ಬ್ಯಾಗ್ರೌಂಡ್ ಮ್ಯೂಸಿಕ್ ಚಿಂದಿ ಚಿತ್ರಾನ್ನ,0
Mahesh. Sanagoudar. Bhagojikoppa,0
ಆ ನೂರ ಕೋಟಿ ಭಾರತಕ್ಕೆ ಅಲ್ಲ ಇಡಿ ವಿಶ್ವಕ್ಕೆ,0
Waiting for the film.....ನೋಡಲು ಕಾತುರನಾಗಿದ್ದೇನೆ,0
Next leval movie in prajval,5
Super making super cinematography,0
Guru same feeling...,5
Pap pabap pap pabapabapap!nTin ti din tin tiditididinnRead in a flownnADDITCTED,5
guru despande olle director kate na channagi toeisutare,0
@AJITH S SHETTY nanu karthik shetty manglurininda,0
I think Sanskrit?,5
S super chamayya mestre nimma valletana,0
Every day i am listening,0
Appu boss kade enda.    Asn.  Movie ge.  Full support edhe,0
Amazed Amazing Amazefull,0
ಸೂಪರ್ ಕಾಮಿಡಿ ಸ್ಪೀಚ್ ಬ್ರದರ್,0
ಸಿನಿಮಾದಲ್ಲಿ ಐದಾರು ಹಾಡುಗಳು ಇಡುವ ಕಾಲದಲ್ಲಿ  ಈಡಿ ಸಿನಿಮಾದ ಕಥೆ ಒಂದು ಹಾಡಿನಲ್ಲಿ   ಆಡಗಿದೆ ಯಾರೆಲ್ಲ ಆ ಹಾಡಿಗೆ ಕಾಯುತ್ತಿದಿರ?....,0
Super movi yallru nodi tumbba tumbba istavada movi,0
Waiting  ASN,5
India kudda Munde baruthe But late....navella Odmele,0
ಅವಾಗ  ಕಬ್ಜ. ದರ್ಶನ. ಇವ್ರೆಲ್ಲಾ ಬಂದು  ಕೆಡವಕ್ತಾರೆ.,3
12 dislikes by gandu nanmakalu,4
Ta bro your ginias,5
ರಾಜವಂಶದ ಅಭಿಮಾನಿಗಳು ಕಡೆ ಇಂದ all the best ...,0
Tik tok vade gala,5
Le tukali like dislike janakke bittaddu,3
Nyc bro,5
Ayyo guru... Yelli tanka jana moodnambke bidalvo alli tanka inta shatnayakru useless videos haktane irrtare guru.nMahabharata tumba olle moral story. Jeevanakke bekagiro tumba paata ide idralli. Adunella use madkondu olle jeevna madbeku aste.,1
ತುಂಬಾ ಅದ್ಭುತ ಕತೆ,0
ಚಂದನ್ ಶೆಟ್ಟಿ ಟ್ರೊಲ್ ವಿಡಿಯೋ ನೀವು ನೋಡಿ ನೆಗಡ್ಡೆ ಇದ್ರೆ ನಾವ್ ಗ್ಯಾರಂಟಿ,0
Bossu Bgm dance,5
ತೊಗರಿ  ತಿಪ್ಪ  ಸುಪರ್  ಕಾಮಿಡಿ,0
@prithvi nayak ಅದಿಕ್ಕೆ ನಿಮ್ಮ ಲುಚ್ಚಾ ಹೆಂಡ್ತಿ ಮೇಲೆ ಅನುಮಾನ ಪಟ್ಟು ಡೈವರ್ಸ್ ಮಾಡೋಕೆ ಹೋಗಿದ್ದ ಯಾರೋ ಬುದ್ದಿ ಹೇಳಿದರೆ... ಗಂಡರ ಗಂಡ ಜಗ ಮಿಂಡ ನಿಮ್ಮ ಕಾಮಣ್ಣ... ಲುಚ್ಚಾ ಬಳೆಗಾರ,2
@Dhee Pu Lo goobe rama. Artha iro hage enadru helodidre helu. Sumne tirukalandi thara koribeda.... Madu annodu kriyapada anta nanagoo gottu. Adre 'madu' annodara jote ondu namapada irbeku. Agle vakya sampoornavagodu. kelasa mdu,2
ರೀಮೇಕ್ ಮೂವಿ....ಇರ್ಬೇಕು ತಮಿಳ್ ವಿಶಾಲ್ ದು ಅಲ್ವಾ,1
Rashmika Thu..l.l.i irve ankoavro ondu like,2
Kannada super song,0
Jai d boss appu,0
Lo gube don't compare anyone yellaru namma kannada super star,2
@Chandra kanth naa siggappu manithan,5
ಉರ್ಸೋಕೆ ನಿಂತ್ರೆ ಕನ್ನಡದವರು ಚರಿತ್ರೆ ಬರೀತಾರೆ ಅಂತ ಗೊತ್ತಾಗಲಿ.. ಕೆಲವು ಕಿಡಿಗೇಡಿಗಳಿಗೆ..,3
Bro Game yavdu Adu,0
ತುಂಬಾ ಖುಷಿಯಾಯಿತು ಕೇಳಿ,0
@kannadigaru S uh,0
38 M,5
ಸರಿ ಬುಡ್ಲ ಅಣ್ತಮ್ಮ,0
ಸೂಪರ್ ಹಾಡು ಎಲ್ಲ ಕನ್ನಡದ ಅಭಿಮಾನಿಗಳಿಂದ ಸಿನಿಮಾ ತಂಡಕ್ಕೆ ಆಲ್ ದಿ ಬೆಸ್ಟ್,0
Well msg guru,0
Rakshith shetti luck like shankarnag,2
Hindi song bittilva?,0
Super creative kannadiga,0
ಓಳ್ಳೆ ಕಥೆ ಬಹಳ ವರ್ಷ ಆಗಿತ್ತು ಕೇಳಿ,0
Super movie super songs,0
Idhu charitre srushtisuva avataara......,0
ಏನ್ ಸಾಂಗ್ ಗುರು ಮಸ್ತ್...,0
ಚಂದನ್ ಶೆಟ್ಟಿ ಟ್ರೊಲ್ ವಿಡಿಯೋ ನೀವು ನೋಡಿ ನೆಗಡ್ಡೆ ಇದ್ರೆ ನಾವ್ ಗ್ಯಾರಂಟಿ,0
Super trailer praju Anna,0
ಚರಿತ್ರೆ ಸೃಷ್ಟಿಸಲಿ...ಕನ್ನಡದ ಹವಾ ಬಹಳ ಜೋರಾಗಿದೆ ಭಾರತೀಯ ಚಿತ್ರರಂಗದಲ್ಲಿ...ಹೆಮ್ಮೆಯ ವಿಷಯ..ನಮ್ಮೆಲ್ಲರಿಗೂ,0
Hands up🤩n#yuvarathnaa update on December 31stjai #drrajkumar,5
'ಇದು ಚರಿತ್ರೆ ಸೃಷ್ಟಿಸುವ ಸಿನಿಮಾ'' ಎಂದು ನಂಬುವವರು ಲೈಕ್ ಮಾಡಿ,0
@Nandi Parthasarathi nandini anta itkondidya nen hengsa🤣🤣nEllelo hogbeda matter bage matado childe....chanagiro film na chanagila antyala adrale gotagute enta kachda nenu anta bereourna aadre belsu ilwa tepug iru..nim appa amma nu bereourna tulkonde bandirbeku adke nenu hinge,2
@Reginald Kelly Kannada da bagge sumne matadidre(includes people too) adu namgu naatutte,1
Hero.heroin very good,5
ಇದು ಚರಿತ್ರೆ ಸೃಷ್ಟ್ರಿಸಿದ ಅವತಾರ,0
Hands up super song,5
Adu nambike ashte,0
After #marakkar trailer,5
Hlo bro... Even I uninstalled at stupid app...,4
Bindhu gowda ge sariagi madidera,2
Copycat raja rakshith shetty,2
@F M S rakahith is shit man,5
Super conceptnReally Prajwal Devaraj eetara cinema select madi madtare ankondirlilla super concept,0
tq super sir,5
Bro yav game,0
ತುಂಬಾ ಒಳ್ಳೆಯ ಹಾಡು,0
Dislikers are not real kannadigas,3
ಚಂದನ್ ಶೆಟ್ಟಿ ಟ್ರೊಲ್ ವಿಡಿಯೋ ನೀವು ನೋಡಿ ನೆಗಡ್ಡೆ ಇದ್ರೆ ನಾವ್ ಗ್ಯಾರಂಟಿ,0
Enadru public help ago Vishayada bagge Mathadi  ivaga jana thumba buddivantharagidare,2
Super movie I like it,5
Yes yes yes🤟,5
Superb song ... Liked it,0
@G D yatheesh good job BRO,5
Ya bro  true,5
ಚಿತ್ರರಂಗದಲ್ಲಿ ಸಂಚಲನ ಮೂಡಿಸಲಿ. nಯಾರ್ ಯಾರಿಗೂ ಬಾಸ್ ಅಲ್ಲ ನಿಮ್ಮ ಸಿನಿಮಾ ಚೆನ್ನಾಗಿದ್ರೆ ಎಲ್ಲರೂ ನೋಡ್ತಾರೆ ಬಕೆಟ್ ಎಲ್ಲಾ ಮೂಲೆಗೆ ಹಾಕಿ. ಇನ್ನೊಬ್ಬ ನಟ ಬಂದು ಹೇಳಿದ ಅಂತ ಯಾರು ಸಿನಿಮಾ ನೋಡಲ್ಲ ನಿಮ್ಮ ಅಭಿನಯ ಕಥೆ ಮನೋರಂಜನೆ ನೋಡಿ ಬರ್ತಾರೆ ಅಷ್ಟೇ. nಶುಭವಾಗಲಿ........,0
Manjunatha  Manju,5
ತೊಗರಿ ತಿಪ್ಪ ಕಥೆ ತುಂಬಾ ಜನ್ನಾಗಿ ಮುಡಿ ಬಂದಿದೆ,0
Super jai d boSs,5
Bro neevu helodhu correct naanu kooda tik tok uninstall  maadidini.adre bad words jaasthi use maadbedi bro,0
Nkn benki song....#ASN,0
@Sushma Prasad thank uu,5
ತುಂಬಾ ಚೆನ್ನಾಗಿ ಮೂಡಿಬಂದಿದೆ ಶುಭವಾಗಲಿ ಪ್ರಜ್ವಲ್ ಭಾಯ್....ಡಿ ಬಾಸ್ ಭಕ್ತ...,0
Diya sandalwood new queen.,5
Yavado yavado hakithira realu videos madi haki elwa edana neja agedre proove madi News Ali haki,3
Ashwathamana bagge thiliyalu raktha rathri emba yakshagana nodiri,0
@Mahantesh Goudar ಮೊದಲು ಕನ್ನಡವನ್ನು ಸರಿಯಾಗಿ ಟೈಪ್ ಮಾಡುವುದನ್ನು ಕಲಿರಿ ಆಮೇಲೆ ಧರ್ಮದ ಉಪದೇಶ ಮಾಡಿ plzzzzzz,2
Tik tok beda namge,0
Super agi baidry Anna good talking,0
ಚಿಂದಿ movie ಗುರು,0
Udupi Inda Yarella bandiddiri?,0
@Lalkrishna S  ಹೋಲಿತೀಯಾ,5
Sar bedi duty madali taraget Miss agote.....?,0
Kelta kelta finally idu kick kodtu. excellent,0
Edralli nivu enu overagi mathadilla bro,0
First time kannada movie film video song full bittirodu,0
Yen super song guru..20 times kelde innu kelbeku anstide..BGM super,0
Anjali Devi hi,5
ಇದು ಚರಿತ್ರೆ ಸೃಷ್ಟಿಸೊ ಅವತಾರ. nಇದು ಚರಿತ್ರೆ ಸೃಷ್ಟಿಸೊ ಚಲನಚಿತ್ರ nಹೌದು ಹುಲಿಯ,0
Super duper hit,5
Super Answer s,5
ಮಾದರಿ ಬದುಕು... ಅವಕಾಶ ಕಳೆದೊಳ್ಳುವ ಕೆಲವು ನಟರು ಮಾನಸಿಕ ಸ್ಥಿಮತತೆ ಕಳೆದುಕೊಂಡು ದುರಂತ ಅಂತ್ಯ ಕಾಣ್ತಾರೆ. ಮಾಡೋಕೆ ಸಾವಿರ ಕೆಲಸಗಳಿವೆ. ಯಾವುದು ಸಣ್ಣಕೆಲಸವಲ್ಲ ಇದನ್ನ ಅರ್ಥೈಸಿಕೊಂಡು ಹೆಮ್ಮೆಯ ಬದುಕು ಬದಕ್ತಿರೋ ಈ ಮಹನೀಯರಿಗೆ ಅಭಿನಂದನೆ,0
super guru idhu actually chennagirodhu,0
Niceeeeeee vidio bro,5
Anjali Devi super,5
ಸಾಮಾನ್ಯ ಮನುಷ್ಯ ಶಂಕರ್ ಸರ್  ನಮಗೆ ನೀವು ಮಾದರಿ,0
Super I like it,5
Basavaraja Basavaraja basu,0
Who is here after 300k likes,0
Mast mast song,0
Imraan sir super coriyagraphy,5
Super song sing by vijay prakash,5
Super taxi vali baby,5
Super sweet  song,5
Hindi version release in t series,5
Ashwath ge Ashwathe saati nAntha Mahaan Natarige Nanndondu Doodda Salaam,0
Dia movie is super,5
@Praveen Kumar caste dog spotted bale pan yar nimammana dagar nau thane d boss fans nimammana dagar madiddu husharagi nodkoli thunne asege yar jotenadru odihodaalu 🤣🤪,2
Swabhimani Shankar Ashwath avru elrigu maadari... U r great sir,0
Love u rakshita shetty,5
Edalla Corona havali mugid mele e film na re release madbeku,0
Bollywood ki aukaat is movie ke aage kuch bhi nhi h it,5
Dont appset sir plz,0
E jana thav sathru kuda Tiktok na mathra uninstall madola ansuthe 🤦 kelsa ildhe showoff goskara tiktok madi china davrna belstisdre jothege tham mana maryade na halmadkotidare thu en jananappa ige roast madi bro tiktok madorgella.,4
@ಕಿಚ್ಚನ ಹಾವಳಿ book my show Alli pailwan 16cr kurukshetra 28cr madide nodo amele maatadu yavdu jaasti collection madide anta,3
S sir niv helid not ja,0
ನಮ್ಮ ಕನ್ನಡ ಚಿತ್ರರಂಗದಲ್ಲಿ ಇರುವಷ್ಟು ಹೊಟ್ಟೆಕಿಚ್ಚು ಜನಗಳು ಬೇರೆ ಯಾವ ಭಾಷೆಯಲ್ಲೂ ಸಿಗುವುದಿಲ್ಲ ಎಂಥ ದೊಡ್ಡ ವ್ಯಕ್ತಿ ಮಗ ಇವರು ಅಶ್ವಥ್ ಸಾರ್ ನಮ್ಮ ಕನ್ನಡ ಚಿತ್ರರಂಗದ ಮೇರು ನಟರು ಅವರ ಮಗನಿಗೆ ಇದೆಂಥಾ  ಪಜಿತಿ...ನಮ್ಮ ಕನ್ನಡ ಚಿತ್ರರಂಗದಲ್ಲಿ ಯಾರಿಗೆ ಯಾರೂ ಸಹಾಯ ಮಾಡುವುದಿಲ್ಲ ನೂರಾರು ಕೋಟಿ ಹಣವಿದ್ದರೂ ಅವರು ಸ್ವಾರ್ಥಿ ಗಳಾಗಿರುತ್ತಾರೆ ಇದೇ ಕಾರಣಕ್ಕೆ ರಜನಿಕಾಂತ್ ಅರ್ಜುನ್ ಸರ್ಜಾ ರಂತಹ ಮೇರು ನಟರು ನಮ್ಮ ಭಾಷೆ ಬಿಟ್ಟು  ಪರ ಬಾಷೆಗೆ ಹೋಗಿರುವುದು...,0
Super togari tippa,5
@Sumukh M.R maga urkanbeda bido,2
Next song gu kuda alru andre evaga yar comment  madidera alla alrru like madi share madi nam industry na next level ge togond hogaona.,0
Uppi fans next like raksith setty,5
January yalli nodidavaru like madi,0
Super talking yar,5
Volledagli sir nimge,0
@prithvi nayak haiwan  utteflop,5
ಇವನೇ ಶ್ರೀಮನ್ನಾರಾಯಣ ಕನ್ನಡಿಗ,0
Wow nice movie,5
ಸೂಪರ್ ಹಿಟ್ ಸಾಂಗ್ಸ್,0
Ondu Churu Chennagi illa,0
@Nandi Parthasarathi 108ತಗೋ ಡೆಲವೇರಿ ಆಗೋ ಟೈಮ್ ಬಂದ್ರೆ ಈ no ಗೇ cl ಮಾಡು,2
Shankar Ashwath swabhimäni,0
Tereya abhinayada indide jeevanada pathra,0
@Mahesh 13 Karnataka dalle bere bhashe movie nodor jaasthi aagidare,0
Namma janakke innu idara liric arta agilla.good music extraordinary liric.,0
Bro Hindi song sigthila,0
Chinna voice super jai army,0
Anjali Devi,5
Super bro,5
Bro neev mandya Dhavara,0
Well said bro,5
Most liked Kannada song,0
Why you only tik tok anno akka sumne erma ni,2
@Nanjunda Rao,5
Eid shreshth Avatar,0
Super  rakasith  sir,5
ಚಂದನ್ ಶೆಟ್ಟಿ ಟ್ರೊಲ್ ವಿಡಿಯೋ ನೀವು ನೋಡಿ ನೆಗಡ್ಡೆ ಇದ್ರೆ ನಾವ್ ಗ್ಯಾರಂಟಿ,0
Correct agi helidera super 🤣🤣,0
Tumba satyavada mathu kanri. Sakath bejar aguthe. Nav yargu mosa anyaya madilla.. Adru inu olleyade agtilla bega.. Eladralu struggle agtide,0
Nam Kannada Heroes ge Support maadade Dislike Kodtiralla Enro Neevu....  ALL THE BEST From D BOSS Fans,0
Super guru ....hodi hodi channagi ti....hodi e tiktok kagegalge ...,0
Swag karenge sabka swagath...ek tha tiger  song copied music?,5
E movie li evre nan fav,0
Super song,5
32 M,0
yen guru nam kannada film industry na yellaru seri bere level ge tagondu hogthaa iddare... superb music,0
Thu dabba movie sulemagand,4
ಇದು ಒಳ್ಳೆಯ ಹಾಡು...ಒಳ್ಳೆಯ ಹಾಡುಗಳು ಕೇಳ್ತಾ ಕೇಳ್ತಾ ಇಷ್ಟ ಆಗುತ್ತವೆ...,0
Chiki chiki chiki chikapa nidde madidu saaku swalpa helapa!!!! WOWWWWWWWWWW mastuuuuuuu!!!!,0
Ellla ok kannada kammmi aytu   nimm mathalli,3
ಈ ಹಾಡಿಗೆ ನನ್ನ ಕಡೆಯಿಂದ hands of,0
Prajju love you from d boss fan,5
Nice music sir,0
ravi chandra ಸಂಗ ಸ,5
Kannad song super,0
Why kannadigas not supporting kannada movies. .,1
Bindu gowda lofer avlu,2
Guru ashwattama na jote Avr Appa kuda bandidru nam urge gottilvaa nimge Krishna kuda sikkiddaa,0
Prajju Boss is Back,5
Enu investigation nedithidya  ashwattama idara OMG nomboke agtilla devre ashwattama nija  vaglu idre it is unbelievable God please a doctor ega idre investigation Madi and a yavudho hasiru guhe andharela Ali hogi nodi inu pooje madthidhara and mate avru sikidra yarigadharu please information Kodi and good job nanna devaru Channel,0
ವಾಸ್ತವದ ವಿವರಣೆಗೆ ಧನ್ಯವಾದ,0
Super Song Sir.,5
@sumit patil KGF,5
video nodidare bhaya agutthe,3
MANJUNATH HM bobby,5
@Raj T yes,0
Amazing trailer ಹೊಸ ತರಹದ ಪ್ರಯತ್ನ ಚಿತ್ರ ತಂಡಕ್ಕೆ nಶುಭವಾಗಲಿ 100 ದಿನಗಳು ಪೊರೈಸಲಿ nಅಪ್ಪು ಬಾಸ್ ಅಭಿಮಾನಿಗಳ ಪರವಾಗಿ ಗುಡ್ ಲಕ್ ಆಲ್ ದಿ ಬೆಸ್ಟ್,0
Supar guru chindi,0
Namma tande nu heege sir,0
Yen guru ulty 1 number,0
Jaanu R9 🤣,5
Sir avn height eshtu...... Age eshtu.... Kelbit heli pls,0
Tik tok ban maadi. Ellari India app mitron app use maadi. Adhu same tik tok tharane idhe,0
ಭಾರತದಲ್ಲಿ  ಕಂಪನಿ  ಸುರು ಮಾಡಲು ಬಂದ್ರೆ  ಸಿಟಿ ಬಿಟ್ಟು ಹಳ್ಳಿಯ ಕಡೆಗೆ ಬರೊದೆ ಇಲ್ಲ.nಉತ್ತಮ ಮತ್ತು ವಿಶಾಲ  ಪ್ರದೇಶ ಇರೊದು ಹಳ್ಳಿಯಲ್ಲಿ .ಮೊದಲು ಅದನ್ನ ಸರ್ಕಾರ ಮಾಡಬೇಕು.,0
Super my favorite song,5
@Kiccha Vitthal ಲೋ ನಿಮ್ಮ ಲುಚ್ಛನ್ ದಬಾಕ್ 3.. ದಬಾಕೊತಲ್ಲೊ 🤣🤣🤣🤣🤣 villian,2
Promotions madro illa 3 varsha kasta pattiro du waste sgbardu,0
@Nandi Parthasarathi ninna akkna tullu haritini nodo iga sulemgne,2
Your father is a great actor.but industry nalli ollethankke bele kodalla.olle natarige sambavane kodalla.mohini maukha holuva parabasha Marina hakkondu movie dabba movie Madi,0
BrasthacharA  ellada deshane Ella. bharatha deshadalli  navella ondhe annodu   bhavane modhalu barbeku.  Ondhu jathiyavaru ennondhu jathiyavaru dhosisodhu  adhu kadime  aagbeku. Rajakiyadavaru navella ondhe.yella pakshadavaru ondagi desha katto kelasa aagbeku .aaga navu Hantha Hantha vagee mele barbahudhu,0
Rip Rashmika Mandanna In Advance,0
@Aadharaamos I've heard maadeva,5
Howdu promotion illa ee tara movie ide anta gotte irlilla,0
super vidio,5
Sudeep du olle movies innu idave.nnPhantom,0
God bless u r setty lv,5
ನಾನು ಬೆಂಗಳೂರಿನ ಮುಂಬರುವ ಡಿಜೆ / ನಿರ್ಮಾಪಕ,0
Siri gannadam galge haakbitallapa Thu  yaro ninu lo gelge Kano adhu,0
3.1k ಉರ್ಕೊಂಡು ಸಾಯ್ರಿ,4
A r. Basavarajppa,5
Sir mate Tik tok bandideee stop madsi http,0
Salaam racky bhai,5
Yuvaratnaa coming soon,5
ಹಂಗೆ ಇದನ್ನ part 2 ಮಾಡಿ ಸ್ವಾಮಿ ತುಂಬಾ ಚೆನ್ನಾಗಿದೆ..,0
Make available on Spotify alsi,5
Aata barutta? 27 kke  show madtini,0
One time ge songe artha agolla. . Pakka bt kelbeku ennond sari ansatte. . .,5
ಮಹಾಭಾರತದ ಕಾಲದ ಭಾಷೆ ಯಾವುದಾಗಿತು,0
Super bro,5
Etara obba adbutha nata,0
Mast hadu super,0
sooooo many adds,5
Comment's nali like madidre illi unlike madi (super song ) nI will coming soon back ..⏳ n100 days super it move pakka.,0
love - Diya,5
diya best movie in kannada. what a acting superb <3,5
Rakshit bro nodi no1 tranding thogando bhandihivi Saka bro,0
Is it true,5
Nivu madidu karekt,0
Very amazing song,0
Music  super,5
Hands up e songige,0
@Vinay Kumar MS avn allla guru Tika urkondeddu nenu 🥴🥴,2
@raii rai paaapaa bro🤣,2
Shivu Patil,5
Ashwath avarge takka maga,0
ಗೆಲ್ಲುತ್ತೆ ಡೋಂಟ್ ವೆರಿ,0
ನಿಮ್ಮ ಸ್ವಾವಲಂಬಿ ಬದುಕಿಗೆ ನನ್ನದೊಂದು ಸಲಾಂ ಸರ್,0
Super duper love you,5
@Nandini Gowda Genius,5
ಇದು ಚರಿತ್ರೆ ಸೃಷ್ಟಿಸೋ ಹೊಸ ಅವತಾರ ಸರ್ ನಿಮ್ಮದು,0
Happy new year guru,0
Correct agi helde guru.. adashtu ellakade share madi,0
Tq bro for saport Trollers iam troller nಜೈ ಹಿಂದ್,0
@Yash cult Guru lo guru bere heroes na support maadidre nin gantenaadru hoguttaa? Ellaa actors avre depore,0
Nijvaglu  bro... Nangu same hange ansbidtu.. Avrdu google pay number iddidre nane ond ticket duddu kotbidana ansbidtu... Nam oor theater alli e film halle illa..,0
Bandhu kigiadhe Ganahesruu Hands up,5
Anna adu real story,0
ಕನ್ನಡದಲ್ಲಿ ಹೊಸ ಪ್ರಯತ್ನಕ್ಕೆ ಒಳ್ಳೆದಾಗಲಿ,0
Rakshit anna niii,0
ಬಿಟ್ಟಸ್ಥಳ SA _a,0
Pubg plair gun,5
An untold feelings,5
D.boss kade inda dodda wel come madtivi,0
Yav kaldan mare nin,0
I like u aadhi,5
ನಿಮ್ಮ ಒಳ್ಳೆಯತನಕ್ಕೆ ನನ್ನಂದು ಸಲಾಂ,0
Fans wars bittu Nam Kannada films belibeku annoru like madi..,0
मला भाषा समजली नाही पण गाणे खूप आवडले,5
ನಿಮ್ಮ ಅನುಭವದ ಮಾತುಗಳು ನಮಗೆ  ದಾರಿದೀಪಗಳು,0
ಮೇಜರ್ ಜನರಲ್ ಅಬಿನಂಧನ್  ವರ್ಧಮಾನ್ ಡಿ ಬಾಸ್ ದರ್ಶನ್ ಅಭಿಮಾನಿಗಳಿಂದ ನಿಮ್ಮ ಚಿತ್ರಕ್ಕೆ ಶುಭವಾಗಲಿ...,0
Innu aagilva tiktok ban,0
Creative kannadiga ur super  n tiktok  users ge nive correct,0
ಏನು ಮಾಡೋದು ಸರ್ ದೇಶ ಉದ್ದಾರ ಮಾಡುವಷ್ಟು ದುಡ್ಡನ್ನು ನಕಲಿ ಗಾಂಧಿಗಳು ಲೂಟಿ ಮಾಡಿದ್ದಾರೆ ಅದು ಅಲ್ದೇ ಒಬ್ಬ ವಿದೇಶಿ ಮಹಿಳೆ ಕೈಯಲ್ಲಿ ದೇಶ ಸಿಕ್ಕು ಬರಬಾರದ ಪರಸ್ಥಿತಿಯಲ್ಲಿ ಬಂದುಬಿಟ್ಟಿದೆ ಅವಳ ಬ್ಯಾಂಕ್ ಬ್ಯಾಲೆನ್ಸ್ 3 ಬಿಲಿಯನ್ ಇದೆ ಯಾರಪ್ಪನ ಮನೆ ದುಡ್ಡು ಅದು ಸ್ವಲ್ಪ ಅದರ ಬಗ್ಗೆ ಒಂದು ವಿಡಿಯೋ ಮಾಡಿ ಲೂಟಿಕೋರರ ನಕಲಿ ಗಾಂಧಿಗಳ ಬಗ್ಗೆ,3
ತಂಡಕ್ಕೆ ಶುಭವಾಗಲಿ...nರಕ್ಷಿತ್ ಎಂಬ ಪಿಸ್ತೂಲ್...nಸಚಿನ್ ಎಂಬ ಟ್ರಿಗರ್...nಅಜಿನೀಶ್ ಬುಲೆಟ್ ಸೌಂಡ್...nಅಬ್ಬರಿಸಿ ಬೊಬ್ಬಿರಿದಿದೆ....nnಇದು ಚರಿತ್ರೆ ಸೃಷ್ಟಿಸೋ ಅವತಾರ..nಶುಭವಾಗ್ಲಿ,0
Yes I'm also,5
So called ದೊಡ್ಡ ದೊಡ್ಡ ಸ್ಟಾರ್ ನಟರು ಇಂತಹ ಚಿತ್ರಗಳ ಬಗ್ಗೆನೂ ಸ್ವಲ್ಪ ಗಮನ ಕೊಟ್ರೆ ಕನ್ನಡ ಚಿತ್ರೋದ್ಯಮ ಒಳ್ಳೆಯ ಎತ್ತರಕ್ಕೆ ಬೆಳೆಯುತ್ತೆ,3
Iii prends yaradru edira,0
Prakash Bhagoji x TC chnGood,5
Doddamani Muthu i am also ilakal,5
సూపర్ సాంగ్ !!nకొరియోగ్రఫీ   చాలా బాగా   చేశారు  !!,5
ಚಂದನ್ ಶೆಟ್ಟಿ ಟ್ರೊಲ್ ವಿಡಿಯೋ ನೀವು ನೋಡಿ ನೆಗಡ್ಡೆ ಇದ್ರೆ ನಾವ್ ಗ್ಯಾರಂಟಿ,0
Shetru always different,5
@Yash cult Guru ellaa heroes andru yash na yaakappa bidtiyaa!? Example Santu straight forward,0
Anjali Devi v,5
ತುಂಬಾ ತ್ರಿಲಿಂಗ್ ಇರೋ ಹಾಗೆ ಇದೆ ಬೇಗ ರೇಲಿಜ ಮಾಡಿ,0
Le nimmouna thullagaa naayi tunni saabarige huttida MidArimagane,2
@Kiccha Vitthal ಶಾಟ ಕಿತ್ಕೊಳ್ಳೋಕೂ ಆಗಲ್ಲಾ ಲುಚ್ಚಾ ನ್ ಫ್ಯಾನ್  ನೀವ್ 10 ಜನ ಬಂದ್ರೆ ನಾವು 100 ಜನ ಗೊತ್ತಲಾ d boss power.. nim lucha n kelu helatane mindrike,3
ಸ್ಯಾಂಡಲ್ ವುಡ್ ನ ಹೊಸ ಅವತಾರnಶ್ರೀ ಮನ್ನಾರಾಯಣ ಯಶಸ್ವಿಯಾಗಲಿnಕಿಚ್ಚ ಸುದೀಪ್ ಸೇನಾ ನಾಲತವಾಡnವಿಜಯಪುರ ಜಿಲ್ಲೆ,0
Ban tik tok,5
ಇದು ಹಾಡು ಅಂದ್ರೆ ಥಿಯೇಟರ್ ಲಿ ನೋಡಿದ ಮೇಲಂತೂ ಇನ್ನೂ  ಕಿಕ್ ಕೊಡ್ತು,0
Super  songs,0
Super  creative   guru,0
ನಿಜವಾಗ್ಲೂ ತುಂಬಾ ಒಳ್ಳೆ ಫಿಲ್ಮ್  ತುಂಬಾ ಇಷ್ಟ ಆಯಿತು,0
Guru sakatha helidiya guru,0
Kya lyric hai yar....,5
@Prasad Hegde Elli dull ide,0
Super song Ŕákśhíťh. Bãï,5
ನಿವು ಹೇಳಿರೋ ಮಾತು ನನಗೆ ಜೀವನ ಶೈಲಿಯ ಒಂದು ಪಾಠ ಸರ್,0
Lyrics super guru.,0
Dodda dodda natarella ellodro.. thu... you are really great sir...,0
ಎರಡನೆ ಬಾಗ ಅಪ್ಲೋಡ್ ಮಾಡಿ,0
Nkana nava gothala issur hudugaru,0
Kadu odiyuva majane bere inserted people get a answer,3
yestu bejar Ali edhe nange nagu tadiyoke agtha Ella vidoe nodi,0
ರಕ್ಷಿತ್  ಶೆಟ್ಟಿ  ಸೈಲೆಂಟ್  ಕಿಲ್ಲರ್,0
Awesome song ..guru ವಿಜಯ್ sir ವಾಯ್ಸ್ superb,0
Song was awesome I hope Movie Too,5
E film nodi yaraige Shankaranag Avaru Nenapu Agidre Like madi....... nNanganthu Rakshith Ne Namma Next Shakarnag Ansittu,0
ನಗು ಬರಲ್ಲ ಅಂತ ಹೇಳಿ ನಗುಸ್ತಿರಲ್ಲ ಬ್ರೊ,0
Nannna gelbodu endu nintanu orva   raakshasa.                         Tappalla aadare aduve oohegu meerida saahasa,0
@Nandi Parthasarathi ನಂದಿನಿ ನಂದಿನಿ ನಿನ್ ಕೊಜ್ಜೆ,2
ಹೌದು ಹುಲಿಯ,0
@Bhimrao Naik nIde beda anta helodu,0
So good boss,5
Dubai le fcbk le movie nodiedi  eyes le ner bantu nam jana ke yav cinema nodbeyaku anta gotilla kgf movie barueti odi badi hogi noderi,1
Super guru,0
Suspen movie prajaval,5
@Vinay Kumar MS nenu Kano tukali avn alla,2
ಅದ್ಭುತವಾದ ಹಾಡುnಹಿನ್ನಲೆ ಸಂಗೀತ ಇನ್ನೂ ಅದ್ಭುತ..,0
Super song Kannada,0
Nam kannada songs yavglu super hit,0
Guru nun super super super,0
Please upload vol 2,5
ಮೊದಲು ನೋಡಿದಾಗ ಓಕೆ ಓಕೆ ಅನ್ನಿಸ್ತು.....nನಿಧಾನವಾಗಿ ಮನಸಿನೊಳಗೆ ಆವರಿಸುತ್ತಾ ಹೋಗುತ್ತೆ nnನಿಜ ತಾನೆ?,0
ರಾತ್ರಿ ಫುಲ್ ನ್ಯೂಸ್ ಗಾಗಿ ಕಾಯುವ ಉಡುಪಿ,0
Nimm Attendance kodri Kelge nn,0
ಚಂದನ್ ಶೆಟ್ಟಿ ಟ್ರೊಲ್ ವಿಡಿಯೋ ನೀವು ನೋಡಿ ನೆಗಡ್ಡೆ ಇದ್ರೆ ನಾವ್ ಗ್ಯಾರಂಟಿ,0
Di(A)di nHuge fan from nTamilnadu,5
What a BGM yar......,5
ಶೆಟ್ರೇ ಸಿಗ್ನೇಚರ್ ಸ್ಟೆಪ್ .....ಮ್ಯಾಜಿಕಲ್ ಕಂಪೋಸ್ ಮತ್ತೊಮ್ಮೆ ...ಅಜನೀಶ್ ಲೋಕನಾಥ್............ ಮಾಸ್ ಎಲಿಮೆಂಟಿನಾ ಈ ಹಾಡು ಬಹಳ ತುಂಬಾ ದಿನದ ಮೇಲೇ ಮತ್ತೆ ಮತ್ತೆ ಹಾಕಿ ಕೇಳಿದೆ........... ಹಾಡಿನಲ್ಲಿರುವ ಸಾಹಿತ್ಯದಂತೆ ಅವನೆ ಶ್ರೀಮನ್ನಾರಯಣ ಚರಿತ್ರೆ ಸೃಷ್ಟಿಸುವ ಅವತಾರವಾಗಲಿ,0
Good one in kannada.. feel great,0
@TROLL MONSTER_KANNADA ಲೋ ಗಾಂಡುಗೆ ಹುಟ್ಟಿದ ರಂಡಿ ಮಗನೇ,2
Super bro 🤣🤣🤣🤣,5
Kannadada hemmeya asn filme annoru like madi,0
He need break..,5
#1 trending in India,5
Nkn yan trailer guru maiye jumm anthu wow amazing,0
Ur brilliant.... neevu helida haage fb twitter alli comments hakta kuthkobek aaguthe,0
ಮೋದಿ ಇನ್ನು ಹತ್ತು ವರ್ಷ ಪ್ರಧಾನಿಯಾದರೆ ಖಂಡಿತ  ಚೀನಾಗಿಂತ  ಮೊದಲು ನಮ್ಮ ಭಾರತ ಇರುತ್ತೆ ಸರ್,0
Kelsa made dudedu duddu tandu kode,1
Very true bro,5
ಅಚ್ಚ ಕನ್ನಡ ಹಾಡಿಗೆ HANDSUP ಎಂಬ ದೃಷ್ಟಿ ಚುಕ್ಕೆ.,0
Aa bindu gowda nad innitar support madovrge hilieghtag troll madi bro life nal tiktok bagge matadbardu,2
3 days ಇಂದ ನಂ 1 ಟ್ರೆಂಡಿಂಗ್ ಲ್ಲಿ ಇದೆ.ಅದು ಹೇಗೆ ಬರಿ 1.5 m views ತೊರಸ್ತಿದೆ.,0
ಒಬ್ರು ಹೋಗಿ ಫಿಲ್ಮ್ ನೋಡಲ್ಲ,0
ಕನ್ನಡ ಸಿನಿಮಾ ಬೆಳೆಸಲು ಕರಾವಳಿಯವರಾದ ಶಂಕ್ರಣ್ಣ,0
Enu helede guru baidaru kuda paragilla good thingking,0
Tik Tok Sadegalu,4
Wow wow wow wow wow..Lovely guru,0
like bollywood music,5
Anyone after trending 🤚,5
bere language comment madbedro huligala,3
Entha song na dislike madtiralla loafer nan makkala thu nim janumakke,3
ಬಹಳ ಕ್ಯೂರಿಯಾಸಿಟಿ ಇರೋ ಹಾಗಿದೆ ಚಿತ್ರವನ್ನು ನೋಡಲು ಕಾತರದಿಂದ ಕಾಯುತ್ತಿದ್ದೆನೇ,0
U r great sir. ಶ್ರಮ ಜೀವಿ,0
Slow poison song annoru like maadi,0
@Nandi Parthasarathi ಬಂದ್ರೆ ತಿಕಾ ದೆಂಗ್ತಿನಿ ಎಷ್ಟೇ ನಿನ್ ರೇಟು ಹಡ್ಬಿ ಸೂಳೆ.... ಆ ಲುಚ್ಛನ್ ಫ್ಯಾನ್ ಅಂತೇ... ಅವುಂದು ತುಣ್ಣಿ ಉಣ್ಣು ಹೋಗಿ ಲೋಫರ್ ಸೂಳೆ,2
Super bro... Well said....,5
24 ಮಿಲಿಯನ್ಸ್ ಆದ್ಮೇಲೆ ನೋಡ್ತಾ ಇರೋರು ಲೈಕ್ ಮಾಡಿ,0
ಸಂದರವಾದ ಕಲ್ಪನೆಯ ಕಥೆ 'ತೊಗರಿ ತಿಪ್ಪ',0
ಚಂದನ್ ಶೆಟ್ಟಿ ಟ್ರೊಲ್ ವಿಡಿಯೋ ನೀವು ನೋಡಿ ನೆಗಡ್ಡೆ ಇದ್ರೆ ನಾವ್ ಗ್ಯಾರಂಟಿ,0
@Troll Stupid Fans hudgiru comment madodunne nodok bartiya bevarsi  madak kyaame ilvenoo lofer,2
Super Anna full gicha gili gili,0
ಚಂದನ್ ಶೆಟ್ಟಿ ಟ್ರೊಲ್ ವಿಡಿಯೋ ನೀವು ನೋಡಿ ನೆಗಡ್ಡೆ ಇದ್ರೆ ನಾವ್ ಗ್ಯಾರಂಟಿ,1
ತೊಗರಿ ತಿಪ್ಪಾ ಹಾಸ್ಯ ಚಟಾಕಿ ಮಸ್ತ ಐತಿ ರಿ,0
Unlike ಮಾಡಿದವರು ರಶ್ಮಿಕಾ ಅಭಿಮಾನಿಗಳು....,3
E movie pakka charitre shrustisuttade,0
Anjali Devi  mk,2
super duper old audio drama,1
ಇಡೀ ಸಿನಿಮಾ ಎಲ್ಲಿಯೂ ಕೂಡ ಬೇಸರ ಪಡಿಸದೆ ಉತ್ತಮವಾಗಿ‌ ಪ್ರೇಕ್ಷಕರ ಮನಸ್ಸನ್ನ  ಸೆಳೆಯುವಂತೆ ಮೂಡಿ ಬಂದಿದೆ ಗುಡ್ ಲಕ್ ಬ್ರದರ್,0
Hands up! Naaney sriman Narayanan! Just felt like saying I am Bond,0
ರಾಕಿಂಗ್ ಸ್ಟಾರ್ ಯಶ್ ಅಭಿಮಾನಿಗಳ ಕಡೆ ಇಂದ...... Best wishes🤗,0
ಸಾರ್nಸಾವಿರ ರಾಜಕೀಯ ಪಕ್ಷ ಕಾಂಗ್ರೆಸ್ ಬಿಟ್ರೆ ಬೇರೆ ರಾಜಕೀಯ ಪಕ್ಷದ ಅಜೆಂಡಾ ಏನು?nಅಧಿಕಾರಕ್ಕೆ ಬಂದ ಮೇಲೆ ಸಾಧನೆ ಏನು?nಆದ್ರೂ ಅಜೆಂಡ್ ಇಲ್ಲದ ಪಕ್ಷ  ಗಳ ನ್ನೂn1947 ರಿಂದ ಬೆಂಬಲಿಸಿ ದ್ದಿವಿ!nಕಳೇದ 4,0
@kinu0505 report him,5
ಸುಪರ್ ಅವನೆ ಶ್ರೀಮನ ನಾರಾಯಣ,0
ಟ್ರೈಲರ್ ತುಣುಕೇನೋ ಸಕ್ಕತ್ತಾಗಿದೆ       ಒಳ್ಳೇದಾಗ್ಲಿ ಚಿತ್ರ ತಂಡಕ್ಕೆ,0
Much love,5
God bless you sir.,5
Super song in kannada,5
ತುಂಬಾ ವರ್ಷದ ಹಿಂದೆ ಕೇಳಿದ್ದೆ.ಈಗ ಸಿಕ್ಕಿದ್ದು ಸಕತ್ ಖುಷಿ ಆಗಿದೆ,0
Yar guru neenu awesome,0
Umesh n j,5
Correct aag helidri bro .. aa lfr ge tiktok ilde idre uta nidde baralla ansatte,0
Hands Up.... Addictive... Matte matte hadanna kelbeku ansatte,0
ರಣಧೀರ ಮತ್ತು ಶಂಕರನನ್ನ  ನನೆನಪು ರಕ್ಷಿತ್ ಶೆಟ್ಟಿಯಲಿ ಅವನೇ ಅವನೇ ಯಾರವನ್ ಶ್ರೀಮನ್ ನಾರಾಯಣ,0
Syta     thumb eddini  k naaaaaa.,0
Super video broo,5
ಚಂದನ್ ಶೆಟ್ಟಿ ಟ್ರೊಲ್ ವಿಡಿಯೋ ನೀವು ನೋಡಿ ನೆಗಡ್ಡೆ ಇದ್ರೆ ನಾವ್ ಗ್ಯಾರಂಟಿ,0
Nim movie scene Evaga viral aagidhe anna,0
4 times per day,0
Nijana edhu,0
Guru ninu super,0
Spr bro...,5
Super Chindiii sir sakkatagi ede,0
Jai d boss,0
FOCUS KARNATAKA howdhu 🤪,0
Super voice ..ck,5
Ittheechige nodida movie DIA and love mocktail... 2 movie janake olle movie correctaagi thalupisbeku illandre heege nelakacchutthe.....  promotion maadoke social media use maadkondu janaranna thalupabeku...  innaadru industry avru yecchetthbeku,3
Super Bro,0
Eppa all fake,1
ಪೃಥ್ವಿ ಅವ್ರು ಕಾಸರಗೋಡಿನವರು ಅಂತ ಕೇಳಿ ತುಂಬಾ ಖುಷಿಯಾಯ್ತು,0
Kannada.....🤦matte remake film.,1
Chindi...... madira rost,0
Kelsa yavdadrenu maadu guru,0
Esta adre mele like button ede kodtare bidapa,0
awsme songs sir,5
Those 1.3k dislikes are seems to be fan of rashmika,3
ನಿಮ್ಮ ಅವ್ವ ಸೂಳೆ,2
Signature move,0
sanjukuamar chatnale ಲಷಣ,0
My favorite song,5
Awsm song n🤩,5
Super super super Sar job,5
ಅವನೇ ಶ್ರಿಮನಾರಾಯಣ ಸಿನಿಮಾಗೆ ಭಾರತದೆಲ್ಲೆಡೆ ಗೆಲುವು ಸಿಗಲಿ  ಕನ್ನಡ ಸಿನಿಮಾ ಇನ್ನು ಬೆಳೆಯಲಿ. ಜೈ ಬಿಗ್ ಬಾಸ್,0
Nivu thumba super,0
Bro super vedio,5
ಟಿಕ್ ಟಾಕ್ ಬ್ಯನ್ ಆಗ್ಲೇ ಬೇಕು,0
Intha olle video nu dislike madiroru yentha kachada nanmaklirbeku🤦🤦🤦🤦,3
Full news jaldi bidri,0
Swalpa aerial tara ide.,0
Kachada no 1 film...thu nim mukakke...taste ye illla...badkobeku.,3
Gangadhar Adi nuchnnamallaya,1
Movie nija chanagila guru,3
@Arun Jaanu  chikk magunu kelu boss andre yaaru anta,2
Super song buddy,0
Hands up ‍‍‍,5
Super bro i am so happy,5
Ganesh Bhat -ಅಯ್ಯೊ ಮರಾಯ ನನ್ನಗೆ ನಿನ್ನ ಮನೆ ಮಜ್ಜಿಗೆ ಯಾಕಪ್ಪಾ. ಯಾರಾದರೂ ದಾರಿಹೊಕರಿಗೆ ನಿಡಪ್ಪಾ,2
Seem like sure shot hit,5
Me ha video live bhaghetla ahe Aj Radu nako nantar,5
Guru namaskara ennu chennagi tale dhengu.sonu Gowda bin*** Gowda evarge ennu tale li brain Ella anusutte,3
Olledaytu bidi mem,0
Bro na tiktok use madath idila but ivga tiktok installed madi  single star rating kotu uninstall madini,0
ಇಲ್ಲಿ ನಡೆದಿರೋ ಚರ್ಚೆ ನೋಡಿದ್ರೇ ಗೊತ್ತಾಗುತ್ತೆ ನಮ್ ದೇಶ ಯಾಕ್ ಹಿಂಗಿದೆ,3
ನಾನು ಕನ್ನಡದ ಗುಲಾಮ.. ನನಗೆ ಈ ಪದ ಯಾಕೆ ಅಷ್ಟು ಇಷ್ಟ ಆಯ್ತು ಅಂದ್ರೆ ಸಾಹಿತ್ಯ ಅಚ್ಚ ಕನ್ನಡದಲ್ಲಿ ಮೂಡಿ ಬಂದಿದೆ,0
Idu charitre srustiso avathaara,0
Super human you are sir,5
IAM VIJAY DEVARAKONDA HATER,5
ಈ ದರಿದ್ರ ಬಡ್ಡ್ಯತವ tiktok ನೋಡಿಯೆ ನಮ್ಮ ಮೋದಿಯವರು ಬ್ಯಾನ್ ಮಾಡಿದ್ದು ಗುರು,4
Wow nice song,5
ಡಿ ಬಾಸ್ ದಶ೯ನ್ ಸರ್ ಅಭಿಮಾನಿಗಳ ಕಡೆಯಿಂದ ಆಲ್ ದಿ ಬೆಸ್ಟ್,0
Dinkchaak haadugalanna keli besottogiro kannada janatege adhbhuta rasadoutana koduva different haadu....... Ravichandran avra aa haadugala habba nenapayitu..... Blockbuster ASN,0
Rakshit yake ista gotha friend's na jote yalli yavagllu ittikondiru thare,0
Song ge unlike kotiroo sulimakala,3
ಸರ್ ಅಶ್ವತ್ಥಾಮ ಆ ವೈದ್ಯರ ಮನೆಗೆ ಬರುತ್ತಿದ್ದ ಅಂತ ಹೇಳುದ್ರಿ ಅವನಿಗೆ ಹೇಗೆ  ಗೊತ್ತು ಅವರು ವೈದ್ಯರು ಅಂತ ಮತ್ತೆ ಮುಖ್ಯವಾಗಿ ಮಹಾಭಾರತ ಕಾಲದಲ್ಲಿ ಹಿಂದಿ,1
Devaru annonu idaane Andre avru shaapa kottidddu nijaane aagidre avru idde iruttaare elllooo ondu jaagadallli manushyara kannige kaanollla aste jaiii Sri Krishna,0
Amazon prime music ali ide.,0
ಎನ್ ಗುರು ಇದು ನಿದಾನವಾಗಿ ನೆಚ್ಚಿನ ಗೀತೆಯಾಗಿ ಮಾಡಿತು ..,0
My favorite song in 2019 is Taaja samachara   ಸಾಹಿತ್ಯ ಪ್ರಿಯರೇ ಒಮ್ಮೆ ಈ ಹಾಡು ಕೇಳಿದ್ರೆ ಕೇಳ್ತಾನೆ ಇರ್ಬೇಕು ಅನ್ಸುತ್ತೆ....  Everybody watch this,0
Sir ond mathelthini  ond sarkara minimom 20 Varsha irbeku avaga desha abiruddiagokke ankula aguthe brastachara nilbeku,0
ఉత్తర్ ప్రదేశ్ నుంచి అం,5
@Dayananda C sir ivaga hagalla belige call maditini heli. Prashne keltini. Political bittu . Abhirudhi bagge keltini heli.,0
#ಇದು ಚರಿತ್ರೆ ಸ್ರೃಷ್ಟಿಸುವ ಅವತಾರ nBaground music 🤺🤘,0
@Troll Stupid Fans ley gaandu soole magane modlu ninnathra adu idiya antha nodkolo hodiyoke bandu hodsokondanthu hogthiya,2
Yen song guru...benki #ASN,0
Barbeaku hogbeku aste  nav ತು೦ಬಾ ಹೀರೋ s ನೋಡಿ sakhgidhe ok good luck,0
ಮನೆಯಿಂದಲೇ ಸಂಪಾದಿಸಬೇಕೇ? With income proof. WhatsApp 6362806874,1
Super  song,5
Nin yavag nodidde baggi avn potential. Muchole,2
Ultimate bgm fantastic song,5
chindu guru ninu,0
i love adi acting super,5
Yen  comedy guru  gulaab jamunu,0
Rakshit Shetty fans like here,5
#handsup ಇದು ಚರಿತ್ರೆ ಸೃಷಿಸೂ ಅವತಾರ,0
96 film tamil alli blockbuster... gultoo,0
@Asha Asha wc,5
Bro super nive,5
Bro I like ur speech,5
ಈಗ ಎಲ್ಲಾ ಮಕ್ಕಳಿಗೂ ಎಗ್ಜಾಮ್ ಟೆನ್ಶನ್ ಎಸ್ಎಸ್ಎಲ್ಸಿ ಪಿಯುಸಿ ಮುನ್ನಾದಿನ ಅವರ ಮನೆಗಳನ್ನು ಸ್ವಚ್ಛ ಮಾಡಿಕೊಳ್ಳುವುದು ಬಹಳ ಇದೆ,0
Tappenu illa guru nijvaglu super..  Tik tok support madovrige kelge mele guta odibeku guru..,3
Kannada cinema nimma antha budhijeevi na ullaskollalike agilla antha tumbaa bejaar aagute.,0
Kaytidde bro Yarana  lyrics aktara anta 🥰🥰tq,0
Spr song bro,5
Anjali Devi hi,5
Supeeeeeeeeeeeeeeeer  .................. nam ajjii held nenap,0
Fan aagode bayya NiNgE..,0
I like dis song i not like k .g .f,3
Gta 5 bro,5
Nim video yella entertainment ede keep rocking,0
En helde guru..... Super agi helde....... #RIP Tiktok,0
Super movie guru,0
Nice janapada shyale,0
Concentrate on hindi promotion.. sir,5
Super song bro tik tok virus ban full happy,5
ಇದು ಪಾನ್ ಇಂಡಿಯಾ ಮೂವಿ ಮಾಡೋ ಅವಶ್ಯಕತೆ ಇತ್ತ ಲೋ ಬಡ್ಜೆಟ್ ಡಬ್ಬ ಮೂವಿ ಸಾಂಗ್ಸ್ ಶಾಟ ತರ ಇದೆ ಆದ್ರುನು ಚೈಲ್ಡ್ ರಕ್ಷಿತ್ ಫ್ಯಾನ್ಸ್ ಬಿಲ್ಡಪ್ ಕೊಡ್ತವ್ರೆ,3
Bosdike nimmappa sattaga ninu mosale kanniruhaktiyo..I'll a shocky madtiyo no do na madarchod.,2
Matte comment yaru kettadagi maadbardantha commenters gu warning kottri idella thappe.public comment antha irodu adu public opinion nivu yaru nam bagge maathadodakke.,1
Movie sakathage edi.. nodi...,0
ಈ ಮಹಾನ್ ವ್ಯಕ್ತಿಗೆ ಹೆಚ್ಚು ಹೆಚ್ಚು ಸಿನಿಮಾಗಳಲ್ಲಿ ಅವಕಾಶ ಕೊಡಿ,0
Ji d boss I love you d boss,0
And Narayan swamy yaru yava uru,0
@Prasad Raj tulunad and kannada bashe meli abhimana super guru,0
Bevarsigalige artha aagirbeku bro chenag ugdhideera,1
Hands UP​... ಇದು ಚರಿತ್ರೆ ಸೃಷ್ಟಿಸೋ ಅವತಾರ... #ASN waiting for you,0
Number 1 movie,0
ನೈಸ್ ಸಾಂಗ್ D ಬಾಸ್,0
Sakath guru....  Avan amman innu rost madri broooo nAvarella nam INDIA  dalle erbardu hag rost madri..  Guru,3
ಈಗ ಮಾತನಾಡಿ ಬೇರೆ ಭಾಷೆ ಅವರು,0
ಫಿದಾ ಆಗೆವಿ ಅಕ್ಕಾ ... ... gorgeous movie,0
Pubgi kooda ban agbikittu,0
ಇದು ಚರಿತ್ರೆ ಸೃಷ್ಟಿಸೊ ಸಿನಿಮಾn1st day 1st show  booked,0
Simple star aata kalthkonde akadake bandirodu really doddlekka,0
Kannada cinema belisi,0
Full fidaaaaaaaa.....!!!,0
@Nandi Parthasarathi ನಂದಿನಿ ನಂದಿನಿ ನಿಮ್ಮ ಅವ್ವ ಬಸುರಿ,2
Powerful music irbekittu annoru like madi,1
Please sir Tik tak bide,0
I love Diya movie,5
Super Film Dia,5
ಚಂದನ್ ಶೆಟ್ಟಿ ಟ್ರೊಲ್ ವಿಡಿಯೋ ನೀವು ನೋಡಿ ನೆಗಡ್ಡೆ ಇದ್ರೆ ನಾವ್ ಗ್ಯಾರಂಟಿ,0
Loo baccha koura holle avaru,2
Bro iverella made in china,0
@Kirankumarkk Gowda muchtiya solpa?,2
Super song dance,5
ನಿಜವಾದ ಸ್ಟಾರ್ ಅಂದ್ರೆ ನೀವು,0
0% ಜಾತ್ರೆ..n100% talent.....,0
Kannadad nijvad hero,0
I feel sandalwood have not lost shankarnag after seeing RS2,0
Illa guru.. Ashwatama na.. Bhaashe ivrige. Barutte ansutte....,0
Super trailer,5
Delete tiktok your details are also hacking Chinese,4
ತಾಯಿ ಚಾಮುಂಡೇಶ್ವರಿ ಕೃಪೆ ನಿಮ್ಮ ಮೇಲೆ ಇದೆ ಸರ್,0
@RAJ NRJ l,5
@Manju Sl nಹೌದು ಸರ್,0
ಸೂಪರ್ ವಿಡಿಯೋ ಗುರು ಇದೆ ರೀತಿ ವಿಡಿಯೋ ಮಾಡಿ ಚೀನಾ ಉರೋಕೊಬೇಕು,0
Very good movie,0
@TROLL MONSTER_KANNADA nNimm Todeya release gu modale damaar,3
ಒಳ್ಳೆ ಸಂದೇಶ ಸರ್ tq,0
Yes bro correct,5
Plz sir u r great,5
Anna super agi edit madidiya,0
@Prasad Hegde  ಆಂಧ್ರವಲ ಗಳು eddare .  ಅಂದ್ರ ನಾಯಿಗಳು ತೆಲುಗು.ಕನ್ನಡ ಪ್ರೇಮಿಗಳು ಕನ್ನಡ ಸಿನಿಮಾ ನೋಡಿತರೆ.  ದರ್ಶನ್. ಸುದೀಪ್. ಪುನೀತ್. ಯಶ್. ರಕ್ಷಿತ್ ಶೆಟ್ಟಿ .ದ್ರುವ ಸರ್ಜಾ. ಶಿವಣ್ಣ. Heavy fan fellowing. ಇದೆ.  But ಇನ್ನೊಂದು ತೆಲುಗು ಸಿನಿಮಾ ನೋಡೋದು ಚಿಕ್ಕಬಳ್ಳಾಪುರ   ಜಾಸ್ತಿ .,2
It is toooo best sir... nIdann nodi  adru arta madkobeku rajkaranigalu...,0
Super sang guru,0
Banni hagadre matadaskond barona,0
ಇದು ಚರಿತ್ರೆ ಸೃಷ್ಟಿಸೋ ಅವತಾರ,0
ತೊಗರಿತಿಪ್ಪನ  ದ್ರಟ್ಸಾಂತ  ಕೆಳಿದರೆ   ಸಂತೊಷವೆ  ಸಂತೊಷ,0
@Nandi Parthasarathi ನೀನೇನು ಬರೋದು ತುಲ್ಲೇ ನಾನೆ ಬರ್ತೀನಿ ಬೋಳಿಮಗನೇ crct ಅಡ್ರೆಸ್ ಹೇಳೋ ಬೇಕೂಪ,2
Supper pa ........ Continue the work. ...  Tiktok videos nodi nodi thale kettogithu.............jai modi jai jai modi......,0
Song Yarige Ista Agede Lika Me,0
Dr. Shambhu Baligaaravarige Thumba Dhanyavadagalu,0
Jai D Boss,5
Super Bhai   nice comments  nSuper voice Anna nedu,0
Remake mado herogaliginthanE thara swamake madoru bekunNam industry genRemake yella wastenSwamke is best,3
ಡಿ ಬಾಸ್ ಫ್ಯಾನ್ಸ್ ಕಡೆಯಿಂದ ಆಲ್ ದ ಬೆಸ್ಟ್ ಮೂವಿ,0
Awesome  estu sari kellidru innod sari kellonna anstide. Addictive music nStory looks like Rango.,2
Sir nimm number Kodi  2 minit matadabeku,0
Kannada namma modala aadyathe aagirbeku,0
ಚಂದನ್ ಶೆಟ್ಟಿ ಟ್ರೊಲ್ ವಿಡಿಯೋ ನೀವು ನೋಡಿ ನೆಗಡ್ಡೆ ಇದ್ರೆ ನಾವ್ ಗ್ಯಾರಂಟಿ,0
Ultimate Guru tik tok ಅವರ ಭವಿಷ್ಯ ನೇ ಹೇಳ್ಬಿಟ್ಟೆ,0
Plz send account details,5
ASN,0
Ending nalli looti heg sikthu avnge.. movie nalli thorsode illa ..,0
Yalla sule makkalu jasti thu,4
Sari guru nan Rc nodod irli ninu illi bandiro cmnts nodu ninge gotthagutthe,2
Nagarjuna avaru lyrics bardirodhu!!,0
@Manju Iliger ..ķ   n2<90nLķìïhas qqàrt78.   'Ml07þ52,5
Nama D Boss Nimaage kanditha Sahaya madthare sir,0
Super guru ninu love you,0
ಚರಿತ್ರೆ ಸೃಷ್ಠಿಸೋ ಅವತಾರದ ಈ ಸಾಂಗ್ & ಸಿನಿಮಾಗೆ...ಕಿಚ್ಚ ಫ್ಯಾನ್ಸ್ ಕಡೆಯಿಂದ ಆಲ್ ದ ಬೆಸ್ಟ್...,0
Love from Kerala anteeri adre olle movie ge support madalla.,0
Tag it to bindu lowda.... Avalammana thikana kheya,2
100 times e song keldhe super,0
ಕಥೆ ಸರಿಯಾಗಿ ತಿಳಿದುಕೊಳ್ಳಿ..... please don't worng guide..... ಅಶ್ವತ್ತಾಮ ಶಿವನ ಅವತಾರ.... ಇಂದ್ರನಲ್ಲಿ ಸುಳ್ಳು ಹೇಳಿದಕ್ಕಾಗಿ ಭೂಮಿಯಲ್ಲಿ ದೀರ್ಘ ಕಾಲಿ ಯಾಗಿ ಅವತಾರಿಡಿದರು ಅಷ್ಟೇ...... ಕೃಷ್ಣ ಅವರಿಗೆ ಶಪಿಸಲಿಲ್ಲ,3
Dboss fans erbeku,3
Shetre shoku aathnd..,5
Modi modi nYes papanBanning tik tok nNo papan58 apps nHahaaaaaaa🤣,5
ಸೂಪರ್   ತೋಗರಿ teppa,5
ನಮ್ಮ ದೇಶದಲ್ಲಿ ಸ್ವಲ್ಪ ಜನ ದೇಶದ ಬಗ್ಗೆ ಯೋಚನೆ ಮಾಡೋದು ಬಿಟ್ಟ  . ಬಕೆಟ್ ಹಿಡಿಯೋ ಕೆಲಸ ಚನ್ನಾಗಿ ಮಾಡ್ತಾರೆ ಅಣ್ಣಾ ಅದಕ್ಕೆ ಹೀಗೆಲ್ಲ ಮಾಡ್ತಾರೆ ಅವರು....nDeshakkagi jeeva kotta aa yodhariginta e talent ankond yellargu irritate maado jana ne hechhu anna.... nIndia bagge swalp aadru kalaji idre a application uninstall madri guru .nDeshad bagge bhakti illa andre illi irok nalayakka avaru .....,1
ದಿಯಾ ಕನ್ನಡದ ಅದ್ಭುತ ಸಿನಿಮಾಗಳಲ್ಲಿ ಒಂದು. nಕನ್ನಡದಲ್ಲಿ ಕಥೆ ಇಲ್ಲ ಏನ್ನುವವರಿಗೆ ದಿಯಾ ತಕ್ಕ ಉತ್ತರ ಕೊಟಿದ್ದೆ. ಇಂತಹ ಸಿನಿಮಾ ಸೋತರೆ ಕನ್ನಡಿಗರೇ ಸೋತ ಹಾಗೆ ಹಾಗಾಗಿ ಕನ್ನಡ ಸಿನಿ ಪ್ರೇಕ್ಷಕರು ದಿಯಾಳನ್ನು ಚಿತ್ರಮಂದಿರದಲೆ ನೀಡಬೇಕಾಗಿ ವಿನಂತಿ. nದಿಯಾಳ ಮನೋಜ್ಞ ಅಭಿನಯnಆದಿಯ ಲವಲವಿಕೆಯ ನಟನೆnರೋಹಿತ್ ಮುಗ್ಧ ನಟನೆ nಸಂಗೀತ ನಿರ್ದೇಶಕರ ಹಿನ್ನೆಲೆ ಸಂಗೀತ ಎಲ್ಲವೂ ಅದ್ಭುತ. (ಆದಿಗು ದಿಯಾಗು ಒಂದು ಮೇಲೋಡಿ ಡುಯೇಟ್,0
Super lyrics guru,0
Howdu huliya,0
@Vinay Vn ತೆಲುಗು ಜೆಂಟಲ್ ಮ್ಯಾನ್ ಟ್ರೇಲರ್ ನೋಡ್ದೆ.ಆದ್ರೆ ಅದಕ್ಕೂ ಇದಕ್ಕೂ ಯಾವ್ದೇ ಸಿಮಿಲಾರಿಟೀಸ್ ಇಲ್ವಲ್ಲಾ 🤔🤔,0
Continue 8 sali kelide song bejare aglilla chindi song and music,0
ಕನ್ನಡ ನಾಡಿನ ಜನತೆಗೆ ನಿಮ್ಮಕದರ್,0
@Troll Stupid Fans buildup raaja neen est janunna nodidya choolnanmagne,2
Avanae srimannarayana...- Eddhu Charitra shrushtisuva avatara.... 🤗,0
Sir chinag Takkar kodo innond deshaneilva    prapanchdalli,0
Awesome song,5
🤣🤣 sakath guru,0
ಏನು ಗುರು ನೀನು .... ಹಾಲಿವುಡ್ ಫಿಲ್ಮ್ ಥರ ಮಾಡಿರ .... ನಿಮ್ಗೆ ಒಂದ್ ಸಲಾಂ,0
ನನ್ನ ಗೆಲ್ಬೋದು ಅನ್ನುತ  ನಿಂತನು ಓರ್ವ ರಾಕ್ಷಸ,0
Bro well said superb,0
Super Sir,5
ಬದುಕಿಗೆ ನೂರು ದಾರಿ..ಆ ಕಾಲದ ತೊಗರತಿಪ್ಪನಿ  ಬುದ್ಧಿಮತ್ತೆಗೆ ನೂರು ಸಲಾಂ.. ಹಿರೇಮಠ ಹೋತಪೇಟ,0
ನಮಗೆಲ್ಲ ನಮ್ಮ LEGENDSನ ಕೆಲವರಲ್ಲಿ ಕಾಣುತ್ತೇವೆ               1.ವಿಷ್ಣುವರ್ಧನ್-ಕಿಚ್ಚ ಸುದೀಪ್      2.ಡಾ,0
I m waiting,5
Super great words sir,5
I forgot prems even is a best song maker,5
ಪ್ರಜ್ವಲ್ ಸರ್ ನಟಿಸಿರುವ ಜಂಟಲ್ ಮ್ಯಾನ್ ಚಿತ್ರದ ಟ್ರೈಲರ್ ತುಂಬಾ ಚೆನ್ನಾಗಿದೆ ಆಲ್ ದ ಬೆಸ್ಟ್ ಜೆಂಟಲ್ ಮ್ಯಾನ್ ಚಿತ್ರ ತಂಡದವರಿಗೆnಇಷ್ಟ ಇದ್ರೆ ನಮ್ಮ ದೌಲತ್ ಕಿರುಚಿತ್ರದ ಫಸ್ಟ್ ಲುಕ್ ನೋಡಿ ಕೆಳಗೆ ಲಿಂಕ್ ಕೊಟ್ಟಿದ್ದೇವೆn,0
Hands up        $$,5
@Kiccha Vitthal ಹೋಗಿ ಸುದೀಪ್ ಹಳೆ interview ನೋಡು ಯಾರಿಗೆ ಫ್ಯಾನ್ following ಜಾಸ್ತಿ ಇದಾನೆ ಅಂತಾ ಅವ್ನೆ ಹೇಳಿದನೇ ಷಂಡ... ಬಳೆಗಾರ,2
ಚಂದನ್ ಶೆಟ್ಟಿ ಟ್ರೊಲ್ ವಿಡಿಯೋ ನೀವು ನೋಡಿ ನೆಗಡ್ಡೆ ಇದ್ರೆ ನಾವ್ ಗ್ಯಾರಂಟಿ,0
@Dayananda C lol judge ge lancha kottu jailge hogi bandirorna CM madiroru 420 BJP,3
ಅನವರತ mattu ಅವಿರತ eradu samana artha iro padagalu,0
Super Song...,0
Wow wow wow wow wow..Lovely guru,0
ನಮ್ಮ ಕನ್ನಡ ಹೀರೋಗಳ ಲೆವೆಲ್ change agide after kgf.,0
@Vinay kumar sari nim balegara yake shaata ella kithu thalege anstondidane shaatukobba-3_The power of shaata promotion ga🤣🤪,2
U r a real indian I am full support to kannada..n.nKarnataka,5
ಮೊವಿ ಸೂಪರ್ ಇಂತ ಒಳ್ಳೆ ಡೈರೆಕ್ಟರ್,0
ಚಂದನ್ ಶೆಟ್ಟಿ ಟ್ರೊಲ್ ವಿಡಿಯೋ ನೀವು ನೋಡಿ ನೆಗಡ್ಡೆ ಇದ್ರೆ ನಾವ್ ಗ್ಯಾರಂಟಿ,0
ಮೋದಿ ನೋಡಿ ಕಲಿಯಬೇಕು ಬರಿ ಬಾಯಿ ಮಾತಿನಲ್ಲಿ ಹೇಳಿ ಉಪಯೋಗ ಇಲ್ಲ ಚೀನಾ ತರ ಮಾಡಿ ತೋರಿಸು ಅವರು ರಫ್ತು ಮಾಡುವ  ಜಿಡಿಪಿ ನಮ್ಮ ಇಡೀ ದೇಶದಲ್ಲಿ ಇಲ್ಲ ಮೋದಿ ನಿನಗೆ ಮತ್ತು ನಿನ್ನ ಸಂಘಿಗಳಿಗೆ ಬರಿ ಹಿಂದು ಮತ್ತು ಮುಸ್ಲಿಂ ಅಂತ ಕೋಮುವಾದ ಮಾಡಿ ನಮ್ಮ ದೇಶವನ್ನು ಪಾತಲಕೆ ನೂಕಿದೆ,0
ಅದ್ಬುತವಾದ ಮಾತುಗಳು ಆಡಿದಿರಿ ನೀವು ..Mast maga Ni best maga,0
Super marvlese  percent 365 day,5
ಪ್ರಪಂಚವನ್ನೇ ನಡುಗಿಸುತ್ತಿರುವ ಉಗ್ರವಾದ ಕರೋನಾಗೆ ಶಾಕ್!!nರೂ.50,4
ನಮ್ಮ ಕನ್ನಡ ಸಿನೆಮಾ ಮತ್ತು ಹಾಡುಗಳು ಯಾವ್ ಬಾಲಿವುಡ್ ಚಲನಚಿತ್ರಗಳು ಕಮ್ಮಿ ಇಲ್ಲಾ .................. ಜೈ ಕರ್ನಾಟಕ,0
#ಕನ್ನಡಿಗರು ಲೈಕ್ ಮಾಡಿ ಪ್ಲೀಸ್,0
nan Film  or TV serial  producer agidre nimge patra create madi olle  sambhavne kottu act mado chance kodtidde,0
ಮೊಬೈಲ್ ಅಲ್ಲಿ ಮೂವೀ ನ ಬಿಟ್ಟಿದ್ದಾರೆ ಥಿಯೇಟರ್ ಗೆ ಯಾರ್ ಬರ್ತಾರೆ. ನಾನ್ ಮೊಬೈಲ್ ಅಲ್ಲೇ 2 ಟೈಮ್ ನೋಡ್ದೆ,1
Bookmyshow nalli Robert ge interest kodi,0
Rasmika ge urskadru sapport madi,2
@SK Productions Shnakar nag anna nice man,0
Dubbing madidare song agodilaa 100 million,1
@Nandi Parthasarathi ರಂಡಿ,2
ಎಲ್ಲಾ  ಡಿ ಬಾಸ್ ಅಭಿಮಾನಿಗಳು  ಪ್ರಜ್ವಲ್ ನ ಈ ಸಿನಿಮಾ ನೋಡಿ ಆರೈಸಿ ಪ್ರಜ್ವಲ್ ನ ಈ ಸಿನಿಮಾ ದಾಖಲೆ ಗಳ ಸಿನಿಮಾ  ಸಾಲಿನಲ್ಲಿ  ಸೆರಲಿ,0
Best music director,5
All d best from ballari NTR fans,5
ಶಾಸನ ವಿಧಿಸಿದ ಎಚ್ಚರಿಕೆ nಈ ಹಾಡು ನಿಮ್ಮ ಡೇಟಾ ಗೆ ಹಾನಿಕಾರಕ,1
ನನ್ನ ಬಂದುಗಳೆ ಒಂದನ್ನು ನಾವು ತಿಳಿಲೇಬೇಕಾದ ಅವಶ್ಯಕತೆ ಇದೆ ಅದು ಏನಂದ್ರೆ ಮೊದಲಿಗೆ ಮನುಷ್ಯನಲ್ಲಿ ಅಥವಾ ಸಮುದಾಯದಲ್ಲಿ ಅಥವಾ ಒಂದು ದೇಶಕ್ಕೆ ನಾನು ದೊಡ್ಡವನು ಎಂಬ ಭಾವನೆ ಬಂದುಬಿಟ್ಟರೆ ಅದು ಕೇವಲ 200 ಅಥವಾ 300 ವರ್ಷಗಳಲ್ಲಿ ತನ್ನ ಸರ್ವನಾಶ ಮಾಡಿಕೊಂಡು ಬಿಡುತ್ತೆ. ಯಾಕೆ ಅಂದ್ರೆ ನೀವು ಇತಿಹಾಸ ನೋಡಿದಾಗ  ಮನುಷ್ಯನಲ್ಲಿ ಒಂದು ಆಸೆ ಬರೋದು ಸಹಜ ನಾನು ಎಲ್ಲರಿಗಿಂತ ದೊಡ್ಡವನಾಗಿ ಇರಬೇಕು ಬೇರೆಯವರಿಗಿಂತ ಎತ್ತರಕ್ಕೆ ಬೇಳಿಬೇಕು ಎಂದು ಇದೆ ಭಾವನೆ 1200 ವರ್ಷಗಳ ಹಿಂದೆ ಅರಬ್ ದೇಶದ ಮುಸ್ಲೀಂ ಧರ್ಮದ ಜನರಲ್ಲಿ ಬಂದು ಅಂದಿನ ಹಿಂದೂಗಳ ದೇಶವಾದಂತ ಭಾರತ,0
He is an tulu film actor tulunad Prince daring Star pruthvi..,5
@Nandi Parthasarathi hogo ninna akkna tullu ninna tara kelsa ilva nange yenu yavglu comments madkondu tika muchkondu sidege hogo,2
Vijay prakash sir super voice,0
Tik talkgintha nivu mado roast  best guru,0
Nimge edu funny ansutha,2
Telugu lo super,5
ಕೆ ಜಿ ಎಪ್ ನಂತರ ಮತ್ತೂಂದು ಕನ್ನಡದ  ಹೆಮ್ಮೆ,0
Bro e tiktok madovrna modlu thuldu sayisbeku ...nBari bildup kodo sedegale erodu bvrc galu,4
super super bro,5
ಕ್ಯಾಬ್ ಡ್ರೈವರ್ ಅಂದ್ರೆ ಕಳ್ದ್ರು ತರ ನೋಡೋ ಈ ಸಮಾಜದಲ್ಲಿ ನಾನು ಕ್ಯಾಬ್ ಚಾಲಕ ಅಂತ ಹೆಮ್ಮೆಯಿಂದ ಹೆಳ್ತೀರಲ್ಲಾ ತುಂಬಾ ಖುಷಿಯಾಯ್ತು ಸಾರ್ ಈ ಸಮಾಜದಲ್ಲಿ ಇರೋರು ನಿಮ್ಮನ್ನ ನೋಡಿ ಕಲಿಯೋದು ತುಂಬಾ ಇದೇ ನೀವು ಯುವ ಜನಾಂಗಕ್ಕೆ ಸ್ಫೂರ್ತಿ ಸರ್  ನಿಮಗೆ ಒಂದೂ ದೊಡ್ಡ ನಮಸ್ಕಾರ ಯಾವ ಒಂದೂ   ವಿಶ್ವವಿದ್ಯಾನಿಲಯ ಕಲಿಸದ ಪಾಠವನ್ನು ಜೀವನ ಕಲಿಸುತ್ತದೆ ಎಂಬುದಕ್ಕೆ ನಿಮ್ಮ ಜೀವನವೇ ಉತ್ತಮ ಉದಾಹರಣೆ ಸಾರ್ ದೇವರು ನಿಮಗೆ ಒಳ್ಳೆಯದು ಮಾಡಲಿ ಧನ್ಯವಾದ.,0
Super song alva,0
ಕನ್ನಡ ಸಿನಿಮಾ ಸೂಪರ್,0
ಸರ್.. ನಾನು ಪ್ರೊ॥ ಶಂಭು ಬಳಿಗಾರ ಅವರ ಅಭಿಮಾನಿ.. ನಾನು ಅವರ ಇ ೬ ಆಡಿಯೋಗಳನ್ನು ಸುಮಾರು ೧೦೦೦ ಕ್ಕಿಂತಲೂ ಹೆಚ್ಚು ಬಾರಿ ಕೇಳಿದ್ದೀನಿ.. nಕೆರೆಗೆ ಹಾರ..nಗೋಧಿ ಹುಗ್ಗಿ ಗಂಗಯ್ಯ..nತೊಗರಿ ತಿಪ್ಪ-೧..nತೊಗರಿ ತಿಪ್ಪ-೨..nಹಾಲುಂಡ ತವರು..nನುಚ್ಚಿನ ಮಲ್ಲಯ್ಯ..nnಸರ್.. ನೀವು ನಿರೂಪಿಸಿರುವ ಮತ್ತೆ ಯಾವ ಯಾವ ರಚನೆಗಳಿವೆ.. ದಯವಿಟ್ಟು ತಿಳಿಸಿ ಸರ್.,0
Love you boss super,0
Super Film sir account number kodi amount hakabeku nijavgalu,0
Likes goskara yaakro prathi video nallu d boss fans,1
@Megharaj 1 bro avru all best ellidu d fans ge ne nOdeya,0
ಇದು ಚರಿತ್ರೆ ಸೃಷ್ಟಿಸೋ ಅವತಾರ......🤙🤙,0
Kayakave kailasa sir,1
Btv avra hatra video clip irbodu.... ಇದ್ರೆ ಹಾಕಿ plzz,0
All the best n      Yella  kannadigana paravagi nYella nataru nammavare,0
Sir ye song Tamil language me hai,5
Vijaya prakash voice is superb just I cont yappa super super,5
After #marakkar trailer,5
Super agi hugdidiya bro,0
ಅಶ್ವಥ್ಥಾಮ ಚಿರಂಜೀವಿ ಆಗಿದ್ದು ಹೇಗೆ,0
ಡಾ//ಶಂಭು ಬಳಿಗಾರರ ಮಾತು ಹುಗ್ಗಿ ಹಾಲು ಉಂಡಷ್ಟು ರುಚಿ... ನಾನು ಬಾಲ್ಯದಿಂದಲೇ ಅವರ ಈ ಹಾಸ್ಯ ಕಥೆಗಳನ್ನು ಕೇಳುತ್ತ ಬೆಳೆದವನು...,0
Kannada ಚಿತ್ರರಂಗಕ್ಕೆ ... Signature movie agutte.. avane ಶ್ರೀಮನ್ನಾರಾಯಣ....,0
I love u sir,0
Super bro  l love song,5
niddeburak thumba ne strong iddane guru,0
prajwal devaraj career best movie.,0
Ninv super agi video madtira bro,0
@Chaitanya P hwdu,0
Me bro,5
Wow prajwal looks is awesom  ಈ ಮೂವೀ ಆದ್ರೂ ಹಿಟ್ ಆಗ್ಲಿ ಕನಪ್ಪ ದೇವ್ರೇ,0
how u told ?nivu heg heltiya bro,0
Helodannu kadime madu antialla desha uddarane,2
Super good bro like this video song..🤩🤩🤩,5
Sir eega navu uthpadane madidanna vedeshakee yavareeti procedure mulaka kalstatee.yavdee lancha eladee.,0
Super Anna ಆದ್ರೆ ನಮ್ ಹತ್ರ ಏನ್ ಇದ್ದೆ yala ದೊಡ್ಡ ದೊಡ್ಡ ಹಣ್ಣ ಇದ್ದವರು ಕೈ ನಲಿ  ಇದೆ ಏನ್ ಮಾಡೋದು,0
Nam guru songs always different,0
So nice bro,5
Jai D BOSS,5
ಬಿಟ್ಟ  ಸ್ಥಳ ತುಂಬಿ __ ಶಟ,3
ಸೂಪರ್ n.. ಮಠ ಸರ್ ದಾಡಿ ಬ್ಲಾಕ್ ಮಾಡಿರೋದು ಖುಷಿ ತಂದಿದೆ,0
all India kicha sudeep fanz like,5
Manjunatha  Manju,5
@vinoddevadiga Jogimane neev irodh elli?,0
Super song bro,5
Ho guru adu pubg alla  adu yav game antha modlu thilko ninu,2
Avnu bandiddre avana video akki,0
@Syed Akbar hello srk athava salman khan fan... Ninge race 3 ne sari... nnnnSuper story alvaa race 3,0
Super songr new rekard break madly,0
ASN asli sir benga ayti re song,0
Anjali Devi super story,5
Idu esta Janagalage like aagide,0
Last dialog 🤙,5
ಏನ್ ಹೇಳೋಣ.....?nSimply ಸೂಪರ್.......nದಿಯಾ ಮಾತ್ರ ಅಲ್ಲ... ಇಂಥಹ ಹಲವು ಸಿನಿಮಾಗಳು  ಗೆಲ್ಲುತ್ತಾ ಇಲ್ಲ...ನನ್ನ ಪ್ರಕಾರ ಥಿಯೇಟರ್ ನ ಟಿಕೆಟ್ ಬೆಲೆ ಕಡಿಮೆ ಅಗಬೇಕು.,1
Tamil vishal movie remake,5
Actually ಇದು ಇದು song  ಅಂದ್ರೆ...🤘🤘 ಏನಂತೀರಿ ಗೆಳಯರೆ.,0
ಚಂದನ್ ಶೆಟ್ಟಿ ಟ್ರೊಲ್ ವಿಡಿಯೋ ನೀವು ನೋಡಿ ನೆಗಡ್ಡೆ ಇದ್ರೆ ನಾವ್ ಗ್ಯಾರಂಟಿ,0
@sumya kulkarni ನೀವು ಹೇಳೋದಕ್ಕೂ.... ದೇಶದ ಅಭಿವೃದ್ಧಿಗೂ ಸ್ವಲ್ಪನೂ ಸಂಬಂಧವಿಲ್ಲ.......ನನ್ನ ಪ್ರಕಾರ ಭ್ರಷ್ಟಾಚಾರ ನಿರ್ಮೂಲನೆ ಆಗಬೇಕು,0
Huchha Venkatsene west Indies... Al the best asn...,2
Super jai D boss,0
Anjali Devi z,5
Osam ರಕ್ಷಿತ್ ಶೆಟ್ಟಿ,0
മലയാളീസ് ഉണ്ടെങ്കിൽ like button adich പോട്ടികട makkale..,5
@shiva prakash avru legends. Kannada film industry Annu ee varege thegondu bandirodu avre. Avrinda ivthina actors ge easy agirodu. nIdara madyadalli kannada film industry track kalkondithu,0
En guru ning isht like,0
Superb guru...hogiri makke tiktok ishta padorige,0
Pakka kannadigana Movie super,0
@Ranganath S yes,5
ಕನ್ನಡ ಸಿನಿಮಾ ರಂಗ ನಿಜಕ್ಕೂ ಮುಳುಗುತ್ತಿರುವ ದೋಣಿಯೇ ???nn,1
All The Best Gentlemen Team From All DBoss Fans,5
ಉತ್ತರ ಕರ್ನಾಟಕ ಶೈಲಿಯ ಕಲೆಯನ್ನು ಉಳಿಸಿ,0
Last  ತನಕ ನಕ್ಕಿ ನಕ್ಕಿ ಹೊಟ್ಟೆ ನೋವು ಬಂತು,0
ನಾನು ಲೈಕ್ ಮಾಡಿದೆ,0
ದಿಯಾ ಕನ್ನಡದ ಒಂದು ಸುಂದರ ಪ್ರೇಮ ಕಥೆ...ಭಾವನಾತ್ಮಕ ಚಿತ್ರ..ಹೊಸ ನಟನಟಿಯರ ಚಿತ್ರ ಅದೇನೂ ನೋಡೋದು ಸ್ವಾಭಾವಿಕ ಆದರೆ ಆತರದ ಅಭಿಪ್ರಾಯವನ್ನು ಸುಳ್ಳು ಮಾಡಿದ ಚಿತ್ರ.....ದೊಡ್ಡ ದೊಡ್ಡ ಸ್ಟಾರ್ ನಟರ ಚಿತ್ರಕ್ಕೆ  ಕತೆನಿಲ್ಲದೆ ಬಾರಿ ಬಿಲ್ಡಪ್ ಚಿತ್ರ ಇರುತ್ತೆ....ದಿಯಾ ಚಿತ್ರ ನೋಡಿ ಕನ್ನಡಕ್ಕೆ...ಹೊಸ ನಟರಿಗೆ ಬೆನ್ನು ತಟ್ಟಿ ಪ್ರೋತ್ಸಾಹಿಸಿ.....ಬೆಸ್ಟ್ ಆಕ್ಟಿನ್ಗ್ ಇದೆ ಬೆಸ್ಟ್ ಕತೆ ಇದೆ... ನೀವು ಈ ಚಿತ್ರ ನೋಡಿದ ನಂತರ ಒಂದಿಷ್ಟು ಹೊಸ ರೀತಿಯ ಅನುಭವವನ್ನು ಪಡೆಯುವಿರಿ....,0
Pakka! And KGF Chapter II ಇದಕ್ಕಿಂತ inna ದೊಡ್ಡ ರಾಜ್ಯ ನೇ ಕಟ್ಟುತ್ತೇ! Waiting for Asn & KGF II,0
Game name  bro,5
Pls in hindi,0
My favorite song in 2019 is Taaja samachara   ಸಾಹಿತ್ಯ ಪ್ರಿಯರೇ ಒಮ್ಮೆ ಈ ಹಾಡು ಕೇಳಿದ್ರೆ ಕೇಳ್ತಾನೆ ಇರ್ಬೇಕು ಅನ್ಸುತ್ತೆ....  Everybody watch this,0
Super guru neevu,0
ಅದ್ಬುತವಾಗಿದೆ ಅವನೇ ಶ್ರೀಮನ್ನಾರಾಯಣ ಚಿತ್ರದ ಹಾಡು ಹ್ಯಾಂಡ್ಸಪ್,0
ಇಂತಹ ಅದ್ಭುತ ಸಿನಿಮಾಯಳು ಮತ್ತು ಹಾಡುಗಳು ಕನ್ನಡದಲ್ಲಿ ಹೆಚ್ಚು ಹೆಚ್ಚು ಬರಲಿ  ಎಂದು ಎಲ್ಲರೂ ಹಾರೈಸೊಣ,0
le gubad..... likes inda aden sigutto nimgella..... olle bhikshukara thara like maadi like maadi andkondu.....,1
D boss love ers 1 like madi,0
anna super anna,0
ಎಲ್ಲಿ ಮಂಗಳ ಗ್ರಹದವರು ಅನ್ಕೊಂಡಿದ್ದೆ..,0
@Nandi Parthasarathi ಓಹೋ ನಂದಿನಿ ನಿಂದು ಮಿಲ್ಕ್ ಪಾರ್ಲರ್ ಬೇರೆ ಇದಿಯಾ,2
Prajwal Devaraj,5
ನಿಜವಾಗಿಯೂ ಇದು ಚರಿತ್ರೆ ಸೃಷ್ಟಿಸೋ ಅವತಾರ.. ಹ್ಯಾಟ್ಸ್ ಆಫ್ ನಾರಾಯಣ,0
ಸಾರ್ ನೀವು ಎಷ್ಟೋ ಜನರಿಗೆ ಮಾದರಿ,0
ಡಿ ಬಾಸ್ ಅಭಿಮಾನಿಗಳ ಕಡೆಯಿಂದ all the best,0
R u tok tok girl??,0
Yar bekadru PM agakke agolla,1
Nanu 2 weaks ninda huccha agbitidini boss song ge fiddha agbitidini,0
Namma galli goo bandiddru ashwatthama,1
Bro ondu hellla nandu nan desha consumer economy navu producer economy agbeku. Edu agbeku andre swantha bussinessd madodu kalisabeku. Ellli job edre great ade entrprenuer r bussinesss madtidini andre yalru chikkkadagi nodtare madve agoke hudginu kodollla. Encouragrment ellla guru,0
Jai d boss,0
...so am I,5
ಭಹಾಳ್ ಚನ್ನಾಗಿ ಇದೆ,0
Neen build up films nodkindu irappa..illi yake bande..?,1
Sir u r amazing,5
Gurudesh pandey sir remake madobadlu swamek    madi sir,0
ಚಂದನ್ ಶೆಟ್ಟಿ ಟ್ರೊಲ್ ವಿಡಿಯೋ ನೀವು ನೋಡಿ ನೆಗಡ್ಡೆ ಇದ್ರೆ ನಾವ್ ಗ್ಯಾರಂಟಿ,0
ಸೂಪರ್ ಸೋಮಣ್ಣ ಮಾಚಿಮಾಡ  ಇಂತಹ ಒಳ್ಳೆಯ ಕೆಲಸ ಇನ್ನೂ ಮುಂದುವರಿಯಲಿ  ಶಂಕರ್ ಸರ್ ನಿಮ್ಮ ನೇರವಾದ ಮತ್ತು ವಾಸ್ತವವಾದ ಮಾತಿಗೆ,0
idu charitre shrushtrisuva avatara = idu charithre shrushtusuva haadu,0
ನಮ್ಮ ಕನ್ನಡnನಮ್ಮ ಹೀರೋnನಮ್ಮ ಹೆಮ್ಮೆnಸೂಪರ್ nವಿಷ್ಣು ದಾದ ಅಭಿಮಾನಿ ಗಳು,0
@Ŕävîñđŕå_02_GøWđřú ನಿಮ್ಮ ಅಕ್ಕುನ್ ಒನ್ ನೈಟ್ ಕಲ್ಸು bgm,2
I like it  war,5
100 ಕೋಟಿ ಫಾರ್ month or day haa anna,0
Paapa yaro hair oil bagge helkodthidre niv yake oppose maadthira.adu avara ishta avaru yelli aadaru copy maadli ..niv yavathu yenu copy maadillva.niv hege nim opinion helidri avru ashte avara opinion helidru ashte.niv maathadidu avarige sari ansalla,2
ನೀನು ಅವನೇ ಅಂತ nನಾವು ನಂಬ್ತಿವಿ ..nಚರಿತ್ರೆ ಸೃಷ್ಟಿಸೋ ಅವತಾರದವನು ..nಶ್ರೀಮನ್ನಾರಾಯಣ,0
super bro love you,0
Tik tok beda Anna,0
Agithu parichaya YouTube nalli....nSneha suruvaythu WhatsApp nalli....nMundu varida adhyaya...!,0
Ajanish Loknath en music kottiddiya ಗುರು ಚಿಂದಿ,0
Super video,5
I am a Malayalee and i also agree it's kannada.,5
Naa innomme e movie naodalla  avanajji eradu dina aytu hale hudgi nenapagi uta illa nidde illa sayotara annistide,2
RAKSHIT SHETTY WE LOVE YOU SO MUCH,5
@madhukumar madhukumar ks for a kind information.... audio lunch....🤔,2
abba en song Superrr,0
That voice....n@VP sir..nVere level song,0
@satishnithyanandam nin hesralle comedy ide ..nin antha thika kobbu iro mindri sule makklathrs nangen mathu. Hogo kong boli magane.,2
ಅವನೆ ಶ್ರೀಮಾನ್ ನಾರಾಯಣ 300 ಕೋಟಿ ಅರಾಮಾಗಿ ಮಾಡುತ್ತೆ ಅನ್ನುವವರು ಲೈಕ್ ಮಾಡಿ,0
Seems like they are sallu muvi fans🤣🤣,3
Super guru,0
Prajju yav dress hakudru super aage kantane ..,0
Hindi songs kaha he,5
ಸಿನಿಮಾ ಅದ್ಭುತ,0
super anna super creative kannadiga,0
ಮೆರೆಯಲಿ ಕನ್ನಡದ,0
I like it sr good job,5
@prithvi nayak ನಿಮ್ಮ ಅಮ್ಮ ಆಲ್ಸೋ ಫ್ಲಾಪ್,2
ಧ್ರುವ ಬಾಸ್ ಅಭಿಮಾನಿಗಳು ಲೈಕ್ ಮಾಡಿ,0
Bro nivu adthiro game yavudu,0
ಡಿ ಬಾಸ್ ಫ್ಯಾನ್ಸ್ ಲೈಕ್ ಮಾಡ್ರೋ,0
super hit song kannada,0
Jai dboss,0
super comedy drama togari tippa,5
Olle kelsa madudru ban madi......  2020 li idonde gudnews,0
Intaha innu hadugalu kannada industryge beku annuvavaru like madi,0
ಸುದೀಪ್ ಅಣ್ಣನ ಅಭಿಮಾನಿಗಳಿಂದ ಕಡೆಯಿಂದ ಅವನೆ ಶ್ರೀಮನ್ ನಾರಾಯಣ ಚಿತ್ರ ಶತದಿನೋತ್ಸವ ಆಚರಿಸಲೆಂದು ಶುಭಕೊರುತ್ತೆವೆ,0
Slow poison song hit like if u agree,0
Sata bita jaga fill hagede dud,0
I hv one doubt gay gu ivarigu en difference heli,4
Super  VP sir,5
ಸಾಹಿತ್ಯಗಾರರ ಕನ್ನಡನಾಡಿನಲ್ಲಿ ಸಾಹಿತ್ಯವನ್ನ ಅಚ್ಚ ಕನ್ನಡದಲ್ಲಿ ಬರೆದಿರುವ ಅ ಸಾಹಿತ್ಯಗಾರ ಯಾರು ಅಂತ ನನಗೆ ಗೊತ್ತಿಲ್ಲ ಆದರೆ ತುಂಬಾ ಸೊಗಸಾಗಿದೆ ಸಾಂಗ್,0
Bro nim maath keli China App hogli Indian App nallu video madalla bidi,0
Super song,5
Jai d boss,5
Bhai Main Kabhi Aisa video Nahi Dekha Kisi movie mein,5
Telugu lyrics super,5
ಈ ಯುಗದ ಶಂಕರ್ ನಾಗ್ ಗುರು ನೀನು  all the best from DBOSS fans,0
ಥೂ ನಿಮ್ಮ ಮೊದಲು ನಮ್ಮ ದೇಶ ನಮ್ಮ ದೇಶಕ್ಕೋಸ್ಕರ ಬದುಕಿ  ಚೀನಾದವರ ನೀವು  ಚೀನಾದ ಅವರಿಗೋಸ್ಕರ ಬದುಕಬೇಡಿ ನಮ್ ದೇಶ ನಮ್ ನಾಡನ್ನು ಬೆಳೆಸಿ ಮೊದಲು,3
ಈ ಎಲ್ಲ ಅಂಶಗಳನ್ನು ಗಮನಿಸಿದರೆ ನಮ್ ದೇಶದಲ್ಲಿಯೂ ಸಾರ್ವಭೌಮತ್ವ ಇರಬೇಕಿತ್ತು ಅನ್ಸುತ್ತೆ.,0
Nija helidri sir..! Nimma video nodi admele kuda namma bhatiyaru  badalali antha pray madtini.,0
Sir mate communist best antiria nDemocracy li rajakarnigalu kithadtare,3
E kannalli ennu en  en nodbeko bro,0
ನಾನು 15ವರ್ಷ ಹಿಂದೆ ಚಾಮಯ್ಯ ಮೇಷ್ಟ್ರು ಅಶ್ವಥ್ ಸಾರ್ ಇಂಟರ್ವಿವ ನೋಡಿದ್ದೆ,0
Loved vijay prakash sir voice,0
Nange gottu ashwathama ellidane anta,0
Making Nalli crazy star nenapadru...,0
Super togari tipa,5
oba mele hogutidane andre navanige melle hogokke sahay madobadallu avan kalu aledu kelage billisoke nodo janare nammalijas,3
ಸರ್ ತಂದೆಗೆ ತಕ್ಕ ಮಗ ಸರ್ ನೀವು ಯಾವುದೇ ಆಶದಾಯಕವಾದಿ ಅವಕಾಶವಾದಿಯು ಅಲ್ಲ  ನಿಮ್ಮ ತಂದೆಯವರ ಆದರ್ಶಗಳಿಂದ ನನ್ನಂತಹ ಕೊಟ್ಯಾಂತರ ಜನ ಬದುಕು ಕಟ್ಟಿ ಸತ್ಯ ಮಾರ್ಗದಲ್ಲಿ ನಡೆಯುತ್ತಾರೆ ನಿಮಗೆ ಅನಂತ ಕೋಟಿ ಧನ್ಯವಾದಗಳು,0
100/ true sir,5
super film kavanadalli kathe,0
Adu igala 1960 ali nadedidu doctor incident,0
Love u shettre,0
Sakkat  matu,0
ha ha ha ha,5
wowww superb song,5
Sir super keep it up,5
ಚಂದನ್ ಶೆಟ್ಟಿ ಟ್ರೊಲ್ ವಿಡಿಯೋ ನೀವು ನೋಡಿ ನೆಗಡ್ಡೆ ಇದ್ರೆ ನಾವ್ ಗ್ಯಾರಂಟಿ,0
Alla Darshan fans,0
starting baro music kundavani ಕುಂದಾಪುರದ u remake,0
Bindu gowda hello!.... Koltogiro kobri mithaayi mukdavlene🤭🤙,2
@prithvi nayak nayakru suel maklu,2
Super video 🤩,5
ಸಾಹಿತ್ಯ ಬಹಳ ಅದ್ಭುತವಾಗಿ ಮೂಡಿ ಬಂದಿದೆ.,0
Brother Bindu Gowda du tik tok ban hagirodhru bagge matadidhalala adur bagge video Madi n( Love you u r channel ),0
@Nandi Parthasarathi ನಿನ್ ತುಲ್ಲು ಊರ್ ಬಾಗ್ಲು,2
Lingaraju  m,0
Hands up like madi,0
Happy to ban china App Bloody Tiktok,5
Hands up avathara,0
anna intha kachada nahigallna roast madodralli tapenilla asn dialogue  daritapdhorna kshamisbodhu thap daari hiddhornallla  nim jothe iddhivi anna,4
Nimge henge gotthu neevu en alle idra,2
Super ri boss lovely jai Kiccha Fan's jai rakshith Shetty boss,0
Over buildup yella yaake bidu guru...story chanagi kottidre saaku...aa rashmika thika uribeku....,2
17 million views,5
ನನಗೆ ಮಹಾಭಾರತ ಅಂದರೆ ತುಂಬಾನೆ ಇಷ್ಟ....nಮಹಾಭಾರತದಲ್ಲಿ  ಬರುವ ಪಾತ್ರಗಳು,0
Ellanu KGF ge yaak compare maadtiyaa guru,2
I love you RAKSHIT...,0
Ega ha ashvathama ellidhane,0
Super bro 🤣🤣🤣🤣,0
ಡುಬೇಕ್ add ಕಾನುನುಬದ್ದವಾಗಿದೆಯ??? ಇಂಜಿನಿಯರಿಂಗ್ ಮಾಡಿ ಕೆಲಸ ಮಾಡೊದ ಬಿಟ್ಟು ಜೂಜ್ ಆಡ್ತನಂತೆ ಲಕ್ಷ  ಕಳೆದುಕೊಂಡು ಮೇಲೆ ಬುದ್ಧಿ ಬರತ್ತೆ,1
Super song bro,5
Bari prayojanake barada films nododu Facebook YouTube li comments hodiyodu yaavalo hudugi siktale anta instagram li search madodo ede Indians hanebaraha etara madidre dhesha development aagoke saadyana,3
Super d boss 🥰 🤳,5
ಆಗೇ ಆಗತ್ತೆ 50 million + just wait,0
Super song,5
@Yashas Cp pakka,0
Hi my friend,5
34 m v,5
Movie chenagide hogi nodi,0
@Darshan Jain bro fans fans tara irona please personal agi family mele beda. Ibbarigu sari kanalla nanna mele ba illa nanna hero mele ba adu bittu family mele beda. It seems like worst.  You have also god(mother). Amma ammane yallara amma yallarigu ammane bro nimma amma namma amma bere anta enu iralla bro. Nanu ninna cmnt ge reply ade tara kodbavudu but nange amma nenpagutte so please understand.,0
Supper trailer I like,5
Estu kelidru matte matte kelbeku ansutte,0
Shankar nag boss tara yaru barala barake agala adu bandre adu uppi avru matra aste ..always king mekar is uppi and Shankar nag bossssssssss,0
Super fast kate,0
I am waiting bahi,5
Super correct sir,5
@Dr Vishnu Dada- Appu,5
Hands up song ge,0
Please movie na re release madi,0
I big big fan of Dia,5
Ennu.   Madu. Guru eee sule magllu du. Troll. Na,3
Guri bennatto netara.......hands upp,0
ಕನ್ನಡಿಗ ಕಲಾರಸಿಕ nAvane Srimannarayana Trailer-BGM n          Re-Createdn,0
Excellent song,5
ಚಿತ್ರ ಗೆದ್ದಿದೆ ಆಧರೆ nಪ್ರೇಕ್ಷಕ ಸೋತಿದ್ದಾನೆ,1
Egu edare sir,0
ಬನ್ನಿ ಸರ್ ನಾವು driver ರೆ ದೇವರು ಯಾರಿಗೂ ಅನ್ಯಾಯ ಮಾಡೋಲ್ಲ  ನಮ್ಮ ಪಾಲಿಗೆ ಬಂದಿದ್ದನ್ನ ನಾವು ಅನುಭವಿಸಲೇ ಬೇಕು.....god bless you sir,0
Link share madi,0
Kannada super song.....super boss..... hands up,0
ದಯವಿಟ್ಟು ಕನ್ನಡ ಅಭಿಮಾನಿಗಳು ಒಂದಾಗಿ ಕೆಲ್ಸ ಮಾಡೋ ಸಮಯ,0
ಅರೆ  ಜನ ಕುಣಿದು ಕುಪ್ಪಳಿಸುತಿದ್ದಾರೆ ಅಂತ Tik tok ban ಮಾಡಿಲ್ಲ. ಇದನ್ನು ಬಳಸುವ ಬಹಳಷ್ಟು ಜನಾ ಕೇಂದ್ರ ಸರಕಾರದ ವೈಫಲ್ಯ ಎತ್ತಿ ತೋರಿಸಿ,3
ಬುದ್ಧಿ ಹೇಳೋಕೆ ಬುದ್ಧನೇ ಆಗಬೇಕು ಅಂತ ಏನ್ ಇಲ್ಲ... ತಲೆಯಲ್ಲಿ ಬುದ್ಧಿ ಇದ್ರೆ ಸ್ವಲ್ಪ ಸಾಕು....  Ck,1
Bro  I am your big fan,5
ಸಾಂಗ್ ಬೆಂಕಿ n,0
Entha savu marre idu nExam Alli ans nepagalla  1line bardu 2nd line baribekidre ide song barutte,0
ಇದು ಖಂಡಿತ ಚರಿತ್ರೆ ಸೃಷ್ಟಿಸೊ ಅವತಾರ!,0
ನಿಜವಾದ ಪ್ಯಾನ್ ಇಂಡಿಯನ್ ಚಲನಚಿತ್ರ ಈ ದಿಯಾ. ಅತ್ಯದ್ಭುತ ಚಿತ್ರ  ಗುರು,0
KICHCHA BOSS FANS,5
@abhi k patil,5
Very nice togari tippa story,0
Slow poison song annoru like madi...,0
Super guru iam proud my india,0
@Nandi Parthasarathi ಚಕ್ಕ ಮುಂಡೆ... ನಿನ್ ತುಲ್ಲಗೆ ನನ್ ತುಣ್ಣಿ ಹಾಕ ಎಷ್ಟೇ ನಿನ್ ರೇಟು,2
ಡಬ್ಬಿಂಗ್ ಪ್ರೋತ್ಸಾಹಿಸುವವರು ಲೈಕ್ ಮಾಡಿ,0
You have bright future,5
Agreed virat kohli looks,5
Super song great song,0
So super song yaa,5
Mysore maharajara bagge hemme inda helidralla tumba chennagittu.,0
Paramvah Music uuuujnxgjmifjkijhn Ya jinhen,0
@SHASHIKALA B howda mam enge,0
Trailer Andre Eg Erbeku...,0
Thank you sir,5
Friend's Block tickets kuda sigalla,0
@Avinashdada kichcha neenu nange alveno huttirodu nan bale koose respect fathers my waste sperms all bale pans nam balegaran hendthi malayalee maneli oble avalanthe hogi avl kari thulna kelike biddange nekku thuldeepanan pan agidukku saarthka agutte puccha pans for a reason 🤣🤪,2
Amar prasad sir ಈ ಕೆಲವು ಅತಿ ಉತ್ತಮ ವಿಷಯಗಳನ್ನು ಗಮನಿಸಿದರೆ ನಾವು ಚೀನ ದೇಶದಿಂದ ತುಂಬ ವಿಷಯಗಳನ್ನು ಕಲಿತು ನಮ್ಮ ಜೀವನದಲ್ಲಿ ಅಳವಡಿಸಿಕೊಳ್ಳಬೇಕು. ಆಗ ಮಾತ್ರ ನಾವು ನಿಜವಾಗಿಯೂ ಸಶಕ್ತ ವಾಗಲು ಸಾಧ್ಯವಾಗಬಹುದು ಎಂದೆನಿಸುತ್ತದೆ... ಈ ಮಾಹಿತಿ ಗಾಗಿ ತುಂಬ ಧನ್ಯವಾದಗಳು ಸರ್..,0
@d boss mania Kaili aagde iro shandru mai paruchkotave nnadak naav tale kedskolalla nndagar na nam karnataka dalle yavangu gottilla inna other state,3
Kannada industry is next level ivaga yaru alladsak agalla Kannada industry na,0
Even I had Same feelings..!,5
@Aiswarya Soundarya HI mem vge,5
Making super 🤩,5
Kannada indusrty ivag ivaga improve agtaide annovru like madi..,0
ಈ ರೀತಿ ಬೇಧ ಭಾವ ಬೇಡ ಇಡೀ ರಾಜ್ಯದಲ್ಲಿ ಅವರನ್ನು ಇಷ್ಟ ಪಡುವ ಅಭಿಮಾನಿಗಳು ಇದ್ದಾರೆ.,1
@naveen v  looo thikamuchkondu hogi nim BALEGARA SUDEEP HELU BARI KANNADA MOVEI THEGIYOKKE MANGDHULLE,0
its miss guide,5
u great pa love u,0
Super song all the best from Shivaraj Kumar fans,0
Super song,0
ದಯವಿಟ್ಟು ಬಿಡುಗಡೆ ದಿನಾಂಕವನ್ನು ಹೇಳಿ,0
ಜನ ಯಾಕೆ ಥಿಯೇಟರ್ ಗೆ ಬರ್ತಿಲ್ಲ ಅಂದ್ರೆ piracy ಫೋನ್ ಅಲ್ಲೇ movie ಸಿಗುತ್ತೆ ಮತ್ಯಾಕೆ ಥಿಯೇಟರ್ ಗೆ ಹೋಗೋದು ಅಂತ ಬರೋಲ್ಲ ಜನ,1
Offter long back coming see Kannada cinema...........New multitalented shankaranna............kannadada gandu,0
Rashmika elliddeyakka🤣🥀nnnRakshith Shetty rockzzzzzzz,0
Hands  up  super  songs,0
ನಿಜ ನನ್ಗು ಹಾಗೆ ಆಯ್ತು ಮರ್ರೆ,0
sir nem no kodie plz plz,0
ಹತ್ತು ವರ್ಷ strict  president rule ಬರಬೇಕು.,0
ಇಂಥ ಕಥೆ ಹುಟ್ಟುಹಾಕಿದ ಮಹಾನುಭಾನಿಗೆ ನಮೋನಮಹಾ,0
ಸರ್.. ನೀವು ಕೊನೆಯಲ್ಲಿ ಹೇಳಿರುವ ಮಾತು ಸೂಪರ್ ಸರ್...,0
@Raja Vishnuvardhana Agreed,5
ಬೆಂಕಿ ಜಕಾಸ್ ಇನ್ನೂ ಹೆಚ್ಚಿನ ದಾಗಿ ರೋಸ್ಟ್ ಮಾಡಿ,0
Odeya Kannada full movie,5
Ayyo gubalgala only tiktok tiktok antha odkotavre only not tiktok 59 apps ban agirodu,3
@Samuel Sam,5
ಟಿಕ್ ಟಾಕ್ ಜೊತೆಗೆ ಚೈನೀಸ್ ಪ್ರೊಡೊಕ್ಟ್ ಎಲ್ಲಾನು ಬ್ಯಾನ್ ಮಾಡಬೇಕು,0
Obba amman hatra ninge yav maga ista antha kelidhre. Sandalwood fan,0
ಇದು ಖಂಡಿತ ಚರಿತ್ರೆ ಸೃಷ್ಟಿಸೋ ಅವತಾರ,0
Tyrion Lannister spotted 3,5
Sar Nim Len nodida mele Nim nija madthbeku SAR plz call Madi,0
@Lemon & are you from odissa?,5
Idhu charithre shrushtiso haadu...,0
ಸೂಪರ್ ಹೊಸ ಪ್ರಯತ್ನ,0
Bharatha Dali jathi padathi meljathi kiljathi erovarege  development sadyane ella and  lancha black money erovarege udara agalla. Reservations erovarege Bharatha udara agala innu development kanasina mathu . China Dali latest political parties Kiri Kiri Ella mathe munduvarida desha but Bharatha China ke compare madidare thumba hinde ede . Bharatha Munde barbekadare political onde erbeku or president adikara erbeku. reservation ban agbeku. Meljathi kiljathi ban agbeku. Lancha ban agbeku. Thappu madidavarige kattina shikshe agbeku Saudi Thara . Amele Bharatha udara aguthe .,0
ಅದ್ಭುತವಾದ ಸಂಗೀತ ಬೆಂಕಿ ಚಿಂದಿ nAwesome,5
ರಕ್ಷಿತ್ ಶೆಟ್ಟಿಯವರು ಎರಡನೇ ಕನ್ನಡದ ಕನಸುಗಾರ,0
ಕಣ್ಣೀರು ಹಾಕಿರುವ ಕಾರಣ ತಂದೆಯ ನೆನೆಪು ಅವರು ಕಷ್ಟ ಕಾಲದಲ್ಲಿ ಮಗನ ಬೆಂಗಾವಲಾಗಿ ನಿಂತಿದ್ದಕ್ಕೆ.ಇದನ್ನು ಕೆಲವರು ಅಪಾರ್ಥ ಕಲ್ಪಿಸಿಕೊಂಡಿದ್ದಾರೆ.,0
Super song loved it,5
Raja Vishnuvardhana it’s available only in Kannada on Amazon prime,0
yest olle kalsa nan yavag e kelsa madtaro anta kaytayde thamk u brother full happy,0
my fevorat story,5
@Nagaraj Manjithaya bro parabhase Alla film chennagirod nodtare Ashte,2
Tik tok ban I'm full Full Happ bro ..hage pubg nu ban hagbittre Nana kushige paarave illa,0
Tamil telugu and malayalam song galalli  rakshith and yash avarige compare madidira,0
Step suppppeerrrrrr ide,0
ಹೌದು ಇದು ಸಾಕ್ಷಾತ್ ಕೃಷ್ಣ ಕೋಟ ಶಾಪದ ಪರಿಣಾಮ,0
Super super bro 🤣🤣,5
Ganesh Bhat -ಇಷ್ಟ  ಅಸಭ್ಯವಾಗಿ ನಿನು ಬ್ರಾಹ್ಮಣನಾಗಿ ಮಾತಾಡುವದು ಸರಿ ಅಲ್ಲಾ. ಯಾರಿಗೆ ಮರಾಯ ನಿನ್ನ ಮನೆ ಮಜ್ಜಿಗೆ ಬೆಕಾಗಿದೆ,2
Film Andre idu. Super movie,0
Avanu allla bro avaru annabeku,1
Hindi me lao,5
@Nithi nithinNav en madvappa....,2
superb song,0
Anna tumba channag madtiraa.. Super,0
ಪದೆ ಪದೆ ಕೇಳೊ ಮ್ಯೂಸಿಕ್ ಗೆ ಶರಣು ನಾರಾಯಣ ಇವನೇ ನಾರಾಯಣ,0
Super song guru,0
@Nandi Parthasarathi ಯಾಕೆ ಹುಡುಕೊಂಡು ಬಂದ್ರೆ ತುಲ್ಲು ಕೊಡ್ತೀಯಾ ಬೇವರ್ಸಿ,2
Neen en medhavi Eno guldu,2
ಇವ್ನಿಗೆ sensorನಲ್ಲಿ UA certificate ಸಿಕ್ಕಿತು ಅದಕ್ಕೆ ಈಗ everybody HANDS UP,0
Nanu e video nodtha Ellan  Thumbline nodi e msg madtha edhinin   Alla ri Karnataka dhali kannda movie 100 r.s ticket etre ege ri nododhun  Adhe,1
Super  bro,5
Back burn rashmika,3
VERY VERY SUPER SONG,5
@Abhigowda Abhigowda,5
Super  tippa  story,5
Rakshit movie success party Elli maadbekanta iddiri??,0
ಒಂದು ಮಿಲಿಯನ್ ಆದಮೇಲೆ ಯಾರ್ಯಾರು ನೋಡ್ತಾ ಇದೀರ ಅವರು ಲೈಕ್ ಕೊಡಿ,0
Dana alla ok,0
ಅಧ್ಬುತ ಶೆಟ್ರೆ ‌...ಮಾಯಲೋಕದ ಕಿನ್ನರನೋ,0
Super guru.. Sariyagi ugdidiya,0
Haage madidre nam India dalli ketta kasa eralla anna,0
Hollay hrudhayawantha Ashwath sir hawra maganigey heee sthithi noowu,0
ಸೂಪರ್ ರಕ್ಷಿತ್ ಶೆಟ್ಟಿ.....ಅಜನೀಶ್ ಲೋಕನಾಥ್ ಏನ್ ಮ್ಯೂಸಿಕ್ ಗುರು ನಿಂದು...ಉಳಿದವರು ಕಂಡಂತೆ..ಕಿರಿಕಪಾರ್ಟಿ..ಅಕಿರ..ರಂಗಿತರಂಗ..ಬೆಲ್ ಬಾಟಮ್...ಪಡ್ಡೆಹುಲಿ...ಜಾನಿ ಜಾನಿ ಎಸ್ ಪಪ್ಪ...ವಾಸು...nಅಚ್ಚ ಕನ್ನಡ ಗೀತೆಗಳುnನೀನ್ ಕೊಟ್ಟಿರೋ ಫಿಲ್ಮ್ ಎಲ್ಲ ಮ್ಯೂಸಿಕ್ ಸೂಪರ್ ಹಿಟ್,0
Nija super......... Movie please re release maadi,0
Kannada intha Telugu Alli song Chang idhe,0
supar anna Ennu Ugiri nan makluge tiktok beda,0
Wow .... diya soop.,5
ಯಾವುದೇ holloywood ಮಟ್ಟಕ್ಕೂ ಕಮ್ಮಿ ಇಲ್ಲದಂತೆ ಬಂದಿರುವ ಹಾಡು ಮತ್ತು ಸಿನೆಮಾ ಗೆ ಒಂದು hands up,0
ಚಿತ್ರತಂಡದ ಕಾರ್ಯ ಅದ್ಬುತವಾಗಿದೆ.nಕನ್ನಡದ ಮೇರು ಚಿತ್ರಗಳ ಸಾಲಿನಲ್ಲಿ ಈ ದಿಯಾ ಚಿತ್ರ ನಿಲ್ಲಲಿದೆ.nಎಲ್ಲಾ ನಟರು ತಮ್ಮ ಪಾತ್ರಕ್ಕೆ ಜೀವತುಂಬಿದ್ದಾರೆ.,0
Sar good Ur so good,5
Super  song,0
very nice very very super,5
ಅಶ್ವತ್ಥಾಮ ಚಿರಂಜೀವಿ ಅವನು ಇನ್ನೂ ಬದುಕಿದ್ದಾನೆ ಇದು ಸತ್ಯ,0
Y. Boss.ಅಭಿಮಾನಿಗಳ ಕಡೆಯಿಂದ. All the best Sir....,0
Ur super sir..but ಒಂದ hit movi kodi sir navu adakoskara kaetidivi....,4
Super sir. real hero nivu. Nimminda Navu kuda kalthkolodede,0
@chetan kumarab guru ve.... aha comment maddhavn hesru nodo....nanalla kano,2
I like feel better #person only you sir,5
Togari. Tippa. Super,5
@Kushal MR nin kano bvc jaatrr,2
Becaz kannada movies are not producing good movies.,5
@Nandi Parthasarathi ಹಾದರಗಿತ್ತಿ,2
ಸೂಪರ್ ಅಣ್ಣಾ ಚನ್ನಾಗಿ ಹೇಳಿದಿರ ದೇಶ ಅಭಿಮಾನ ಅಂದ್ರೆ ಇದು ಗುರು,0
Super danger #1,5
Num mane ge bandidru,0
Balasiddare Sir hands up anta,0
Edellaa aagabeku andre PRAJAKIYA aadalitakke barabeku,0
Nav evna nodabahuda,0
@Thilak Kumar  e ondu mathu    saku bro    Kannada   industry ge support,0
Love u   ajaneesh,5
Tickets amount 10000 adru mosa illa ... Love you  all,0
ಯುದ್ಧ ಮಾಡಬೇಕು...  ಓದಬಾರದು.. ಕಟುಕರ ಮುಂದೆ ಭಗವದ್ಗೀತೆ,0
Hindiyelli film release madbekittu bro,0
ರಕ್ಷಿತ್ ಶೆಟ್ಟಿ,0
ಸೂಪರ್ ಸಾಂಗ್........ ತುಂಬಾ ಇಷ್ಟ ಆಯ್ತು.....  love you rakshith bhai,0
A Anna car gema yavadu,0
ಭರ್ಜರಿ ಆಪರೇಷನ್ ಗುರುವೇ...,1
@Shridhar T P iuuuiiuuua12l99iiiikkkjjmddeo01pokksķoo9919kkuuiuluuuuuuľiiii,5
Sakat swabhimani sir nivu,0
Pratvi yen acting guru nimdu,0
@VARAPRASAD K K  being a darshan fannEetara Darshan sir helkotidara bere hero galna bayri antha.nnSumne yake bro,2
Kiccha Sudeep sir Fans Like Here,5
Mera masth song guru,0
Keli kadiruva bandhavarennBhuviyalli avana aritavarennYarilla bidi,0
Dislike mado  tukaligalu ond movie screen madli saku adestu kasta anta gottagutte .all the best for this move,4
ಬರೀ adds bartave.,1
The Togari Tippa drama supeeb,5
Nama Kannada channel Dinesh ss स्सुप्पेर,0
ಅದ್ಬುತವಾಗಿದೆ ಅವನೇ ಶ್ರೀಮನ್ನಾರಾಯಣ ಚಿತ್ರದ ಹಾಡು ಹ್ಯಾಂಡ್ಸಪ್,0
Uttara Karnatakad attyuttama hasya,0
Pakka full gicchi gilili song... En song pa benki aiti.... Pakka ella record nu muriteti  .... Jai Karnataka,0
Yes agreed first time keldaga 🤦‍🤦‍🤦‍ ansituu but 4-5 keldaga agoitu,4
Guru Chinese mobile yen madodu,0
Rashmika shetty fans irbekun.,0
Estu sari nodudru samadhana aagthilla.... Awesome song,0
Aadu nane broo... Soul naa Replacement maddee... Bere body gee.. Antha aansthidee,4
Jai rakshit shetty,5
Demand ಈರುಳ್ಳಿಗೆ ಬಿಟ್ರೆnNEXTnನಮ್ಮ ASN ನಾ ಹಿಂದಿಯಲ್ಲಿ promote ಮಾಡಿ ಅನ್ನುವವರೆ ಹೆಚ್ಚು,0
Nijavada hero andre evare,0
Sir prajakeeya'kke support madi sir daily 30sec adru adra bagge heli start madi sir pls eno help agutte subscriber bahala jana ide,0
Good .....Kannada films,5
Don't dislike,5
ಇದು ಚರಿತ್ರೆ ಸೃಷ್ಠಿಸೋ ಅವತಾರ 🤩🤩🤩,0
Anna sariyag matadidhiraa🤣......,0
ಸಂಗೀತ ಕೊಟ್ಟಿರೋರಿಗೆ... ದೊಡ್ಡ ನಮಸ್ಕಾರ್... ಬ್ಲಾಕ್ ಬಸ್ಟರ್ ಸಾಂಗ್,0
Prajwal Devaraj sir,5
Yen sakkathagi helidri guru,0
Nusarath Nadaf suparandhttp,5
@syed Noor Noori sdi ಧನ್ಯವಾದಗಳು,0
Spr bro,5
@10 R report madi avna,0
Super song bro thank you Vijay Prakash sir Great singer,0
Namma deshadalli Somberigalu jaasthi..,3
ಪ್ರಜಾಪ್ರಭುತ್ವದಲ್ಲಿ ಬ್ರಿಟನ್ ರಾಣಿ ಉಳಿಸಿಕೊಂಡರು,0
ನಾನು ಕೇಳಿರುವಹಾಗೆ ಪುಟ್ಟಣ್ಣ ಕಣಗಾಲ್ ರವರ ರಂಗನಾಯಕಿ ಚಿತ್ರ ಕೂಡ ಮೊದಲನೇ ಬಾರಿ ತೆರೆಕಂಡಾಗ ಜನರು  ಮಿಶ್ರ ಪ್ರತಿಕ್ರೆಯೆ ನೀಡಿದ್ದರು ಏಕೆ ಎಂಬುವುದು ಯಕ್ಷ ಪ್ರಶ್ನೆ ಆದರೆ ದೇವರ ಮೇಲೆ ಭಾರಹಾಕಿ ಎರಡನೇಸಲ ಬಿಡುಗಡೆ ಮಾಡಿದಾಗ ಅದಕ್ಕೆ ಸಿಕ್ಕ ಪ್ರತಿಕ್ರಿಯೆ ಅಬೂತಪೂರ್ವಕ ನಿರ್ಮಾಪಕರಿಗೆ ತುಕ್ಕಿಡಿದ ಕಬ್ಬಿಣ ವಾಗಿದ್ದ ಸಿನಿಮಾ ಈಗ ಚಿನ್ನದ ಗಟ್ಟಿಯಾಗಿ ಹೊರಹೊಮ್ಮಿತು n ಹೀಗಾಗಿ ನಾನು ಚಿತ್ರತಂಡದಲ್ಲಿ ಮಾಡುವ ಕಳಕಳಿ ವಿನಂತಿ ಧಯಮಾಡಿ ಸಿನಿಮಾವನ್ನು (Corona effect )ಬಳಿಕ Re-Release ಮಾಡಿ nನನ್ನ ಈ ಕೋರಿಕೆಯನ್ನು ಚಿತ್ರತಂಡಕ್ಕೆ ತಿಳಿಸಿ,0
Paramedical exam bagge mahiti tilisi sir,0
Super guru,0
Áÿįøøøøø super broooo love u,0
Ah allu raghu ge forward madbeku e video bari nigradavne,2
ಬಾರಿ ಐತೀ ಬಾರಿ ಅಂದ್ರ ಬಾರಿ ಬಾರಿnಅನಾಹುತ್ ಅಂದ್ರ ಅನಾಹುತ್ ಐತಿn🤠🤠🥳,0
ಕನ್ನಡ ಸಿನಿಮಾ ದ ಅವತಾರ ಶುರುವಾಯಿತು,0
@Ashwini CP pls movie nodi. Ondu olle movie na mis madkolbedi.,0
Super song guru,0
Dia is wonderful movie. Innu ee fimina hangover alle idini. Idu highest  IMDB rated kannada movie  9.4,0
Sari korona bandare adana guna padisikolalu amount hestu karchu aguthe adu yavayavadake antha solpa maithi kodthira please,0
ಎಲ್ಲರಿಗೂ ಹೊಸ ವರ್ಷದ ಹಾರ್ಧಿಕ ಶುಭಾಶಯಗಳು ಯಾರು 2020 ರಲ್ಲಿ ನೋಡ್ತಾ ಇದ್ದೀರಾ please like ಮಾಡಿ,0
ಕಷ್ಟ ಪಟ್ಟು  ಸಾಲ ಸೋಲ ಮಾಡಿ ಕ೦ಪನಿ ಸ್ಥಾಪಿಸಿದ್ರು GST ಕಟ್ಸಿ ಕಟ್ಸಿ ದಿವಾಳಿ ಮಾಡ್ಸಿ ಬಿಡ್ತಾರೆ ಈ ರಾಜಕಾರಣಿಗಳು.,3
Pakka mas Nam kannada movie,0
First hog film nodu. Amele yen bekadru comment madu.,2
and rocking star fans also,5
Song maatra chindi,0
We Support Swamake Movies,5
ಸೂಪರ್ ಬಾಸ್ ನೀನು ಹೇಳ್ಳೇದ್ ಕ್ರೀಟ್ ಮಾಡಿದು ಸೂಪರ್,0
Super dance,5
Nice move in kannada,0
Anjali Devi   b  avinash  achari,5
ನಿಜnnn ಇದು ಚರಿತ್ರೆ ಸೃಷ್ಟಿಸೊ ಅವತಾರnnnಕೆಜಿಎಫ್ ದಾಖಲೆ ಮುರಿದುಹೋಗುತ್ತದೆnnಕೆಜಿಎಫ್ ಚಾಪ್ಟರ್ 2nಬಂದು ಇದರ ದಾಖಲೆ ಮುರಿಯಬೇಕು ಅಷ್ಟೇ ಅದು ಸಹ ಅನುಮಾನnnಯಾಕೆಂದರೆnಮುಂದೆ ಪುಣ್ಯಕೋಟಿ ಬರ್ತಾ ಇದೆ,0
Bavaraj Marihal iu777779088i9omplikenUu7 n 7thui9,1
ಎಷ್ಟು ದಿನ ಆಯಿತು ಕೇಳಿ ಓ ತುಂಬಾ ಖುಷಿ ಆಯಿತು,0
Nanagu hage ansate,0
Rakshit Macha time togondrunu sakath agi bandide,0
@TROLL MONSTER_KANNADA ಆಯ್ತು ಕಣಲೇ ಬೋಳಿ ಸೂಳೆಗೆ ಹುಟ್ಟಿರೋ ರಂಡಿ ಮಗನೇ.... ನಾನು ಗಂಡಸಲ್ಲ.... ನೀನು ಗಂಡಸು ತಾನೆ,2
Nam boss avru Nam boss ivru antha kachadtirornella onde kade  sersi maja kodone shree mannarayan,1
Looks promising..,0
ಈ ಹಾಡಿನಲ್ಲಿ  ಹೊಸತನ ಇದೆ ಹಾಗೂ ಈ ಹಾಡು ತುಂಬಾ ಚೆನ್ನಾಗಿದೆ,0
Nice bro nanu yella Chinese app na delete madidinin,0
FROM KING K-I-C-H-H-A -B-O-S-S BADSHAHA FANS ALL D BEST,5
Nijawaglu nin hatra thumba talent ide guru super. Ninu roast mado style super.,0
1st Telegram App close madsi amele ella bartare,3
VPN hakondu tiktok use madtidare nam soldier sattirodu lekkka ellla janakkke,3
Pora rai koodi tulla,5
ಚರಿತ್ರೆ ಸೃಷ್ಟಿಸೋ ಅವತಾರಾ nLove you boss,0
Idu charitrae srushtiso Cinemannae🤘,0
@Dhanik Patel I am not blaming India bro,5
ಎನ್ ಉಗದಿದಿಯಾ ಗುರು ಮಾತ್ ಮಾತಗು ಉಗುದಿದಿಯಾ ಈ video ನಾ ಏನಾದ್ರು tick tock star ಗಳು ಏನಾದ್ರು ನೋಡಿದ್ರೆ ನೇಣು ಹಕ್ಕೊತ್ತಾರೆ ಗುರು super🤣,0
Supar sir nevu,0
Super song awesome,0
sir nimmannu naanu 1st nodiddu Manethana  annuva 2.30 serial nalli sir...20 years before sir...but adra nanthara evagle nodtha erudu sir...,0
Guru tq nan wait madtidde nin video na,0
Bgm super ide ಶೆಟ್ರೇ,0
Super Anna jai hind,0
Yen helda guru super,0
Jai d boss,0
@Sandeep Nagaraj o,5
Super togari tippa,5
500K Likes  edhe mutbhodu nangansdhamge,0
ಸರ್ ಪ್ಲೀಸ್ ರೀ ರಿಲೀಸ್ ಮಾಡಿ ಮೂವೀ ನಾ.....,0
Basavaraj  Badiger,5
I'm soo soo happiiii,5
ಅದ್ಭುತವಾದ ಹಾಡು,0
Rakshit boss Super dance u r looking like karate king shaankar nag ND Vishnuvardan boss m Vishnu sir fan,0
Super song 100%,5
U-turn is telugu or tamil movie na..?,0
Super bro benki,0
Super song,0
ಹೊಸತು ಹೊಸತು ಕಿವಿಗೆ ಹಿಂಪುnASN ತಂದ ಕನ್ನಡಕ್ಕೆ ಹುರುಪುnಇವ ಮಾಡಲ್ಲ ನಿರಾಸೆಯೆಂಬ ತಪ್ಪು.nಇಂದ,0
ಸೂಪರ್ ತೊಗರಿ ತಿಪ್ಪ ....,0
Super Ann nanagu. Tik tok.banna  agude bekagitu,0
Well said bro,5
Hands up???? Kannada naa adhu,5
Blockbuster agli annovru like Madi,0
En guru nim video ge fan agode aitu nimge namma kade inda subscribe,0
Super singer vijay Prakash sar,0
1999 ರಲ್ಲಿ ನಡೆದ ಘಟನೆಯನ್ನು ಕೇಳಿ ತಿಳಿದು ನೋಡಿ ಅವಗ ನೀಮಗೆ ತಿಳಿಯುತ್ತದೆ ನಮ್ಮ ದೇಶದ ಅಭಿಮಾನ ಆವಾಗ ನೀವು TikTOK  ನ್ನು ಅವಾಗಲೆ ತೆಗೆದು ಹಾಕೂತಿರಿ ಇದು ನನ್ನ ಬಾಲ್ಯದ ನೆನಪು,0
Yarige e trailer nodidre Rangitharanga movie nenpaytu like madi,0
Plz chance kodi nodi avar acting,0
Please upload drama song,5
Nanu kellida uthammavada maatugallu thanks sir,0
Ishtu bega YouTube li movie bitre theotre ge enukk hogtare jana,1
Super  sir,0
Guru eno heludri but sakkatag heludri super guru,0
ಇದು ಚರಿತ್ರೆ ಸೃಷ್ಟಿಸೋಅವತಾರ...n...,0
Love u junior D Boss,5
ಆದ್ರೆ ಚೀನಾ ಗೇ ಬಕೆಟ್ ಹಿಡಿತಾರೇ,3
Repeat mood guru,5
ಭಾರತದ ಗಡಿಗೆ ಅವನನ್ನೇ ಕಳುಹಿಸಿ ನಿಲ್ಲಿಸಲಿ ಇದ್ದವನು,0
ಅಭಿಮಾನಿ ಅನ್ನೋದು ದೊಡ್ಡ ಮಾತು,0
Bro.... Suprb......ur voice is amazing....?!!!,5
ಗುರು ನಿನ್ ಮೊದಲು ಪಬ್ಜಿ ಡಿಲೀಟ್ ಮಾಡು ಆಮೇಲೆ ಬೇರೆಯವರಿಗೆ ಹೇಳು.,2
Evnoba sade banda illi...,2
Step Super bossu,5
ಅಣ್ಣ ಏನು ನಿನ್ನ ಮತ್ತು ಒಂದೊಂದು ಮಾತಿನಲ್ಲಿ ಅರ್ಥ ಇದೆ,0
Bro nanu tik tok install madidde..onde dinakke uninstall madde....matte tik tok sahavasakke hogilla...allinda tik tok agu hogugalanna troll video dalle nodi njoy madta idini....super bro...🤣🤣🤣🤣,0
@VARAPRASAD K K le Randi magne Neenu ba nimmamman karakondu ba ibbarana hattu ibbarigu ondondu dozen Papu dagar nan maklan hutsi kalastini amele barabekadre dj sounds system idre togond ba naan madbekadre nimmamma Mia khalifa Tara kirchodu nin kannalli nodokagutto ilvonMatte Neenu sunny Leone Tara archod nan kailli tadkollokagallappa🤣🤣🤣,2
Super song lovely,0
1.8k dislike kottiro sulemaklu yaarappa... Nim padha ondh sala mutbeku...,3
Super hit agodralli yavude dout illa gelayare Jeeva,0
Rakshith shetty ... superb song .. ninna kastada prayathnakke kanditha pala sikke sigutte.  ..,0
Shetru birthday party dina haadiro haadu aawaginindaa wait maadtide.....,0
Yen sir nivu.... Owsome human being,0
Bidu Gowda ge Alli hodi beku first avaru mane Alli avaru appa Amma ne kelluthiya dure Tiktok maduthirodana Ennu Nive yochane Madi evallu yetha kithu hogi erollu eru beku ethara avaru edane India ge Bad Name Mathe Namu inda girls ge nu Bad name,2
@10 R Lo Kanda... Baiyoke ninthre nim appa kano naanu,2
ನಿಮ್ಮ Dedication ನಿಜಕ್ಕೂ ಅಧ್ಬುತ‌,0
ಕನ್ನಡ ಭಾಷೆ ಸಿನಿಮಾ ಯಾವುದಕ್ಕೂ ಕಡಿಮೆ ಇಲ್ಲ ಎಂದು ನಿಮ್ಮ ಸಿನಿಮಾದ ಮೂಲಕ ಗೊತ್ತಾಗುತ್ತಿದೆ......,0
@nkn havali neene hachko yak Andre ninge urdirutte,2
Let's pray,5
Broo niv aadtiraa game yavdu,0
Full roast madiddiya e somberigalige,3
Yaru boss alla,0
@Nandi Parthasarathi gaandu Sule magne hogi bucket du gaygf nodu adu bittu illi dboss annnabeda cheeti kalla fan,2
children's Dan's aha jumtaka jum jum,5
Eatra film nana life nale nodella sir super different director,0
Olledanna swalpa guruthisi,0
ಮಾಡಿದ್ದೀರಾ ಅನ್ನುವುದು ಕ್ರಿಯಾಪದ.nಅದಕ್ಕೆ ಕೇಳುಗ ಯಾವ ರೀತಿ ಯೋಚನೆ ಮಾಡ್ತಾನೆ ಅದರ ಮೇಲೆ ಅರ್ಥ ಡಿಪೆಂಡ್ ಆಗುತ್ತೆ.nnನಿಮ್ಮ ಮನಸ್ಸಲ್ಲಿ ಇರುವುದನ್ನ ಜನಕ್ಕೆ ತಿಳಿಸಿದ್ದು ..ನಿಮ್ಮ,0
@Nandi Parthasarathi ille gotta aagta ide ninu yestu urkondu sattidiya anta yenro nimma same balegarna type nayi padu 🤣🤣🤣,2
C.C camera etter yn saytira yalla fak,3
English movie RANGO dubb maadi ro movie,0
Superb bro ur righttiktokers ge sariyag heliddira,0
Trailer looks interesting. Feel like to watch,5
ಸೂಪರ್ ಗುರು ಲೋವ್ ಯು,0
@sharath sharu yako sule magne sumne eroke agalva,2
@Supriya Manogna nnHaaaaaaa,5
ರಂಗಿತರಂಗದ ಇತಿಹಾಸ ಮರುಕಳಿಸುವಂತಿದೆ!,0
Please support prajakiya,5
Dislike madiru Yarantha gotthanBurnel kodro avrige...,3
ASN ಖಂಡಿತವಾಗ್ಲೂ ಚರಿತ್ರೆ ಶೃಷ್ಟಿಸುವ ಅವತಾರ....,0
Super hands up..,0
ತೊಗರಿ ತಿಪ್ಪ ಸ್ಟೋರಿ ಹಿಂದೆ ಟೇಪ್ ರೆಕಾರ್ಡನಲ್ಲಿ ಕ್ಯಾಸೆಟ್ ಹಾಕಿ ಕೇಳಿದ ನೆನಪನ್ನು ಮರುಕಳಿಸಿದ ಅಶ್ವೀನಿ ಆಡಿಯೋದವರಿಗೆ ಧನ್ಯವಾದಗಳು...,0
ಸೂಪರ್ ಸರ್ ಈ ಸಾಂಗ್ ನನಿಗಂತೂ ತುಂಬ ಈ ಆಡು ದಿಫ್ಫ್ರೆಂಟ್ ಅಂತ ಅನಿಸಿದರೆ ನನ್  ಫೇವರೆಟ್ ಸಾಂಗ್ ಆಗಿದೆ ಕಣ್ರೀ. ವಿಜಯ್ ಪ್ರಕಾಶ್ ಸರ್ ವಾಯ್ಸ್ please more then peples watch this song super ಅವನೇ ಶ್ರೀಮನ್ನಾರಾಯಣ. ಇಷ್ಟ ಆದ್ರೆ ಲೈಕ್ ಮಾಡಿ. ಇಷ್ಟ ಆಗಲಿಲ್ಲವಾ ಸುಮ್ನೆ ಕುತ್ಕೊಳ್ಳಿ ಯಾಕ್ ಸುಮ್ನೆ  ಡಿಸ್ ಲೈಕ್ ಮಾಡ್ತೀರ,0
Ultra ultimate  song,0
Entha valle    trailer  ri   edu   great nKelhu   kachda   galu n  intha   prathibe galu   karnataka dalidru   n dudina aase ge   low   quality   movie  madi  nkannada andre   jana  intrest thoris  bardu   naa  thara   aprada   madthidare,0
V p Sir fan's like here,5
@Entertainment Gaming ನಿಮ್ಮ ನಂಬಿಕೆಗಳು,0
bro same video part 2 madu bro please plsssssssssssssssssssssssssssssssssssss swalpa bindu Gowda na akond roaste madu bro,0
Charetra hustsodu avatara,0
Chiki chiki chikappa nidhe madidh saku helappa🥰🥰🥰,2
Yayayayayayay hitt songgg,5
Este antha helakkagall nija edhru erabahudu,0
ನಮ್ಮ ಜನರನ್ನು ಕೇವಲ ಸುಳ್ಳಿನ ಭ್ರಮಾಲೋಕದಲ್ಲೇ ಸುತ್ತಿಸುವ ನಮ್ಮ ಕನ್ನಡದ ಮಾಧ್ಯಮದೊಳಗೆ ಸತ್ಯದ ಕಹಿಯನ್ನು ನೇರವಾಗಿ ತಿಳಿಸಿದ್ದಕ್ಕೆ ಧನ್ಯವಾದಗಳು ಅಮರ್ ರವರೇ.,0
Hi....chaina dalli ago product nnu navu madidvi....adre....namma desha davre namage mosa madidru same model nnu chaina kondogi avrege thorise dublicate madbittu dandu...kammi belege elle mariddare....edde karana...navu hinduliyalu....eglu navu...mado ondondu product chaina dinda tharisthidru adre navu automobiles product naavu madthideevi...adre yaaru encarage madalla.....,3
Houdu niv helidu 100% nija sir.,0
Super  chindi boss,0
Movie is awesome,5
ಸಾಂಗ್ ಪ್ರಮೋಷನ್ ಇಲ್ದೆನೆ #1 ಟ್ರೆಂಡಿಂಗ್ ನಲ್ಲಿದೆ ಇದು ಹೇಗ್ ಸಾಧ್ಯ... ?,0
#win 12 ನಿಮ್ಮ ಕನ್ನಡ ಪ್ರೇಮಕ್ಕೆ ಧನ್ಯವಾದ,0
Asn will be mega hit Jai rakshith Shetty Jai Jai Jai rb sir,5
Sir nanu driver kelsa madidininNevu acting maddanta Amar Akbar Antony cinema dallinReally great sir Nevu nanu tumba adrustavanta nimjote edadu,0
Oooo super sir,0
@SIDDHARAM SHAPUR han,5
Firstu neen beldu,1
Yavga release agute,0
Mutturaj Melageri and,5
All the best DBOSS darshan fans Kade endaa,0
ಈ ಸಾಂಗ್ ಕೇಳಿ ರಶ್ಮಿಕಾ ಮಾದಣ್ಣ ಎಷ್ಟು ಹುರ್ಕೊಂಡಿದಾಳೊ ಅವ್ಳಿಗೆ ಒಂದು ಐಸ್,2
@Rohit Gangatkar guru ninge gotagalla sumne eru bale pans start madidare nau end madthivi e mathna thuldeepannan  pansgu helu modlu,4
ಈ ಚಿತ್ರದಲ್ಲಿ ನಟಿಸಿರುವ ಎಂ.ಕೆ. ಮಠ ಅದ್ಭುತ ನಟ. ರಂಗಭೂಮಿ ಹಿನ್ನೆಲೆ ಇರುವವರು. ಬಹುಭಾಷಾ ನಟ. ತಮಗೆ ಸಿಕ್ಕ ಕ್ಯಾರೆಕ್ಟರ್ ಗೆ ಪರಕಾಯ ಪ್ರವೇಶ ಮೂಲಕ ನ್ಯಾಯ ಒದಗಿಸುತ್ತಾರೆ. Love you ಮಠ ಸರ್,0
Namma karaavali enta enta actors galanna kannada cinemage needide gotta!?upendra,0
Desha modlu pls ban agbeku tik tok,0
Songs are not needed,5
idu Actually chenag irodu,0
Idu Englishs filmae beat madute ansudre like madi,0
@satishnithyanandam lo kaidhi,2
ಒಳ್ಳೆ ಫಿಲ್ಮ್ ಮಾಡಿದಿರ ಆದರೆ ಒಳ್ಳೆ promation ಯಾಕೆ ಮಾಡ್ತಾಇಲ್ಲ,0
Prajwal devaraj looks sooooo handsome in ANANTHU VS NUSRUTH kannada movie,0
ಸಾರ್ ನಿಮ್ ತಂದೆಯವರ ಅಭಿನಯ ನೋಡ್ತಾ ಇದ್ರೆ ಏನೊ ಹಳೇದೆಲ್ಲಾ ನೆನಪಿಗೆ ಬಂದು ಅಳು ಬರುತ್ತೆ.. ಆ ರೀತಿ ಮನಸ್ಸನ್ನೆ ಕರಗಿಸೊ ಕಲೆ ಅವರಲ್ಲಿತ್ತು. ಅಂತಹವರ ಮಗನಾಗಿ ಹುಟ್ಟಿದ್ದು ನಿಮ್ಮ ಪೂರ್ವ ಜನ್ಮದ ಪುಣ್ಯ ಅಂದ್ರು ತಪ್ಪಾಗುತ್ತೆ.. ಒಳ್ಳೇದಾಗ್ಲಿ ಸರ್.. ಎಲ್ರೂ ಸಾಯೋದೆ.. ಅಲ್ಲಿವರೆಗೂ ಖುಷಿಯಾಗಿರ್ಬೇಕು ಅಷ್ಟೇ..! ದೇವ್ರ್ ಒಳ್ಳೆದ್ ಮಾಡ್ಲಿ ನಿಮ್ಗೆ,0
ಹೌದು ಸರ್ ಅಶ್ವತ್ಥಾಮ ಇನ್ನೂ ಬದುಕಿದ್ದಾನೆ,0
Odeya blockbuster,5
Nimman kelu adna,2
nachike agtide nange enthado dod dod heros movi chennagildiddruu  odtave,4
ಯಾರ್ಯಾರಿಗೆ ಇಷ್ಟ ಆಗಿದೆ hands up,0
Rakshith fan kerala,5
Nijwaglu idare antha nambake agta illaaa,0
ಹಾಡು  ತುಂಬಾ  ಚೆನ್ನಾಗಿ ಇದೇ ಹುಲಿಯ nಇದೇ ಡಿಸೆಂಬರ್ 27 ಕ್ಕೆ ಮೂವಿ ತೆರೆಗೆ ಬರ್ತಿದೇ ಯಲ್ಲ  ಹಳೆ ರೆಕಾರ್ಡ್ ಗಳ್ ಗೆಲ್ಲ RIP. ಬರ್ತಾ ಇರೋದು ನಮ್ಮ  ಹುಲಿಯ,0
Super song anjanish lokanath vijaya prakash rashkit shetty,0
ತುಂಬಾ ಹೊಸ ಹಾಗೂ ರಚನಾತ್ಮಕ ಹಾಡು.,0
@Ambrish Mallad modalu bere hero respect kododu kali amele maathadu gaandu kudlu ella adu Ella andkondu,2
Super nivheliddu nija,0
ಆ ಮ್ಯೂಸಿಕ್ ಅಲ್ಲಿ ಏನೋ ಕಿಕ್ ಇದೆ,0
Super sogs guru,0
ತೊಗರಿ ತಿಪ್ಪ ಸುಪರ್ ಕಾಮಿಡಿ so super thogari thippa comdey,0
bro ನಿನ ಹತ್ರ ಏನಾದರೂ idea idre ಹೇಳಬಹುದು alva ?,0
ಫೆಂಟಾಸ್ಟಿಕ್ ಸಾಂಗ್ ಇನ್ ಕನ್ನಡ ಇಂಡಸ್ಟ್ರಿ ಫುಲ್ ಡಿಫರೆಂಟ್ ಟೈಪ್ song ಫುಲ್ ಗಿಚ್ಚ,0
Super Kannada film industry changing,5
ಅಂಥಹ ಮಹಾನ್ ಕಲಾವಿದರ ಮಗನಾಗಿ ಹುಟ್ಟಿದಿರಿ ನೀವು ಅದೃಷ್ಟ ವಂತ್ರೆ ನಿಮ್ಗೆ ಕಂಡಿತವಾಗ್ಲು ಒಳ್ಳೆದ ಆಗುತ್ತೆ ಆ ಶಿವ ಶಕ್ತಿ ನಿಮ್ಗೆ ಒಳ್ಳೆದು ಮಾಡ್ತಾರೆ ಧನ್ಯವಾದಗಳು ಓಂಶಕ್ತಿ,0
ಅತ್ಯದ್ಭುತ ಕನ್ನಡದ ಸಿನಿಮಾ. ಕಲಾವಿದರು ಕೂಡ  ತುಂಬಾ ಚೆನ್ನಾಗಿ ನಟಿಸಿದ್ದಾರೆ.,0
Super bro,5
Yan helidiya guru,0
I love aadi,5
Odeya film yeng edhe nodudra,0
ನಿಮಗೆ ಭಗವಂತನ ಅನುಗ್ರಹ ಅನವರತ ಇರಲಿ.n....nಇವತ್ತಿಗೂ ನಮ್ಮದು ಮೈಸೂರು ಸಂಸ್ಥಾನವೇ. ಮಹಾರಾಜರನ್ನು ಹೊರಗಿಟ್ಟು ಈ ಕಳ್ಳ ರಾಜಕಾರಣಿಗಳು ಮಾಡುವ ದಸರಾ ಮೆರವಣಿಗೆನೂ ಒಂದು ಮೆರವಣಿಗೆನೇ? ಯಾವತ್ತೂ ಸಾಧ್ಯವಿಲ್ಲ.... ಇನ್ನಾದರೂ ಎಚ್ಛೆತ್ತು ಕೊಳ್ಳಿ...,0
Nan yavathu youtube video na like kuda madila but comment madidini so.....,1
ಮೊದ್ಲು ಡಿಲೀಟ್  ಮಾಡ್ರೋ ಯಾವನು ಯವಳು  ಹಾಕೊಂಡಿದೀರಾ tiktok ಲೇ ದೇಶದ್ರೋಹಿಗಳ ಡಿಲೀಟ್ ಮಾಡ್ರಲಾ ಚಪ್ಪರ್ಗಳ  ಚೀನಿ ಆಪ್ ಗಳು ಯಾವು ಇದಾವೆ ಎಲ್ಲಾ ಮಾಡ್ರೋ ಈ ವಿಡಿಯೋ ದಲ್ಲಿ ಕೆಲವೊಂದು ಕಚಡಗಳು ಮಾತಾಡಿದವಲ್ಲ ಅವು ದೇಶದ್ರೋಹಿಗಳು ಸುಟ್ಟಾಕ್ರೋ ಅವರ್ನೆಲ್ಲ,0
Vijay praksh super voice,5
ಗುರುಗುಳ. ನಾನು ಚಿಕ್ಕವನು ಇದ್ದಾಗ ಟೇಪ ರಿಕಾರ್ಡರ್ ನ್ಯಾಗ ಕೇಳಿದ್ದೇ ಮತ್ತೆ ಇವಾಗ ಕೇಳಿ ಬಾಹಳ ಖುಷಿಯಾತು... ರೀ..,0
Yelli eddru guru e music director super music ultimate music,0
ಸತ್ಯವಾಗಲು ಸರ್ ನನಗೂ ಕೂಡ ಹಾಗೆ ಅನಿಸುತ್ತಿದೆ ಕಂಡಿತ ನಾವು ಈ ಸಿನಿಮಾ ಥಿಯೇಟರ್ ನಲ್ಲಿ ನೋಡಲಿಲ್ಲ ಅನ್ನೋ ಬೇಜಾರು ತುಂಬಾ ಆಗಿದೆ .,1
Koltogiro kobrimitayi mukdloge edkond degtin bro,2
All d best.... From #DBOSS Fansz..,5
ಕೆಲವರು ಟಿಕ್ ಟಾಕ್ ಅಲ್ಲಿ ಫಿಲಂ ಡೈಲಾಗ್ಸ್ ಮಿಕ್ಸ್ ಮಾಡಿ ಸ್ವಾಮಿ ವಿವೇಕಾನಂದ ಎಪಿಜೆ ಅಬ್ದುಲ್ ಕಲಾಂ ಜಿ ಥರ ಆಡ್ತಾರೆ ಅವರನ್ನ ಹೀಗೆ ಬಿಟ್ಟಿದ್ದರೆ ಕಲಿಯುಗದ ಸರ್ವಜ್ಞ  ಹಾಗಿ   ಬಿಡುತ್ತಿದ್ದರು  ಥ್ಯಾಂಕ್ಯೂ ಮೋದಿಜಿ ಟಿಕ್ ಟಾಕ್ ಬ್ಯಾನ್ ಮಾಡಿದ್ದಕ್ಕೆ.,1
Anna yavuranna nindu...chamarajnagarana...,0
E kithu hogi ero Nan makallu na chapalli Alli hodi beku.... Tiktok Ban Madi olle kelsa Madi edare,3
Enayya Neel acting yapppa,5
BGM is Superbb,5
Super steps Hands up,5
Super  song,5
Compare madebda yella nam avre.. Talent irodakke beldirodu,0
Super bro.,5
ಕನ್ನಡದವರಾಗಿ ಕನ್ನಡ ಸಿನಿಮಾ ಹೆಮ್ಮೆಪಡುವಂತಹ  ಸಿನಿಮಾ,0
Rashmika dagar munde,0
Suryana Mari,5
My fevareta song,5
mohan R gowda v,5
Super song,0
Yav game idu,0
Kannada song Yavagalu super,0
Eee song naa eeega nodthiroru like maadi,0
ಕನ್ನಡ is super,0
Spr song,1
ಸೂಪರ್ ಸೂಪರ್ ಸೂಪರ್ ಸೂಪರ್ ಸೂಪರ್ ಸಾಂಗ್,0
Music superrr addicted,5
15 days inda bari dia movie status akthaedini bro awesome movie bro,0
super song i like it,0
Ccccccn  Bbb,5
Nivella aa Udyonmukhi Rajakarani kadeyavara,3
Hinene sariyagide sir,0
en music guru,0
ಇದನ್ನೂ ಕೂಡ ಡಿಸ್ಲೈಕ್  ಮಾಡ್ತಿರಲ್ಲರೊ ಏನ್ರೊ ಎಲ್ಲಿಂದ ಬರ್ತೀರೊ ನೀವೆಲ್ಲಾ,3
Sir pls i request bgm for band master,5
@akshay kumar Guru nan movie na first week theater nalli nodde I liked movie and referred my friends to see movie ಯಾರು ನೋಡಲಿಲ್ಲ ಅಂಥ ಅಂದ್ರೆ ನಾನ್ ನೋಡಿಲ್ಲ ಪ್ರೋತ್ಸಾಹ ಕೊಟಿಲ್ಲ ಅಂಥ ಅಲ್ಲ ದಯವಿಟ್ಟು ನೋಡ್ಕೊಂಡ್ ಮಾತಾಡಿ ನಮ್ಗೂ mathadokke ಬರುತೆ,1
ಯಾದಗಿರಿ ಜಿಲ್ಲಾ ಶಾಪುರ್ ತಾಲ್ಲೂಕು ಡಿ ಬಾಸ್ ಅಭಿಮಾನಿಗಳು   ಕಡೆಯಿಂದ ಪ್ರಜ್ವಲ್ ದೇವರಾಜ್ ಮೂವಿ ಜೆಂಟಲ್ಮ್ಯಾನ್ all theಬೆಸ್ಟ್ ಸೂಪರ್ ಟ್ರೈಲರ್,0
Nivu pan India film Madi sir nivu Nam sandalwood most handsome hunk,0
Super hands up,5
supe togari tippa,5
Super movie,5
ನಾವ್ ಲಕ್ಷ್ಮೇಶ್ವರ ದವರ nಸೂಪರ್,0
ಏಳ ನಿನ್ ಅಕ್ಕುನ್ ತಿಕಾ ನ ಕೈಯಾ,4
ಇದು ಚರಿತ್ರೆ ಸೃಷ್ಟಿಸೋ ಸಾಂಗ್!!!nಮಧ್ಯ  ಸೇವನೆ  ಅಭ್ಯಾಸದಿಂದ ಬೇಕಾದ್ರೆ ಮುಕ್ತಿ ಪಡೆಯಬಹುದು ಆದ್ರೆ ಈ ಸಾಂಗ್ ಇಂದ ಅಲ್ಲ  ನಿಜಾ ಅನ್ನೋರು Hands Up ಮಾಡಿ,0
ದಯವಿಟ್ಟು ನನ್ನ ಎಲ್ಲಾ ಕನ್ನಡಿಗರಲ್ಲಿ ಒಂದು ವಿನಂತಿ,0
Modi ji gamana kodi namma sath nemage ide,0
Yella shatti gale,1
Mind blowing song...,5
ಹಾಡು ಮಾತ್ರ,0
Super bro nim nice and dialogue bro🤣,0
@Nandi Parthasarathi ಮುಕುಳಿ ಮುಚ್ಚಿಕೊಂಡು ಸೈಡ್ ಅಲ್ಲಿ ಇರು... ಇದು ಗಂಡಸ್ರ ವಿಶ್ಯ ಬಳೆಗಾರು ಎಲ್ಲಿ ಎಲ್ಲ ಬಾರೋ ಹಾಗಿಲ್ಲ ಬೇವರ್ಸಿ ಮುಂಡೆ,2
Obba nata driver ägiddaru adakkintha obba driver natarägiddàre annothe HEMME.,0
thogari tippa super,0
Siri song bro,5
@ᴍᴏᴠɪᴇs sᴛᴜᴅɪᴏ yen bekaadru baiko....naan yaav hero blind fan alla.... nin thara....,2
Love u sir,5
Ur Insta I'd name bro,0
ನಮ್ಮ್ ಪ್ರಜ್ವಲ್ ಬೋಸ್ ಗೇ ಒಂದ್ ಒಳ್ಳೇ ಯಶಸ್ಸು ಅನ್ನ ಕೊಡ್ಲಿ ಈ chitra,0
dislikes are from pedigree foodies,3
What a music man....whaaaaaa,5
Nope i understood because im ಕನ್ನಡಿಗ,0
ಏನ್ ....... ಪಾ ಅವರ್ನ್,2
le kelly yak guru..yella kade negative agi matadtidiya...yaake...avr ella wish maadtidare aste...if u gonna watch its upto u...just dont trigger evrone at no reason...,0
Love u brooo,5
Heliro prati ondu point super brooo adrallu yaro obba yallo eno agidakke tiktok ban madavre anta helidnalla avnige saryagi uttara kottidira super nivu,0
Sir really talent  andre nimde nimmantavaru beku nam deshakke,0
@TROLL MONSTER_KANNADA nDagar fan modalu tilakonda matado gubal.....nYaramunde aadre ee tara heludre metteli hoditara pa......,2
Super creation bro .  Adru nim voice sppppprrrrrr.....,0
Nija heliddiya guru.nEvr mane yaradru bordernalli sattidre gottagodu.,3
Love you sir,5
Yaaru e songanna ondakkinta jaasti sala kelta edeera like maadi,0
Bari olu nan makla,3
Super agide song maatra Haaands Up  n940 dislikes and still counting,0
Ee song ge dislike yakro madtira istond chanagide making,2
Anna en mast helde 100 plzzz innu innu publish Madi thukali tiktok ge end sigli,0
ಪ್ರಾಣಿಯ ಶಿಕಾರಿ ಅಲ್ಲ ಅಂತ ತಿಳಿಯುತ್ತೆ.. ಯಾವ ಶಿಕಾರಿ.. ಕಾದು ನೋಡಬೇಕಾಗಿದೆ superb trailer..,0
ಯಪ್ಪಾ ನನ್ನ ಒಂದು ಕಾಮೆಂಟ್ 3ಕೆ ಲೈಕ್ ತಗೊಳ್ಳುತ್ತೆ.. ಆದರೆ ನನ್ನಂತ ಸಾಮಾನ್ಯ ಯೂಟ್ಯೂಬ್ ಚಾನಲ್ 3ಕೆ ಫಾಲೋವರ್ಸ್ ಮಾಡೋಕೆ ಕಷ್ಟ ಪಡ್ತಿದ್ದಿನಿ.. ನನ್ನ ಚಾನಲ್ ಅಭಿವೃದ್ದಿ ಮಾಡ್ತೀರಾ??,0
Wat dat means bro,5
ಹೆಸರಿಗೆ ತಕ್ಕ ತಿಪ್ಪ.....ಹಾಸ್ಯಮಯ Super,0
Meku kannada samajhti ni phr bhi  I like it,5
Super song,0
ಇದು ಚರಿತ್ರೆ ಸೃಷ್ಟಿಸೋ ಅವತಾರ,0
All d best for appu fans,5
Super ri bro,0
Boss akkun bidbede roste madi,0
ಚಂದನ್ ಶೆಟ್ಟಿ ಟ್ರೊಲ್ ವಿಡಿಯೋ ನೀವು ನೋಡಿ ನೆಗಡ್ಡೆ ಇದ್ರೆ ನಾವ್ ಗ್ಯಾರಂಟಿ,0
Fan from Andhra 🤩,5
Suppar anna I am army boy,0
Super guru ninu..,0
జై డి బాస్ అభిమాని,5
@Nandi Parthasarathi mars venus inda bartira,5
ಮೆರೆಯಲಿ ಗಗನದಲಿ ನಿಮ್ಮ ಲಾಂಛನ,0
ತುಂಬಾ ಚೆನ್ನಾಗಿದೆ ಸಾರ್,0
Abbbabbabababababa . . Dhoolu guru.. gooli Bantu,2
Idu charitre baryuva..Narayana..,0
So interesting film,0
D BOSS fans,5
ಅಪ್ಪು ಸರ್ ಅಭಿಮಾನಿಗಳ ಕಡೆಯಿಂದ ಶುಭವಾಗಲಿ,0
Rip tik Tok,0
GTA 5 bro,5
Rango english animated movie nodi story bardiro haag ede.,0
Akbar Dhannur Malayalam film,5
Yan guru tik  tok  trolars mirisibite guru Tik Tok stars nin  video nodidre madiro videos muti muti nodkobeku Atara idea,0
OMG  SO GOOD SONG,5
Super bro,5
@Nandi Parthasarathi ನಂದಿನಿ ನಂದಿನಿ ನಿನ್ ತುಲ್ಲು ಕೆಂಗೇರಿ ಮೋರಿ,2
ತುಳುನಾಡ ತುಳು ಸಿನಿಮಾ ಹೀರೋ ಪೃಥ್ವಿ ಅಭಿನಯ ಸೂಪರ್...,0
Super songs,5
ಚಂದನ್ ಶೆಟ್ಟಿ ಟ್ರೊಲ್ ವಿಡಿಯೋ ನೀವು ನೋಡಿ ನೆಗಡ್ಡೆ ಇದ್ರೆ ನಾವ್ ಗ್ಯಾರಂಟಿ,0
ಚಂದನ್ ಶೆಟ್ಟಿ ಟ್ರೊಲ್ ವಿಡಿಯೋ ನೀವು ನೋಡಿ ನೆಗಡ್ಡೆ ಇದ್ರೆ ನಾವ್ ಗ್ಯಾರಂಟಿ,0
@Shwetha Gowda hi goodmorning,5
Anna sakath agi mathadiddira,0
ಅತ್ಯುತ್ತಮ ಹಾಡು,0
Like salman jettender,5
Kithodnan maklu galu. Alli saytha edare  elli yak madbeku uninstall madbeku anthare. Gandu galu,4
Next level movie guru,0
ASN song Hansp song nice,0
ಇದು ಚರಿತ್ರೆಯನ್ನು ಸೃಷ್ಟಿಸೋ ಅವತಾರ.,0
@Nandi Parthasarathi ಎಷ್ಟು ರೇಟು ಒಂದು ರಾತ್ರಿ ಬ ಸಾಕು,2
Song sprrrrrr bro 🤣🤣🤣🤣,5
@Abhilash Gowda neen anbeda bidolo,2
He  is like  shankarnag,5
അടിപൊളി പടം..  നായിക കുട്ടൂസ് പൊളി,5
Kerala antha helbedi bro. Adu kuda jathi na nodutte. Agi hechagi nodutte nan sutta muttalina example nalli heltha idini... I have many Malli frnds so,0
ಮನ ತಣಿಸುವಂತ ಕಥೆ ತುಂಬಾ ಚೆನ್ನಾಗಿದೆ..,0
Movie was amazing!!🤩🤩,5
Anna yav kaaldall iddira.2020 agutte next..Joke madbedi,0
Plz dayvitto Kannada Film industry yali ivrgge Film gallali chence koddi yappa,0
@Pooja Gupta true,5
Super guru song,0
ಇದು ಪಕ್ಕಾ ಶಂಕರ್ ನಾಗ್ ಸ್ಟೇಲ್ ...... ಟ್ರೈಲರ್ ಅಷ್ಟೇ ಸಾಂಗ್ ಅಷ್ಟೇ .........  ಸರಿ ಏನೇ ಇರಲಿ ಓಳ್ಳೇದಾಗಲಿ.... ನಮ್ಮ ಭಾಷೆ ನಮ್ಮ ಹಿರಿಮೆ,0
music alli  eno diffirent kick ide,0
Anna nin super yelargu saryag ugdidya avrgela bartha edid bikshe kaasu miss aythu antha support madtha edru aste,0
Muchgond irappa Nim dharmad bagge nodkond sumne irinNam nambike bagge nimag yeke uri,2
Idu Charitre srustiso avatara ......ASN,0
Its a swamake movie.. not remake,5
Nimma customer reactionna video maadi youtube channel open maadi upload madi sir,0
Hit bidu guru,0
I like it kanta nI like it,5
wow...  great work..,5
Harsith venktesh yake comedy anusathva... Kastadalli idhavarige help maadi punya siguthe,2
Super  songs,5
Song likers 119k and Rakshit Shetty nodi urkoloru (unlikers) 1.7,3
Tamate song matra amazing.,0
Exelent music &dance,4
I like your comments,0
ಚೀನಾ ಕಮ್ಯುನಿಸ್ಟ್ ದೇಶ ಸರ್,0
ಸೂಪರ್ ತೊಗರಿ ತಿಪ್ಪನ್ ಕಥೆ,0
ಸಿನೆಮಾ ವೃತ್ತಿ ನಂಬಿ ಬರಬೇಡಿ,0
Thumba vishaya galannu thilisi kotri Amar prasad ravare .thank you,0
Modijji avrige gothu aste gothu soldiers value,0
Rakshit shetty 🤗,5
Sir navu kannadadavru #asn moviena nale release madidru nodthivi.... #Kgf rangeGe bere bhashelu promote madi modlu...Kannadadallanthu % hit,0
Ashvatthsma idre avana photo kalsi,0
Togari tippa katha n 3,5
B Ajaneesh Lokanath BGM Stun Bro..,0
@prithvi nayak ಉರ್ಕೊಂಡ ಲುಚ್ಛನ್ ಫ್ಯಾನ್ bcz,3
Super song  kannada,0
Sir nimmana nodtidre ashwth sirna nodadhaste kushi aaguthe Sir,0
ಅವನೇ ಶ್ರೀಮನ್ನಾರಾಯಣ ಅಲ್ಲnnಇವನೆ ನಮ್ಮ ಶ್ರೀಮನ್ನಾರಾಯಣ nಪವರ್ ಸ್ಟಾರ್ ಪುನೀತ್ ರಾಜಕುಮಾರ್ ಅಭಿಮಾನಿಗಳು ಸಪೋರ್ಟ್ ಮಾಡೋರು ಲೈಕ್ ಹೊಡಿರಿ nಜೈ ಪುನೀತ್ ರಾಜಕುಮಾರ್nಜೈ ಕನ್ನಡ ಚಿತ್ರ ರಂಗ,0
ಸಿನಿಮಾ ನಮ್ಮ ಕಲ್ಪನೆಗೂ ಮೀರಿದೆ ಅದ್ಬುತವಾದ ಪ್ರೀತಿಯ ಲೋಕ ಆದರೆ ಸಿನಿಮಾದ title ಸೆಳೆಯದೆ ಇರುವುದು ಒಂದು ಕಾರಣ..,0
Super.... kerala Rakshith shetty fans like maadi. ലൈക്ക് അടിക്കൂ സുഹൃത്തുക്കളെ...,5
Sir nim movie nodi nimge thumba ista aytu adre ondu bejaru agtide nNim movie song innu 2 songs release madiri please,3
all da best,5
@sumit patil but torsalla..,0
En guru nin line's galu super agi helidiyaa bidu,0
Krishna Tirividi ಹೌದು ಕರೆಕ್ಟ್..ಅಪ್ಪು ಫ್ಯಾನ್ ಕಡೆಯಿಂದ..,0
tune at 2,1
Hauda angadre hogi avn tunne unnu,1
Pmt andre yavdu?,0
full videos link iddare haaki...,0
ಚಂದನ್ ಶೆಟ್ಟಿ ಟ್ರೊಲ್ ವಿಡಿಯೋ ನೀವು ನೋಡಿ ನೆಗಡ್ಡೆ ಇದ್ರೆ ನಾವ್ ಗ್ಯಾರಂಟಿ,0
ಲಾಸ್ಟ್ ಅಲ್ಲಿ Fork  ಎಸೆದಿದ್ದು shaanvi aka Lakshmi ಇರಬಹುದಾ ಅನ್ನೋರು like ಮಾಡಿ,0
ಇಂಥ ಒಳ್ಳೆ ಸಾಂಗ್ ಅನ್ನು ಕೂಡ dislike ಮಾಡ್ತಾರಲ್ಲ ಆವರು ಮನುಷ್ಯ ಜನ್ಮಕ್ಕೆ ನಿಜವಾಗಿಯು ಸೇರಿಲ್ಲ ಅನ್ಸುತ್ತೆ ನಿಮ್ಮ ಕೈ ಅಲ್ಲಿ ಲೈಕ್ ಮಾಡುಕೆ ಆಗಲ್ಲಾ ಅಂದ್ರೆ ಸುಮಸುಮ್ನೆ ಇಂಥ ಸಾಂಗ್ ಗೆ dislike matra ಮಾಡಬೇಡಿ,3
@Chethan Chethu ಜೈ ಡಿ ಬಾಸ್,0
Anna thamma janpada super,0
super ತೊಗರಿ ತಿಪ್ಪ,0
@Entertainment Gaming ohhh sari guru nambthine,0
We are all ready serrender settre....,5
Namma janagalige taste illa avrige fighting,1
Super Junior narayana,0
En song guru.....,0
ಯುದ್ದ ಮಾಡಬೇಕು ಓದಬಾರದು ಕಟುಕರ ಮುಂದೆ ಭಗವದ್ಗೀತೆ.....ಇದು ಚರಿತ್ರೆ ಸೃಷ್ಟಿಸೊ ಅವತಾರ,0
Narayana. Character. Yariga  istha. Illi. Like. Madi,0
Nani kannd movie .,5
No.. 1 sec saku summe mnt ella waste madtara,3
Tiktok madorena Chinese ge kalse beku,3
Avaru badlagabeku ivara badlagabeku annodu tappu modlu nav badlagbeku ekandre vote hakori nave matte avara gedda mele avaranna baioru nave nija ansidre like madi,0
ಚಂದನ್ ಶೆಟ್ಟಿ ಟ್ರೊಲ್ ವಿಡಿಯೋ ನೀವು ನೋಡಿ ನೆಗಡ್ಡೆ ಇದ್ರೆ ನಾವ್ ಗ್ಯಾರಂಟಿ,0
Tik Tok tune hunkondh hoeyhu Tik Tok madhuru china avaradhu tune unri🤣🤣🤣🤣🤣,3
Ye south indian log hindi walose nafrat krte hai tu kyu itna uchal raha hai ... kisi south indian movies ke songs/trailer pe ja aur comments dekh pta chal jaega,5
ಕನ್ನಡದಲ್ಲಿ ಮಾತಾಡು ಪೃಥ್ವಿ...ಇಂಗ್ಲಿಷ್ ಬೇಡ ಇದು ಕರ್ನಾಟಕ,2
ತುಂಬಾ ಚೆನ್ನಾಗಿದೆ.. ಹಿನ್ನೆಲೆ ಸಂಗೀತಕ್ಕೆ ಮಾರು ಹೋದೆ...,0
Super song amazing lyrics,0
Nice bro Nina vicoe super,0
ಧನ್ಯವಾದಗಳು ರಕ್ಷಿತ್ ಶೆಟ್ಟಿ ಅವರೇ ಸಾಂಗ್ ತುಂಬಾ ಚೆನ್ನಾಗಿದೆ ನಿಮ್ಮ ನಿಮ್ಮ ಸಿನಿಮಾಕ್ಕೆ ಆಲ್ ದ ಬೆಸ್ಟ್  ಆಲ್ ದ ಬೆಸ್ಟ್,0
Togari tippa super star,5
@Nandi Parthasarathi ನಂದಿನಿ 1 ಲೀಟರ್ ಹಾಲು ಕೊಡಿ plz,2
Loude illu nim sade fans giri shuru madudra.. Olle movie ge support everyone best in their part.. Thu nan makla nimantavrindane innu kannada industry explore agtilla..,3
Jai d boss,5
ಚಮಯ್ಯ ಮೇಸ್ಟ್ರು ಅವರ ಆಶೀರ್ವಾದ ಯಾವಾಗಲೂ ಇರುತ್ತೆ ನಿಮ್ಮಲ್ಲಿ ಸ್ವಾಭಿಮಾನ ಇದೆ ಆಗು ನಿಮ್ಮಲ್ಲಿ ಒಂದು ಛಲ ಇದೆ,0
ಇನ್ನು ನಮ್ಮ ಗೇ ಕಾಣದೆ ಏನೇನು ಇದೆಯೋ ಇಲ್ಲವೋ ಎಲ್ಲಾ ಕೃಷ್ಣ ನಿಗೆ ಗೊತ್ತು,0
Oh Broi  Tqusm🤩,5
Tiktok ban ಆಗಿ ಒಳ್ಳೆಯ ದು ಆಯಿತು,0
Superb bgm n nice dance moves,5
Tennis Krishna fans hit like,5
Nkn sakkat guru....,0
@TROLL MONSTER_KANNADA ಲೋ ಬೋಳಿಕೆ,2
Hands uppppp chindiiiiii,3
ರಕ್ಷಿತ್  ನಿಮ್ಮ  ಕೈಯಲ್ಲಿ  ಕನ್ನಡ   nಸುರಕ್ಷಿತ,0
Super................ Song,5
@V B Ade,0
Anjali Devi  hiii,5
Yudd madbeku odabardu katakar munde bagavtgithe. annuv salannu hiro annbek ettu..super song,0
My favorite movie,5
Yes..you are GENTLEMEN!!,5
ಚಂದನ್ ಶೆಟ್ಟಿ ಟ್ರೊಲ್ ವಿಡಿಯೋ ನೀವು ನೋಡಿ ನೆಗಡ್ಡೆ ಇದ್ರೆ ನಾವ್ ಗ್ಯಾರಂಟಿ,0
ಸೂಪರ್ ಸೂಪರ್ ಸೂಪರ್ ಬ್ರದರ್,0
I love you sir,0
Noraru kooti suriyo Kannada Film industry entha kalavidara nu belasalu sadyavilave enta  nachike vishaya alva,0
Super energetic song,0
ಚರಿತ್ರೆ ಸೃಷ್ಟಿಸೋ ಸಾಂಗ್..🤗,0
ಮೂವಿಗಾಗಿ ಕಾಯುತ್ತಿರುವವರು ಲೈಕ್ ಮಾಡಿ,0
Superb movieeeeeee ....,5
super thogari tippa,5
ಬೀದಿ ಕಸ ಗುಡಿಸಿ ತನ್ನ ಮಕ್ಕಳನ್ನ IAS,3
Subscribe aade guru,0
ಅತ್ಯುತ್ತಮ ಪ್ರಯತ್ನ ಶುಭವಾಗಲಿ,0
Hats off to News channel .nಅದ್ಭುತವಾದ ವ್ಯಕ್ತಿಯನ್ನು ಪರಿಚಯಿಸಿದ್ದಕ್ಕೆ.,0
@Venki Udv but story line seems different.,0
@prithvi nayak next dabbang bere ide,0
Eega ellakade ursthayirodu kannadigare,3
Suaprb movie Re release plzzzz,5
En helde guru sakkath.tik tok madorgella super agi heldre,0
Lowde song hesru en helu,2
Vivek bindra avra hindi version na kannadal helidake nimge danyavadaglu sir....,0
Yav game guru edu,0
Anjali Devi hi,5
Vijay Prakash sakkath Voice,0
Good msg man,5
My most favorite song,5
Super cute little song,5
Hindi song yavaga release madtira?,0
For Bollywood,5
@Ajay Joshi nJaake karam johar ko pooch,2
A pistol idkondu hako step,0
@prithvi nayak ನಿನ್ ತುಲ್ಲು ವಾಸ್ನಿ,2
@Chaitanya P ? Haagandre yenu? Nam hero yellakade gelbekalwa?..,0
Super sangs super movie,5
Hatrale akige bindu gowda ge,2
Bro ur voice NYC bro,5
@vinay vinu ಅಶ್ವತ್ಥಾಮ ಹೇಗೆ ಚಿರಂಜೀವಿಯೋ ಹಾಗೆಯೇ ಭಗವಾನ್ ಪರಶುರಾಮರು ಚಿರಂಜೀವಿನೆ ಅಲ್ವಾ... ಹೇಗಾದ್ರು ಮಾಡಿ ಅವರ ಹತ್ರ ಇರೋ ಅಸ್ತ್ರಗಳನ್ನು ಪ್ರಯೋಗಿಸಿ ಪಾಕಿಸ್ತಾನದ ಉಗ್ರಗಾಮಿಗಳನ್ನ ನಾಶ ಮಾಡೋಕ್ಕಾಗಲ್ವ...,1
Swabhimaani neevu. Keep it up,0
Dislike madiroru kgf fans ..,5
after karaabu*,5
@Madhu Madhu hello bro navu tulunad navru tulu namma matru bashe aste abhimana kannada bashe melu ide,0
Jai modiji for tik tok ban 🥰🥰🥰,5
Yup daily  rakshit,5
ಒಂದೊಳ್ಳೆ ಚಿತ್ರಕ್ಕೆ ಈ ರೀತಿ  ಚಿತ್ರಮಂದಿರ ಸಮಸ್ಯೆ ಆಗಬಾರದು,1
444444 super 30,5
@Mahesh 13 1- Rajkumar chitragalanu naanu nodidheeni. Haadu ishta pattidheeni. Adhrey avara haadey best antha illaa.nn2- Songs music composing aaa? Ilayaraja goththaa? Shankar Ganesh goththaa? Haris Jayaraj goththaa? AR Rahman? Santhosh Narayanan? MS Viswanathan? Deva? Ivarella Rajkumar illadhe yeshtu hit songs kottidhaare goththaa Kannada dhalli? nShankar Ganesh thagolli. Average music director. Avara Kannada songs tune aagley bayankara craze - Karunaada Thaayi Sadha chinmayee,0
ಚರಿತ್ರೆ ಸೃಷ್ಟಿಸೊ ಅವತಾರ ಅಷ್ಟೇ ಅಲ್ಲ ಚರಿತ್ರೆ ಜೊತೆ ಇತಿಹಾಸನ ಉಲ್ಟಾ ಮಾಡೋ ಅವತಾರ all the best ರಕ್ಷಿತ್ boss and 100 days running successful ಆಗೆ ಆಗುತ್ತೆ,0
ಕನ್ನಡವನ್ನು ಇನ್ನೊಂದು ಹಂತಕ್ಕೆ ಕೊಂಡೊಯ್ಯುವುದರಲ್ಲಿ ಸಂದೇಹವೇ ಇಲ್ಲ...nರಶ್ಮಿಕ ಕಕ್ಕ ಅವರೇ ನೋಡಿ ಉರ್ಕೊಳ್ಳಿ,4
Nayanappa's book ??,5
Super movie  bera level kannada industry kodithe bro yellaru miss madthe nodbaku,0
Thumba chanegide sir,0
Modalu ninu pubj band madu nanu tik tok  down load madilla nanu use made Ella please delete from pubj,0
Jai d bosss,5
ಟೃಂಡಿಂಗ್ ನಂಬರ್ . 1,0
Yen thapu illa Inna chanag ugibeku,0
ಎಲ್ಲರೂ HANDS UP ಸೈಲೆಂಟ್ ಆಗಿರಿ ಶ್ರೀ ಮನ್ನಾ ರಾಯನ ಬಂದವ್ನೆ...,0
Youtube channel nalli ASN release promos upload madi sir,0
ನಾವು ಸಣ್ಣವರದ್ದೀಗಾ ಈ ನಾಟಕ ಹಳೇ ನೆನಪು ಬರತ್ತ ಇದೆ ಇದನ್ನ ಕೇಳಿ ಪುನಃ ಪುನಃ ಕೇಳಬೇಕು ಅನಿಸುತ್ತೆ ಶಂಭು ಬಳಿಗಾರ ದೊಡ್ಡ ನಮಸ್ಕಾರ ಇದೇ ತರ ನುಚ್ಚಿನ ಮಲ್ಲಯ್ಯ ನಾಟಕ ಆಪ್ ಲೋಡ್ ಮಾಡಿ,0
Superb sir,5
ಸ್ವಾಭಿಮಾನಿ ಶಂಕರ,0
Wow boss sariyagi helidhira but use madorige sariyagi heli next video,0
super ತೊಗರಿ ತಿಪ್ಪ,0
Nim bagge nanu kai hetthi mugithini shankar ashwath sir,0
Super sir,5
Good job sir,5
@Nandi Parthasarathi 🤘ಉರ್ಕೊಂಡು ಊರ ಬಿದ್ದರು ಅಂದ್ರೆ🤫🤫 ತಿಕ ಕುಡ್ಕೊಂಡು ಕಾಮೆಂಟ್ ಮಾಡಕ್ ಬಂದಿದ್ದೀರಾ🤣🤣,2
ತೋ ಗರಿ  ತಿಪ್ಪಾ ಸೂಪರ,0
Edu edu kannada industry... Olle kalavidrige,0
Well said broi,5
Idella yake Kannada Films Dodda samrajjya ne katbeku Dodda Charitrene Srusti madbeku anta helu....,0
Super super rakshit Shetty king.star,0
Hindi mai karo plz,5
We want grow Kannada industry,5
Tq sis ದೇಶಕ್ಕೆ support ಮಾಡ್ತಿರೋದಕ್ಕೆ,0
See #2 on trending .,0
Le mc tuje dislike logoo ka kya lena dena.... Magyaa,5
Hands up for #ASN,5
Tik tok ban,5
ಸರ್ bigg boss house ಗೆ ಹೋಗಿ ನೀವೇ ಗೆಲ್ತಿರಾ 🥺,0
ರಕ್ಷಿತ್ ಶೆಟ್ಟಿಯವರು ವಷ೯ಕೊಂದು nಮೂವಿ ಮಾಡಿ ಅನ್ನೋರು ಲೈಕ್nಮಾಡಿ,0
@Nandi Parthasarathi nadiyole sule magane Nam style Nam ista ning yako thika uri,2
Nakkan idhu idhu roast andhery,0
Bai rakshith avri nan msg nodudri yargu agllilla aa thukali dagarna madvi madkolak hogbedi,2
Sir lahari music navru karaoke uplode madtidare new song  nivu uplode madi  lyirical song ge karaoke add madi  uplode madi,0
Eli eddeli boss nim time bandide,0
ಹೌದು ಅವನು ನನಗೆ ರಾತ್ರಿ  ಬೇಟಿಯಾಗಿದ್ದ ಕಣ್ಣು ಮುಚ್ಚಿ  ತೆಗೆಯೋದರೂಳಗೆ ಬೆಳಕಾಗಿತ್ತು,0
@Manjunath shetty Bhatkal bro...nanna friend Manju film industrynalli iddane...namma urinavre...nanna friend...nanna contactnalli iddne... script matadiddeve....ottige seri discuss madona ...,0
@Creative Kannadiga  le gubald atte Alla magalaganda andangaitu,0
Super star of Kannada film industry,0
Sariyagi helidira bro,0
Togari tipppa story super,5
Ultimate HANDS UP,5
ಬಹುಷಃ ಬಿಡುಗಡೆ ಸಮಯದಲ್ಲಿ ಸಿನಿಮಾ ಜಾಹೀರಾತುಗಳು ಒಂದು ಜನರಿಗೆ ಮುಟ್ಟಿಲ್ಲ ಅನ್ಸುತ್ತೆ....,0
ಸೂಪರ್  ಲಿರಿಕ್ಸ್,0
Nan uninstall madhe,0
ಇದು ಚರಿತ್ರೆ ಸ್ರಷ್ಟಿಸೋ ಅವತಾರ...,0
Urkond Sai beku,1
Is it true,5
Nanu tiktak ballisilla avivekialu youtub nu... Kuda almadutidira nimmantorinda aellu agutte,3
Estella matadonu elli matadodkintta border ge hogi matado maraya,2
Super song,5
It looks like rangitharanga-2,5
ಸುಮಾರು ೨೪-೨೫ ವರ್ಷದ ಹಿಂದೆ ಕ್ಯಾಸೆಟ್ ಮೂಲಕ ಕೇಳಿದ ತೊಗರಿ ತಿಪ್ಪನ ಕಥೆಯಿದು. ಇಂದಿಗೂ ಅದೇ ನಗು,0
Tenniske Baal,1
Super heart touching movies. Wonderful beautiful film. ಈ ಚಲನಚಿತ್ರವನ್ನು ಹೇಗೆ ವರ್ಣಿಸಬೇಕು ಅಂತ ಗೊತ್ತಾಗ್ತಿಲ್ಲ. ಪದಗಳೇ ಸಿಗುತ್ತಿಲ್ಲ. ನಾವು ಅಂತು n Waiting dia  chapter 2.,0
hi good day next,5
ಬಸವರಾಜ ಕೆಂಚರಡ್ಡಿ super,0
Hands Up songnH i n d i . . .,5
Game name henu bro,0
@abhi k patil yes.... ASN,5
Bro...nNeen este Roast madudru...China ne beku anthare ivrnella gun thagond shoot madbeku aagadru India dalli eetara Desha virodhi galu sattadru saythare... Nin video nodi actually innondsari tiktok alla mbl muttoku nin permission kelbeku... nInnond strong aagi video madu guru...,4
Super tippa story,5
Hands up ಇದು ಚರಿತ್ರೆ ಸೃಷ್ಟಿಸೋ ಅವತಾರ .. Althe best ASN...simple Star ನ ಅದ್ಧೂರಿ ಅವತಾರ.. ಅವನೇ ಶ್ರೀಮನ್ನಾರಾಯಣ..,0
Brother nange kanniranna control madlikke agalilla... Nanage nanna ammana nenapu kadtide... Jotege idu out of feeling..,0
@Nandi Parthasarathi  ಮುಚ್ಚಲ್ಲೇ.... ಮರಿ  ದೊಡ್ಡಬಳ್ಳಾಪುರ ಇತಿಹಾಸ ಏನೋ ಗೋತು .ರಾಜಕಮಲ್ ಗೆ ಸಿನಿಮಾ ಹೊದ್ರೆ ಕ್ಲಿನ್ ಇಲ್ಲ ವಾಸನೆ. ಸರಿಯಾದ ಮೆಂಟೇನ್ಸ್ಸ್ ಇಲ್ಲ.  ಅವಾಗ ಕನ್ನಡ ಸಿನಿಮಾ ಹಾಕೋಡ್ರ್ಲ್ಲಿ ನಮ್ಮಗೂ ಇಷ್ಟ ಇತ್ತು. ತೆಲುಗು  ಸೈರ ನರಸಿಂಹ ರೆಡ್ಡಿ ಹಾಕಿಡೋನೋ ರಾಜಕಮಲ್ ಮರ್ಯಾದೆ ನೋ ಹೋಯಿತು,2
ಚಂದನ್ ಶೆಟ್ಟಿ ಟ್ರೊಲ್ ವಿಡಿಯೋ ನೀವು ನೋಡಿ ನೆಗಡ್ಡೆ ಇದ್ರೆ ನಾವ್ ಗ್ಯಾರಂಟಿ,0
ನಂಗೆ ತುಂಬಾ ಬೇಜರಾಯಿತು ಒಂದು ಒಳ್ಳೆ ಸಿನಿಮಾ ಮಿಸ್ ಮಾಡ್ಕೊಂಡೆ ಅಂತ theater li ನೋಡಬೇಕಿತ್ತು.nI feel guilty,0
Nam kannada songs yavglu super hit,0
It is karabu.,5
Frickin ear worm of a song..Ppa pa ba ppa pa pa pa pa pa..,5
You deserve big level,5
@Raja Vishnuvardhana hagidre enu madok agolla bidu.hahaha.,0
Nim mane ge banadhu ellva ..,0
@Nandi Parthasarathi ಹಡಿತೀನಿ ಬಂದ್ರೆ ತುಲ್ಲರೆ no ಹಾಕೆ ಬೇವರ್ಸಿ,2
Rocking star kadi enda all de best,0
All the best prajwal Devaraj Bøss,0
Repeat mode pe,5
@Nandi Parthasarathi yar kandha ninu,2
I am thyada,5
SUPER GURU..SARIYAGI BAYDIDYA ESHTU UGUDHRU ENNA BUDDI BARALLA KELAVU MUNDEGALIGE..,3
Nin voice and dialogues ge fidha guru 🤣🤣🤣🤣🤣,0
Bro yaarnu bidbedi tiktok uninstall aagovargu rost Maadi. Prathiyobrunnu,3
Madolla because promotion asten madilla making kgf ginta dull ede,0
ಸೂಳೆಮಗನೇ yengo ediya ಎಲ್ಲಾ ಕಡೆ daagar ankondu promotion madtira gaandu sulemakla daagar kano avnu Darshan alla 🤦‍,3
Ravi Bandivaddar Osm,5
ಸಾರ್ ನಿಮ್ಮ film ಸೊತಿಲ್ಲ....nಜನರೆಲ್ಲಾ ಮೆಚ್ಚುಗೆ ವ್ಯಕ್ತಪಡಿಸಿದ್ದಾರೆ..,0
Bisilu nadalli hola uluvavane nijavada raita,0
Jai D boss Jai simple,0
ಆಲ್ ದಿ ಬೆಸ್ಟ್ ರಕ್ಷಿತ್ ಬ್ರೋ ಕೀಪ್ ರಾಕಿಂಗ್,0
ಈ ಹಾಡಿಗೇ  ಥಿಯೇಟರ್ ಅಲ್ಲಿ ಸ್ಟೇಪ್ಸ್ ಹಾಕೋದೋರು ಓಂದು like  ಕೋಡ್ರೋ,0
ಅಪ್ಪು ಫ್ಯಾನ್ಸ್ ಲೈಕ್ ಹಿಮ್,0
ರಕ್ಷಿತ್ ಶೆಟ್ಟಿ ಪಿಲ್ಮ ಯಾರಿಗೆ ಇಷ್ಟಯಿಂದೆ  ಅವರು ಲೈಕ್ ಮಾಡಿ ಪ್ಲೀಸ್,0
@RAJ NRJ nijavada matu atleast navu avaranna nodi kaliyo pathagalu tumba irutte,0
Vijay Prakash voice super,5
Super song 100 days pakka,0
Bro ee devru yallru india davre na athava India bittu ogallva,4
@jagadish g dambal,0
China apps ಯಾಕೆ ಬ್ಯಾನ್ ಮಾಡಬೇಕು ಅಂತ ಹೇಳುವವರಿಗೆ  ಚಪ್ಪಲಿಯಲ್ಲಿ ಹೋಡೆದು ಬುದ್ಧಿ ಕಲಿಸಬೇಕು .,0
Super brother.           Rajakiya laba yenidide    ano yochane,3
Super  Anna,0
Diya and love mocktail ಮತ್ತೆ release aagbeku ಥಿಯೇಟರ್ li nodbeku,0
ಸರಿಯಾದ planning ಇರಬೇಕು. ನಮ್ಮ ರಾಜ್ಯದವರು  Business ನಲ್ಲಿ improve ಆಗ್ಬೇಕು.,2
Chinddi  guru,0
@Manohar Hiremath neen full urkondidiya bido,2
Sir haa suule Bindu gowda GE,2
ಈ ಕಥೆಯ ಮೂಲಕ ಸಂಸಾರ ಮಾಡೋಕೆ ತುಂಬಾ ಚೆನ್ನಾಗಿದೆ. ಸಂಸ್ಕಾರ ಬಹಳ ಮೂಖ್ಯ ರಿ,0
Henu guru songs,0
Duplicate  video,4
Inta kithhodda Sule Maklige tiktok ban Agedu olled aithu,4
kgf gunda ha bey,5
Avanige gaya vasi agbeku andre..avnu krishna na bhakti madi..vasi madbeku eela Kaliyuga nasa agbeku,4
ಯಾರ್ಯಾರು ಕಾಯ್ತಾ ಇದ್ದೀರಾ ಒಂದು ಲೈಕ ಮಾಡಿ,0
Guru nin yelli adru tagondi roast madodu bidbeda ninge bekadre kaalige biltini,0
Super  Pak,5
Thank you sar,5
Anna super talent  anna nimdu ide tara videos  madtabiri,0
@Kiccha Vitthal ದಬಾಂಗ್ ಆಲ್ಸೋ ಏನು ಆಲ್ರೆಡಿ ಫ್ಲಾಪ್,3
Thankz bro ದೊಡ್ಡ ಮಾತು,0
Thunbha holle msg kotri,0
@Gajendra hv neen kano show off gandu... Flirt maadoke bartaane bewarsi... Nimanta chool bewarsi gallindaane hudugiru comment maadoke hogolla jasthi... Jeevndalli hudgirna nodillveno thukaali,2
Sister ಹಾಗೆಲ್ಲ ಮಾಡಲ್ಲ ನಾವು ಯಾರಾದರೂ ತಪ್ಪು ಮಾಡ್ತಿದ್ದೀರೆ ಅಂದಾಗ ಅವರನ್ನ roast ಮಾಡ್ತಿವಿ ಅಷ್ಟೇ.. ಅದು entertainmentಗೆ ಅಷ್ಟೇ.. ತುಂಬಾ ಧನ್ಯದಗಳು ಹೀಗೆ support ಮಾಡ್ತೀರಿ,0
Very nice togari tippa stori,5
@kiran cg avaru Hyderabad Alli irodu anta heliddu.hyderabad Karnataka region anta helilla,0
ನಿಮ್ಮ ನಾಯಕರಿಗೆ ಹೇಗೆ ಬೇಕಾದರೂ ಹೊಗಳಿಕೊಳ್ಳಿ ಆದರೆ ಇಲ್ಲಿ ರಶ್ಮಿಕಾ ಮಂದಣ್ಣನವರನ್ನು ಎಳೆದು ತರುವುದು ಏಕೆ,2
super togari tippa,0
Jai prajvalnJai d boss,0
Nim maathugalu thumba esta aaythu sir,0
Hindi me kab ayega???,5
@nageshwar nagu ನಾನು ಹೇಳ್ತಿರೋದು ಇಷ್ಟೇ ಥಿಯೇಟರ್ ಅಲ್ಲೂ ನೋಡಲ್ಲ atleast ಮೊಬೈಲ್ ಆದ್ರು amazon ಅಲ್ಲಿ ನಿಯತ್ತಾಗಿ ನೋಡಿ nPiracy telegram ಅಲ್ಲಿ ನೋಡ್ಬೇಡಿ ಅಂತಾ,3
Prajwal devaraj,5
Jog falls uh?,5
@krishnanand naik ಸರ್,0
Ohh my God🤟🤟,5
God bless u Sir...,5
mode ON,5
Neevenu promotion maadilla andru Kannada dalli navu guarantee nodtivi........north Alli promote madrappa .......Valle market idae Alli enta films gae ........madrappa 50 crore plus  min collection agutte,0
Niv correct agi helidri......Tiktok India dalli ban aglebeku,0
ಇಡೀ ಚಿತ್ರ ತಂಡಕ್ಕೆ ಶುಭ ವಾಗಲಿ,0
Edu charitre srustiso avatara,0
@Nagaraj h Jagavar 777 Charlie barutte next,5
corrcet aghi baydidira doddhu hero thara adthare thu....,3
ಇದು ಹೊಸಬರು ಇದ್ದರೂ. ಪ್ರಸಿದ್ಧ ನಟ ನಟಿಯರು ಕೆಲವರು (ಪೋಷಕ ಪಾತ್ರ ಕ್ಕೆ) ಇರಬೇಕಿತ್ತು. ಒಂದೆರಡು ಸುಮಧುರ ಸಂಗೀತದ ಹಾಡುಗಳು ಇರಬೇಕಿತ್ತು.,0
Masthundhi song mama nKikkea verabba aa retham looooo,0
Supper agi madiddiya guru,0
.ಮೆರೆಯಲಿ ಗಗನದಲ್ಲಿ ನಿಮ್ಮದೇ ಲಾಂಛನಾ...,0
ಚಂದನ್ ಶೆಟ್ಟಿ ಟ್ರೊಲ್ ವಿಡಿಯೋ ನೀವು ನೋಡಿ ನೆಗಡ್ಡೆ ಇದ್ರೆ ನಾವ್ ಗ್ಯಾರಂಟಿ,0
Shikuar. Chimmalagi. Super,0
nim manigu bandidna.......?,0
ಅವನಿಗೆ ಕನ್ನಡ ಭಾಷೆ ಬರುತಿತ್ತ?,0
ಎಂದು ಮರೆಯದ ಸಾಹಿತ್ಯ,0
Trailer looks soo promising,5
En edit madidya guru,0
I love song I'll supppppr,5
Remake  ka baap prajwal is back with remake,5
Beautiful movies sar,0
Boss E nan makluge,1
ರಕ್ಷಿತ್ ಶೆಟ್ಟಿ ನಮ್ಮ ಕನ್ನಡ  ಇಂಡಸ್ಟ್ರಿ ನ ಬೆಳವಣಿಗೆ ಮಾಡಲಿಕ್ಕೆ ಬಂದ ಇನ್ನೊಬ್ಬ ರಜಕುಮರ್ ಅಣ್ಣಾವ್ರು ಒಂದು ಲೈಕ್ ಮತ್ತೆ ಎಷ್ಟೊಂದು ಜನರು ಕನ್ನಡದಲ್ಲಿ ಕಾಮೆಂಟ್ ಮಾಡಿದವರಿಗೂ ಹ್ಯಾಂಡ್ಸಪ್ ಜೈ ಕರ್ನಾಟಕ ಮಾತೆ,0
Idappa kannada song andre KFI back on track,0
ಮುಂದೆ ರೆಕಾರ್ಡ್ ಮಾಡುತ್ತೆ ಈ ಮೂವಿ,0
Love ನಲ್ಲಿ ನೀನು ph,2
ಡಾನ್ಸ್ ಸ್ಟೆಪ್ಸ್ ನೋಡ್ರೆ ನಮ್ ಶಂಕರನಾಗ್ ನೆಂಪಾಗ್ತಾವ್ರೆ. ಆದ್ರೂ ಸಾಂಗ್ ಸೂಪರ್ ಮತ್ತು ಡಾನ್ಸ್ ಸೂಪರ್. ಸಿನೆಮಾನೂ ಸೂಪರಾಗಿರುತ್ತೆ,0
Super anna,0
Super rakshit shetty film song,0
ಬಹಳ ಚೆನ್ನಾಗಿ ದೇ,0
ಏ ನಂದಿನಿ ರಂಡಿಮಗಳ D Boss Bagge matadadre hudukondu Bandu Hoditini Jaag helu,2
Always unique... great,5
Pls ellaru nodi views jasti madi pls its a request,0
Rakshith Shetty fans ondu like kodi nn,0
Super nice video  bro,5
ಯಾರೇ ಆಗಲಿ.....ನನಗೆ ನನ್ನ ದೇಶದ ವಸ್ತು ಬೇಕು....ಬೇರೆ ದೇಶದ ವಸ್ತು ಎಷ್ಟೇ ಕಮ್ಮಿ ಬೆಲೆಗೆ ಸಿಕ್ಕರೂ ನಾನು ಕೊಂಡು ಕೊಳ್ಳುವುದಿಲ್ಲ ಅಂತ ಮನಸ್ಸು ಮಾಡಿದರೆ...ಯಾರು ಏನು ಮಾಡಲಾಗಲ್ಲ,0
My like video,5
Super agi helidera bro soooooper,0
Avnu yava language mathadodu,0
@Vishal Shetty ಯಾವನ್ ಗುರು ರವೀಂದ್ರ,0
Nanu tiktok madtide Anna but tiktok ban madidu tumba kushi aytu Anna I support Indians,0
Yalla kannadigarugu ansthithu bere bashe movies maddohange yak namma kannada movies maddalla antha.. but evagaaa yak bere bashe movies nodbeku antha ansoke shuruuu agbhitidhe alva Karnataka???,0
@d boss mania Nanag gottu bido childnnPailwaan flop,0
ನಾನು ಕೂಡಾ.. ಫಿದಾ ಆದೆ..,0
@Nandi Parthasarathi ನಿನ್ ತುಲ್ಲುತುಮುಕೂರು ಹೈವೇ ಅಲ್ಲಿ ಎಲ್ಲಿ ಹೇಳೋ ಮಿಂಡ್ರಿಕೆ,2
All dislike by rashmika fans,2
Lv u rrr shetty super,5
ಸೂಪರ್ ಗುರು,0
Bro nin ello hogbutte bedu bro,0
ತೊಗರಿ ತಿಪ್ಪ.ಬಾಳ ಚಂದ ಐತರಿ,0
ಇದು ಚರಿತ್ರೆ ಸೃಷ್ಟಿಸೋ ಅವತಾರ,0
Mahesh sanagoudar. Tugritippa,5
Super guru ugudre e thara ugibek moka oruskolaku gap kodbardu guru,1
Super steps brooooo,0
ಸೂಪರ್ ಅಣ್ಣ ನೀನು,0
Movie dekh li kya,5
@Nandi Parthasarathi ನಿಂದು ತುಲ್ಲು ಯಾಕೋ ಹಳ್ಸಿ ಹೋಗಿದೆ ಅನ್ಸುತ್ತೆ ಹೋಗಿ ಡೆಟಾಲ್ ಹಾಕಿ ತೊಳ್ಕೊ,2
Sema Padam nnFantastic making,0
Hindi kaha he bhai???,5
kannadigaru dislike madbardu...,1
ಬ್ರೋ ಟಿಕ್ ಟೊಕ್ ಬ್ಯಾನ್ ಮಾಡ್ಬೇಕು,0
Yar guru evlu chaina hudgi naa indian aa gothilla,2
Nin super guru,0
GTA 5 BRO,5
ಆಲ್ ದಿ ಬೆಸ್ಟ್ ನಿಖಿಲ್ ಕುಮಾರಸ್ವಾಮಿ ಅಭಿಮಾನಿಗಳ ಕಡೆಯಿಂದ ಈ ಚಿತ್ರ ಶತದಿನೋತ್ಸವ ಆಚರಿಸಲಿ ಎಂದು ಹಾರೈಸುತ್ತೇವೆ,0
Mutturaj Melageri hhhh,5
Jai D ಬಾಸ್,0
ನೀವು ತುಂಬಾ ಸ್ವಾಭಿಮಾನದ ವ್ಯಕ್ತಿ. ಶುಭಾಶಯಗಳು,0
ನಿಮ್ಮ ತಂದೆ ಸಾಕಷ್ಟು ದುಡ್ಡು ಮಾಡಿದ್ರು ಆದ್ರೆ ಬೇಡಿದರು ಕೆಲಸಗಳ ಅನಕ್ಷ ಕವಾಗಿ ಖರ್ಚು ಮಾಡಿ ಸೋಕಿ ಮಾಡಿ ದುಡ್ಡೆಲ್ಲಾ ನಾಲ್ ಮಾಡಿದ್ದೀರಾ,2
OMG nange gotte irlilla prajwal hatra istond ide anta,2
Super  song,5
E bevrcgal maneli yavandru sathidre sari erodu,4
Last scene nali spoon ogediddu Rishab shetty na?,0
Beautiful song,5
ಸರ್ ನಿಮ್ಮಲ್ಲಿ ಕೇಳಿಕೊಳ್ಳೋದು ಇಷ್ಟೆ nಭಾರತವನ್ನು ಮುನ್ನಡೆಸುವ ಜವಾಬ್ದಾರಿ ನಮ್ಮೆಲ್ಲರದಾಗಿದೆ ಅದಕ್ಕಾಗಿ ಸರ್ inspire ವಿಡಿಯೋಗಳು ಯಾವ್ತರ ಯಾವುದರಲ್ಲಿ ಬೆಳೆಯಬೇಕು ಅನ್ನೋದು ಒಂದು ವಿಡಿಯೋ ಮಾಡಿ ಸರ್ ಪ್ಲೀಸ್. Mi ranga ಬಳ್ಳಾರಿnಈ ಕರೋನ ದಲ್ಲಿ ಎಂದು ಯಾವ ತರ ಬೆಳಿಬೇಕು ಅನ್ನೋದು ವಿಡಿಯೋ ಮಾಡಿ ಸರ್ ಪ್ಲೀಸ್,0
Anna super nivu yallidnda baiyodu kalthe,0
ಸೂಪರ್ ಸಾಂಗ್ altimate ಸಾಂಗ್ guru,0
What a song yah,0
Yalru Hands Up Madi Avane Srimannarayana,0
Good massage broooo lv u,0
Illi Like madidhre chenagiro movie barallanDuud kottu encourage madi movie nodidre barathe,0
Superhit different Kannada movie super super super,0
Amruta kud dashte santosha kanla,0
ಯೂಟ್ಯೂಬ್ನಲ್ಲಿ ದಿನನಿತ್ಯ ತುಂಬಾ ವಿಡಿಯೋಗಳು  ನೋಡಿದ್ದೆ  ಆದರೆ ನನಗೆ ತುಂಬಾ ಇಷ್ಟವಾದ ವಿಡಿಯೋ ಇದು. ತುಂಬಾ ಅದ್ಭುತವಾದ ಮಾತುಗಳು ಸರ್ ಆ ದೇವರು ನಿಮಗೆ ಇನ್ನೂ ಆಯಸ್ಸು ಆರೋಗ್ಯ ಹೆಚ್ಚು ಕೊಡಲಿ ಎಂದು ಪ್ರಾರ್ಥಿಸುತ್ತೇವೆ. ನಿಮ್ಮ ನಿಷ್ಕಲ್ಮಶವಾದ ಮನಸ್ಸು ನು ಯಾವತ್ತಿಗೂ ಆ ದೇವರು ಕೈ ಬಿಡುವುದಿಲ್ಲ ನಿಮಗೂ ನಿಮ್ಮ ಕುಟುಂಬದವರಿಗೂ ದಸರಾ ಹಾಗೂ ದೀಪಾವಳಿ ಹಬ್ಬದ ಶುಭಾಶಯಗಳು.... ಹಾಗೂ ಈ ವಿಡಿಯೋ ಮಾಡಿದ ಮಾಧ್ಯಮದವರಿಗೂ ದನ್ಯವಾದಗಳು,0
Le tiktok huchhu sulemakle,4
ಆಲ್ ದಿ ಬೆಸ್ಟ್ ಫ್ರಮ್ ಡಿಬಾಸ್ ಫ್ಯಾನ್,0
Super duper song,0
Dislike madidavaru dagar rashimka fans,3
HD move send kejiye,5
Support from #rcbedarcbbeku fans,0
Waste of tym tiktok ban madbidbek,0
ಈ ಹೊಸ ಚರಿತ್ರೆಯ ಅವತಾರ ಇತಿಹಾಸ ಆಗ್ಲಿ ನಾರಾಯಣ ! nn- ಕನ್ನಡ ಸಿನಿಮಾಭಿಮಾನಿ,0
Malayalam singer,5
@Basvaraj Swamy BASVA Seamy to,5
Boycott tik tok,5
ಒಳ್ಳೇದು ಆಗಲಿ big ಸಕ್ಸಸ್ for ASN,0
Haaa nivu super bro i am big fan your voice  ....,0
Suuuuuuuuuuuuuuprb bro waiting next video bro,5
ಹಲೋ ಸರ್ ಅಪ್ಪಾಜಿ ತರ ಅದ್ಭುತ ಪಾತ್ರಗಳನ್ನು ನಿರ್ವಹಿಸಿ ಖಂಡಿತ ಯಶಸ್ವಿ ಆಗ್ತೀರಾ,0
ಅವನೇ ಶ್ರೀಮಾನ್ ನಾರಾಯಣ .. ಕುಡುಕನ ವರ್ಷನ್..nnಹೇ.. ನಿಮ್ಮನ್ನೆಲ್ಲ ಯಾರೋ ಒಳಾಗ್ ಬಿಟ್ಟಿದ್ದೂ..nnನನ್ ಮುಖ ನೋಡಿ ಕೇಳ್ತಿದೀಯಾnnಬೋರ್ಡು ಕಾಣುಸ್ತಾ ಇಲ್ವಾ,4
Nice concept  sir,5
ಅವರಪ್ಪ ದುಡ್ಡು ಕೂಡಿ ಹಾಕಿ ಹೋಗಬೇಕಾಗಿತ್ತು.,0
I am bigg fan prajwal sar fan. .....,0
@Kumara Kantirava sari nodu,0
Super song,0
Hindi dubbed movie download link hd,5
Anna super Anna,0
Our Kannada Song On 1Trending Again,5
@MADHU S B ಪಕ್ಕಾ ಹೇಳ್ದೆ ಗುರು.... ಈ ಗೂಬಾಡ್ ನನ್ಮಕ್ಳು,0
Mast song anna...... Superbbbbbbbbb,5
Hands up aadmele best songnn,0
ಲೋ ಫಸ್ಟ್ ನೀನು ಒಳ್ಳೆ ಮಾತನಾಡೋ,2
ಚಂದನ್ ಶೆಟ್ಟಿ ಟ್ರೊಲ್ ವಿಡಿಯೋ ನೀವು ನೋಡಿ ನೆಗಡ್ಡೆ ಇದ್ರೆ ನಾವ್ ಗ್ಯಾರಂಟಿ,0
@Nightwatchman Tamil nadavrige gottu Sudeep bagge neen Yav thukali anta nin mat keltare.,2
yavdooo Hollywood movie nod8dange aytuu,2
Olleya sandesh yelidri sir your great tq sir and happy jurny,0
@Nandi Parthasarathi,5
Avane Srimannarayana Trailer-BGM n          Re-Createdn,5
song's1 idena 🤔,0
Awesome,0
Nangu gottu.. yarigu helbeda,0
Kannada film industry indialle no 1 agutte,0
Miss u Hindi song,5
@sathish chandra 🤣Naan kelv comment noDidakke heliddu,0
Kalyana Karnataka ivaga,0
Signature steps awesome...pakka...# tag agthe,0
@prithvi nayak Flop yaavdu antha Karnataka ge gottu bidi...,1
ಡಿ ಬಾಸ್ ಅಭಿಮಾನಿ nಸೂಪರ್ ಅಣ್ಣ,0
Prajwal devaraj matte yeddelo chances ide adu ee trailer ali kaanustide,0
Theatre alli noduva movie alla alle ye .,0
Abaa yen song guruu.... Fabulous bgm hollywood range le ayte guru,0
Ondu muttinantha kathe iruva cinema,0
Gangadhara Mallurahalli.  n9980961172,5
ಕನ್ನಡದಲ್ಲಿ ಡೈಲಿ ಟೆಕ್ ಅಪ್ಡೇಟ್ಸ್ ಪಡೆಯಲು ಸಬ್ಸ್ಕ್ರೈಬ್ ಮಾಡಿ ನಮ್ಮ ಚನ್ನೆಲ್ಗೆ,0
last nalli spoon na eseyodu  pakka kudure krishna (rishabshetty sir),0
ಈ ಚಲನಚಿತ್ರ ಬರೆದವನಿಗೆ ಕೋಟಿ ಕೋಟಿ ಧನ್ಯವಾದಗಳು,0
ಡಿ ಬಾಸ್ ಫ್ಯಾನ್ ಕಡೆಯಿಂದ all tha best jai D Boss,0
@maneesh / jlu,5
Boss ದಯಮಾಡಿ 1 year  ಗೆ ಒಂದು ಸಿನಿಮಾ ಆದರೂ ಮಾಡಿ ಮತ್ತೆ ನಿಮ್ಮಲ್ಲಿ ಇರುವ ನಿರ್ದೇಶಕನನ್ನ ಮಾತ್ರ ಸಾಯಿಸಬೇಡಿ nನಿಮ್ಮಲ್ಲಿ ಏನೋ ಒಂದು ವಿಶಿಷ್ಟ ಶಕ್ತಿಯಿದೆ ರಕ್ಷಿತ್ ಶೆಟ್ಟಿ ಅವರೇ...nಪುಟ್ಟಣ್ಣ ಕಣಗಾಲ್,0
Nim maatu odhi kannalli neer bantu bro,0
ಪ್ರಜ್ವಲ್ ದೇವರಾಜ್ ಈ ಸಿನಿಮಾ ನಿನ್ನ ಜೀವನದ ಅತ್ಯದ್ಭುತ ಚಿತ್ರ ಗಳಲ್ಲಿ ಒಂದು ಆಗುತ್ತೆ ಮುಂದೆ ಒಳ್ಳೆ ಕಥೆ ಗಳೂ ಮಾಡು,0
Srinidhi ಶ್ರೀ w,0
ಚಂದನ್ ಶೆಟ್ಟಿ ಟ್ರೊಲ್ ವಿಡಿಯೋ ನೀವು ನೋಡಿ ನೆಗಡ್ಡೆ ಇದ್ರೆ ನಾವ್ ಗ್ಯಾರಂಟಿ,0
Tippa andra tippa Togari Tippa,0
Super song guru,0
Super nice bro,5
I like rakshith shetty,5
ಯಾಕ್ ಗುರು ಈ. ಹಾಡು ಇಷ್ಟು ಅದ್ದಿಕ್ಟ್ ಆಗ್ಬಿಟ್ಟಿದೆ,0
Uppi sir vicoe nali madirodu super bro,0
Thu sooolemagane Bari star madya tandido kelsa madtiralo ibru kuda nam Kannada actors ibrigu nam support yavaglu irutte nimmanta soolemaklu ibru madyaadali tandidtira,2
ಇಪ್ಪತೈದು ವರ್ಷಗಳ ಹಿಂದೆ ಕೇಳಿದ್ದು ಮತ್ತೆ ಕೇಳಿದಾಗ ತುಂಬಾ ಸಂತೋಷ ವಾಯಿತು,0
ನಂಗ್ ಅನ್ಸುತ್ತೆ... ಶೆಟ್ರುದು ಡಬಲ್ ರೋಲ್ ನಲ್ಲಿ ಇದರೆ ಅಂತ...,0
D Boss abimanigala kadeyinda avne srimannarayana chitrakke all the best,0
Mutturaj Melageri ಸೂಪರ್,0
ಆಲ್ ದ ಬೆಸ್ಟ್ ಕಿಚ್ಚ ಸುದೀಪ್ ಫ್ಯಾನ್ಸ್,0
Copy from vivek bindra,5
Guru nin super guru osm voice guru nindu,0
Super song and super singer sir,0
Bro super broo,5
Diya thumba chennagide ondu olle prayathna movie kone vargu sinimada ondu bhagavagi ondu olle feeling nalli movie na nodthidde but kone seen nijakku ishata aglilla tragidi ishtondu bekitta ellara manisige ishta ada adi na sayisbekitta so last seen nodida thakshna alliyavaregu idda feel pat antha Maya agi edenu heeg madudru ansuthe,3
Making sakat ...,0
2020 best song,0
ಪ್ರಜ್ವಲ್ ದೇವರಾಜ ಗೆ ಈ ಸಿನಿಮಾ ಟರ್ನಿಂಗ್  ಪಾಯಿಂಟ್ ಅಗೋಡ್4ಅಲ್ಲಿ ಅನುಮಾನನೆ ಇಲ್ಲ,5
Idu charitre shristiso avatara....Avane srimannarayana,1
Ur right ....i felt same....super meaningful song.,5
Super vodis soing,0
Most liked video song agutte ee Kannada Film industry li  Year,0
Rakshit shetty,5
Punyathma andre evare,0
ಚಂದನ್ ಶೆಟ್ಟಿ ಟ್ರೊಲ್ ವಿಡಿಯೋ ನೀವು ನೋಡಿ ನೆಗಡ್ಡೆ ಇದ್ರೆ ನಾವ್ ಗ್ಯಾರಂಟಿ,0
Next level #stunning,5
Tik tok almadidu aythu innu instagram alva anna nam support ede anna,0
Bro a game yavdu,0
Sara super Nivu holleya kalaviddaru Sara Nivu nuraru varusa chanagiri,0
Yaryaru matte nodtiddira like madi,0
Kolthogiro kobri mitai mukadavle na..?nYappa devre neenu ugidu uppakodralli no,0
Dboss abhimani aagi nange gotthilla esht sala e song nodidhini antha yarellla jasthi nodidhira like madrappa pls,0
Idu idu andre,0
3ಮಿಲಿಯನ್ ಆದಮೇಲೆ ಯಾರು  ನೋಡ್ತಾ ಇದ್ದೀರಾ,0
ಎಷ್ಟು ಕೇಲ್ಲಿ ಗುರು ನಾನು ಇನ್ನೂ ಕೇಳಬೇಕು ಅನಿಸುತ್ತೆ all the best ಶೇಟ್ರೆ,0
Idu chaitre srustiso avatara,0
Super movie,0
Navu kuda speed edivi ....makklu uttisodrale ..love madodrale ...,0
Thuuuuuuuuuuuuuuuuuu Bindu gowda andre alpa swalpa maryade ide but why you only tiktok anta kelitumba asayya aytu avla mele,2
Rakshit shetty bro,5
Pandavaru mamsa tinthidra,0
Rashmikage vs takkange ede e song super guru,0
@Sujan Tejas bdj try j,5
Sir Bermuda triangle bagge video maadi,0
ಯಾರು ದೊಡ್ಡ ಮಟ್ಟದಲ್ಲಿ ಬೆಳೆಯುತ್ತಾರೆ ಅವರನ್ನು ಪಕ್ಷಕ್ಕೆ ಸೇರುವಂತೆ ಒತ್ತಾಯ ಮಾಡುದು ಪಕ್ಷಕ್ಕೆ ಸೇರದಿದ್ದರೆ ಐಟಿ ಇಡೀ ರೈಡ್ ಮಾಡಿಸುದು ಅವರಿಗೆ ಬೇರೆ ದಾರಿ ತೋಚದೆ ಆತ್ಮಹತ್ಯೆ ಮಾಡುದು,0
Please re- release madi movie..nodade eiroru tumba jana eidare .. wait madtidare theater alli nodoke.,0
@KGF Chapter 2 good,5
ರಶ್ಮಿಕಾ ಮಂದಣ್ಣಳಿಗೆ ದೆಂ,0
I'll lol Lo,5
ವಿಜಯ್ ಪ್ರಕಾಶ್ ಅವರ ಧ್ವನಿ ಈ ಹಾಡಿಗೆ ಹೊಂದುತ್ತಿಲ್ಲ,2
Ivaribbarde daralli ellrigu ista agodu,0
ಟಿಕ್ ಟಾಕ್ ಅಲ್ಲಿ ಸಾಂಗ್ ಕೇಳಿರೋರ್ ಲೈಕ್ ಮಾಡಿ,0
Hands up-_if u like nHands up-_movie superhitnHands up-_record breakern Iddu hosa dakale shrutiso samaya ....,0
Hit moviee kannada Hit movie pakka,5
@Dayananda C lol antarjati vivaha adre caste fear iralla. Nanu a caste e caste anta vote hakkala yalla mixed hagirtare. Sariyadavrge vote haktare.  Jailge hogibandavrge hakkala,0
Sir nimma thumbnail sari illanNaanu ee film nodoke try madtiddini aadre bengaluralli ella kade 10,2
Lol darahan fans talking about quality 🤣🤣.,3
Ninnantha mabb sulemaklige intha film artha aagalla bido nimmouna...,2
ಯುದ್ಧ ಮಾಡಬೇಕು ಓದಬಾರದುnಕಟುಕರ ಮುಂದೆ ಭಗವದ್ಗೀತೆ.. nnಇದು ಚರಿತ್ರೆ ಸೃಷ್ಟಿಸೋ ಅವತಾರnರಕ್ಷಿತ್ ಸರ್,0
Idu charitre srushtiso avatara...n*A*S*N*nYar yaru movie nodi like agide,0
I am looking for Hindi song...,0
ದೇಶ ಪ್ರೇಮಿಗಳೆ ದಯವಿಟ್ಟು ಚೈನಾ app ಗಳನ್ನು ಬಳಸಬೇಡಿnವೀರಮರಣವನ್ನಪ್ಪಿದ ನಮ್ಮದೇಶದ ಸೈನಿಕರ ಪ್ರಾಣಕ್ಕೋಸ್ಕರ ಈ ಕೆಲಸ ಮಾಡೋಣnಜೈ ಹಿಂದ್,0
ಅಭಿನಯಚಕ್ರವರ್ತಿ ಕಿಚ್ಚಾ ಸುದೀಪಣ್ಣ ಫ್ಯಾನ್ಸ್  ಸಪೋಟ್ ಇನ್ ಅವನೇ ಶ್ರೀ ಮನ್ನಾರಾಯಣ ಮೂವಿ,0
kumar h teggin,5
ಆ ಬಂದುಕಿಗೆ ಇದೆ ಘನ ಹೆಸರು..,0
super dancenAnd alsonJai Vijaya prakesh,0
ಸ್ವಾಭಿಮಾನ  ಮುಖ  ಅಲ್ಲಿ ಎದ್ದು ಕಾಣುತ್ತಿದೆ ನಿಜಕ್ಕೂ ಗ್ರೇಟ್ ಸರ್ ಸರ್ ಒಳ್ಳೆ ದಿನ ಬಂದೇಬರತ್ತೆ  ಸರ್,0
D boss ಅಭಿಮಾನಿಗಳಿಂದ all the best ಸೂಪರ್ ಟ್ರೈಲರ್,0
From ಯಶ್ fans,0
ಇದು ಚರಿತ್ರೆ ಸೃಷ್ಟಿಸೊ ಅವತಾರ,0
@Devikumari BK shata teriyak nodtidiya??,2
@siddu raj,5
Kannadalli bandiro yella cinema December 27 kke hands up yidu charitre shrushtisu avatar annovru like madi,0
Bro tiktok ban agilla anta helta idare nija na,0
Manu Lachchi fa)ks,5
ರಾಜವಂಶದ ಅಭಿಮಾನಿಗಳಿಂದ ಶುಭ ಹಾರೈಕೆಗಳು,0
No its 22M views,5
@funny videos  okay anna naale hogtini 🤣🤣🤣,0
Bere bashyalli anuvadha maadi,0
Supar sangs ..,5
@prithvi nayak ನಿಮ್ಮ ಅಪ್ಪ ನಾಮರ್ದ,2
# 1 in trending,5
It deserves more like.....,0
Nanu nodhidhini uttar Pradesh forest,0
No..chandan rap song,5
Super .  Siri kannada suprr song,0
200 ne like nande,5
Film industri is west so,5
Nimn Tarah Manisha Samaj ke Bhag you are great,0
God bless you sir,5
Spirit of kannada,5
ಇದು ಚರಿತ್ರೆ ಸೃಷ್ಟಿಸೋ ಅವತಾರ...n ಕಲಿಯುಗದಲ್ಲಿ ಕನ್ನಡಿಗನೇ ಸಾರ್ವಭೌಮ,0
ಇದು ಚರಿತ್ರೆ ಸೃಷ್ಟಿಸೂ ಅವತಾರ,0
super film guru,0
Super guru awesome video,2
ಈ ಚಲನಚಿತ್ರಕ್ಕಾಗಿ ಎಷ್ಟು ಜನರು ಕಾಯುತ್ತಿದ್ದಾರೆ nLike madi nodana,0
Pakk plap movi,5
@10 R Nim amman/akkan bagge baidna loude... Suvar gandu andre Neenu adkke baide... Ella nim DBabes Thara ne,2
ಕೇಳಿ ಕರುನಾಡ ಬಾಂಧವರೆ,4
Ide Tara ide Kate bere basheli bandre hododi nodteera Ade kannadadalli  bandre yakro nodalla ....,4
Super means super,0
E bindu gowda en hucchu ididhia antha,2
Full rada rada macha henge navu,0
Super songs boss,5
Nimge idu suit agolla sir,0
He he he..,5
Trueley fact true man love you sir,5
Neen yaro psyko irbeku adike hinge mathad tha idiya,2
Bro I m full support u,0
@Anil A hu niamman kalskodu keydu kolve baavi madi kalsthini olike eldu snana madkollivanthe thuldeepannan pans for a reason caste dogs 🤣,2
Nejwad deushya torishi eg heliddu,3
Thandage thakka maga mado kelsa hemmenda madi all the best,0
Anirud superb yar....wat a thinking man .....,0
hudugru hidgiraagodu talent,3
Modi idare don't worry,5
Super re pa,0
100 alla 200 million agutte,0
Shivu rajkumarnPunith rajkumarnRaghavendra rajkumarnAvvr ge chance kodda beku...pappa,4
ಇದು ಇತಿಹಾಸ ಸೃಷ್ಟಿಸೇೂ ಅವತಾರ.......nnಅವನೇ ಶ್ರೀಮನ್ನಾರಯಣ,0
Super song broo,5
@Nagaraja P neenu devarannu nodidhiya?? Illa alva hagadre kai yake mugithi....?.devaru idhana antha thane...idhu kooda haagene,2
Avara sarvadhukaranu plus point adre Alli sarvadhikarirana deshada heligegaagi use maadiddare.,0
kiran kumar  account number loude ke bal pakad,5
ಬಿಂದು ಗೆ ಹೂಡಿ ಮೇಟ್ನಗೆ...ಟಿಕ್ಟಾಕ್ ಗೆ ಹುಟ್ಟಿದ್ದುಅನ್ನೂಗೆ ಹೇಳ್ತ್ತಳೆ....ಸೂಪರ್ ಗೆ ವಿಡಿಯೋ ಮಾಡಿದ್ದಿಯಾ ಗುರು...i love india,2
Super movie sir,5
super bro,0
@Troll Stupid Fans war ge antha bandre nimmakkan minda naanu samskrutha innu start madilla ninge beku andre helu start madona,2
Super super super,5
karthick s I said dislikers,0
Love you anna,5
@Just Fun RS,5
Togari tippa keli tumba santosh ayita matte old is gold antaralll adu nija ayita,0
Telugu comments copy madbutta 🤦‍,2
Best cinema Dia,0
En music guru,0
ಎಲ್ಲಾ ಸರಿnnnಆದರೆ ಬೆಂಗಳೂರಲಿರುವ ola Uber ಡ್ರೈವರ್  ಕಥೆ ಕೇಳೋರ್ಯಾರು,0
God bless you sir.,5
Bro nimgenu thale kettidiya film release agde video song bittidiralla  yella hal madkothira idunnella bittu channag promotions madi bere languages nalli,2
Nkn chindi rost guru....,0
@prithvi nayak ನೇ ಮಿಂಡ್ರಿ ಮಗ,2
ಏನಾದರೂ ತಪ್ಪಿದ್ದರೆ ಕ್ಷಮೆ ಇರಲಿ..nಹೀಗೆ support ಮಾಡ್ತೀರಿ ನಾನು ನಿಮಗೆ entertainment ಕೊಡ್ತಿರ್ತಿನಿ...nಹಾಗೆ instgram ಅಲ್ಲೂ ಕೂಡ follow ಮಾಡಿn,0
@prithvi nayak ನಿಮ್ಮ ಅಮ್ಮ ಕಂಡೋರಿಗೆ ಹಡಿಲಿ,2
Entaha adbhutava movie,0
tq kano,0
Jai Hind sir,5
Views tumba kadime ide.,1
Hindi version yav channel alli release madidare.,0
Appu boss fan's like mdi,0
jai d boss,0
@shivaraj shivu ನೀನು IAS  officerಆ????? uneducated ಅಂತ ಹೇಳ್ತೀಯ.... but ನೆಟ್ಟಗೆ type ಮಾಡೋಕು ಬರಲ್ಲ.... ಕುಡುಕರನ್ನ drinkers ಅಂತ ಅಲ್ಲ,2
Tq from karnataka kiccha sudeep fans 🥰🥰🥰🥰🥰🤙🤩🤩,0
Ee film chennagide. Nanu nodide. Neevoo nodi.,0
Rakshith is copy paste star full remake madalla alli alli copy madatane,2
ಬಾಳ ಚಂದ ಐತ್ರಿ ಕಥಿ,0
@Rock Siddu hehehe,5
@10 R le suvar gandu,2
Idu remake alla kanappa,0
Super song guru,0
Such a nice bro,5
Supper song nanna  maga feverte song,0
I love soga,5
ಲವ್ ಯೂ ಡಿ ಬಾಸ್,0
Sak sak thika muchrole.. Aathara career change yenagalla laude nan makla hog kelsa nodi,3
Hi Paramvah Music,5
Kgf fan like har,5
Bere movie Trailer nodi,0
D boss fans like here,5
Bindu Gowda idko nan Lowda.🤣,2
Super song lovely,0
@sᴀɴᴅᴀʟᴡᴏᴏᴅ sᴛᴜᴅɪᴏ ᴍᴏᴠɪᴇs neen huttidh yav kuttige,2
totally nimmamman shaata,2
I love you Dia..,5
ಈಗಲಾದರೂ ಜನ ರಾಜಕಾರಣವನ್ನ ಒದ್ದೋಡಿಸಿ,0
Rip for 1.8dislikers devaru nimma atmakke shanti kodli,3
Sakat  agide song music,0
One man armye,0
@Sudeep K N,5
ಸುಪರ್ ತೊಗರಿ ತಿಫ ಲಾಚನಕೇರಿ,0
100 times correct,5
Ayya Yappa Togari Tippa valyappa Yappa,0
SORRY FOR KANNAD INDUSTRY...I      BUT ಇಂತಹ ಫಿಲ್ಮ್ ಬಗ್ಗೆ ಯಾವುದೆ ಮಾಹಿತಿ ಇರಲಿಲ್ಲ ...ಈಗ ಮತ್ತೆ ಎಲ್ಲಾ ಟಾಕಿಸಲ್ಲಿ ಹಾಕಿಸಿ...ಸರ್...ಆದರೆ ಈಗ ಮತ್ತೆ  ಬಂದರೆ..ಟಾಕಿಸಲ್ಲಿ ಫುಲ್ ಆಗಿರುತ್ತದೆ ...,0
Ajanesh lokanath,5
Super age ede,0
Super agi ugididera,0
ಹೊಸ ಇತಿಹಾಸ ಸೃಷ್ಟಿಸಿದ ಸಿನಿಮಾಗಳ ಸಾಲಿಗೆ ಸೇರಲಿ . ..ಜೈ d boss,0
Most promising movie in my life... En adubuta acting madam. Nimdu.. Pratiyobbaru abhinya adbuta.. Konege kannalli neeru bandubidtu..dayavittu corona emergency adamele puna theatre hogi nodi,0
Chutiyaa Ganesh gintaa olle movie irutthe bidu guru idu. Ganesh ge olle swamake maadoke helu modlu,2
traditional man in Karnataka,5
E varsha bad news Keli Keli saakagittu...first good news of 2020,0
Yes tats y salman Khan,5
ಚೀನಾದ ಭವಿಷ್ಯ ಕ್ಕಾಗಿ ಸ್ಥಿರ ಆಡಳಿತಕ್ಕಾಗಿ ಜಿನ್ ಪಿಂಗ್ ರನ್ನು ಜೀವಮಾನದ ವರೆಗೆ ಅಧ್ಯಕ್ಷ ರಾಗಿ ಆಯ್ಕೆ ಆಗಿದ್ದಾರೆ. ಆದರೆ ಭಾರತ ದಲ್ಲಿ ಪ್ರತಿ ವರ್ಷ ಒಂದಿಲ್ಲೊಂದು ಚುನಾವಣೆ ಗಳು ಇರ್ತಾವೆ ಈ election ಗೆಲ್ಲೊಕೇ ಹೊಲಸು ರಾಜಕೀಯ ನಾಯಕರ ( ಹಂದಿಗಳು)  ಹರಾಚಾಟ ಜಾತಿ ಧರ್ಮ ಬ್ರಷ್ಟಾಚಾರ ಅಧಿಕಾರ ದಾಹ  ಸುಳ್ಳುಗಳು ಕೆಸರು ಎರೆಚಾಟ ಇಂತ ಹೊಲಸು ರಾಜಕೀಯ ವನ್ನೇ 24*7 ಬ್ರೇಕಿಂಗ್ ನ್ಯೂಸ್ ಆಗಿ ತೋರಿಸೋ ಮೂರು ಬಿಟ್ಟು ಬಾಯಿ ಬಡುಕೊಳ್ಳೋ news ಚಾನೆಲ್ ಗಳು..... ಇದು ನಮ್ ಗೋಳು ಗಳು nಇದರ ಮಧ್ಯ ಜನ ಸಮಾನ್ಯನಿಗೆ ಶಿಕ್ಷಣ ಆರೋಗ್ಯ ಉದ್ಯೋಗ ಒಳ್ಳೆ ಪರಿಸರ ಬರಿ ಕನಸು.... nಇನ್ನೂ social ಮಿಡಿಯಾ ದಲ್ಲಿ ಭಾರತ ವಿಶ್ವ ಗುರು,3
ನಿಜವಾದ ಕನ್ನಡಿಗರು ಲೈಕ್ ಮಾಡಿ ಈ ಸಿನಿಮಾ ನಮ್ಮ ಸಿನಿಮಾ ಎಂದು ಗೆಲ್ಲಿಸೋಣ,0
Master piece movie,5
ಟಿಕ್ ಟಾಕ್ ಅಲ್ಲಿ ಇರೋ ನನ್ ಶತ್ರು ಗಳಿಗೆ ಸರಿಯಾಗಿ ಕೊಟ್ಟಿ ಇದೀಯ ಎವರ್ ದೊಡ್ಡ ಸೂ ಗಳು,0
ಚೇಳ್ ತಿನ್ನೋ ಚಪ್ಪರ್ ನನ್ಮಕ್ಳು🤣,3
ನಾನು ಚಿಕ್ಕವನಾಗಿದ್ದಾಗ ಕೇಳಿದ ಈ ತೊಗರಿ ತಿಪ್ಪನ ಕಥೆ ಈಗ ಮತ್ತೆ ಕೇಳಿ ನನ್ನ ಮನಸ್ಸು ಸಂತೋಷವಾಗಿದೆ ಸೂಪರ್ ತೊಗರಿ ತಿಪ್ಪ,0
ಸುಂದರವಾದ ಹಾಸ್ಯ ಕಥೆ,0
dandega takka maga sirnjhevana annodu hege anta thorise kottavru neu sirnyellanhayaka natarante sokeman nevalla sir,0
ಕನ್ನಡದಲ್ಲಿ ಪ್ರತಿಭೆಗಳಿಗೆ ಕೊರತೆಯಿಲ್ಲ,0
Jai D Boss,5
Nam antha talent ge bele ilaa,1
ಚೀನಾ ಕಾಮಿನಿಸ್ಟ್  ದೇಶ.? ನಮ್ಮ ದೇಶದಲಿ ರಾಜಕೀಯ  106 ಪಾರ್ಟಿ. n106 ಕ್ಯಾಸ್ಟ್.  106 ಧರ್ಮ . 1006 ಮಾತುಗಳು ಸಮಸ್ಯೆಳು,0
ಉದಯ್ ಪವರ್ 0iijujuuiuu7jhu8,0
niv helid nija star antha bere akotidru karma,0
Preethi ge praana bidovru Idara ??,1
Ajanish sir superb music,0
super sr,5
Nanige thumba esta aytu chitrakate diya du love mocktail kinta tq keep it up,3
Superb song,5
hudugi andre yak saytiro.........,1
ಹೌದ್ ಹುಲಿಯ ...nHands up .. ಅವನು ಬರ್ತಿದಾನೇ ಬಂದ ಮೇಲೇ ಪಕ್ಕಾ ಬೇರೇ ಇತಿಹಾಸ ಸೃಷ್ಟಿ ಆಗುತ್,0
smile madalu nodi joking vdo,5
ede tara mondeagute annru like madi,0
ಒಳ್ಳೆಯದಾಗಲಿ ತುಂಬಾ ಚೆನ್ನಾಗಿದೆ ಕೋಟಿಗೊಬ್ಬ 3 ಅಭಿಮಾನಿ ಕನ್ನಡಿಗರ ಮನ.,0
Yen song guru Superb,0
Super from kolar,5
@Nandi Parthasarathi ನಂದಿನಿ ನಿಮ್ಮ ಅಪ್ಪ ನಾಮರ್ದ ಅಂತೇ ಹೌದೇನೇ,2
@Nandi Parthasarathi le randimagne modlu nimma appa amma hige mattadu kalisiddara modlu ninu mataadiddu aariti nodo hogo first,2
Im fanof rakshit shetty,5
Super  sir,5
ನಾವು ವಿಶ್ವ ಗುರುಗಳು ...🤣,1
2019 Noduvaru like please.........,0
ನಿಜವಾಗ್ಲೂ ಇದು ಚರಿತ್ರೆ ಸೃಷ್ಟಿಸೊ ಅವತಾರ.... song Rakshith sir.. all the very best..,0
ವಿಕಾಸ  ನಾಟಿಕಾರ ಇವರು ಹರನಾಳದವರು.ವಳ್ಳೆಯ ಕಥೆ,0
good movie. re realse sir.,5
Entha promotion illa hindi realise agutta annode doubt,3
Yenri sullu heltira fake fake fake fake fake,2
Nodarappa yaro heludrala ban yak madbeku antha,0
சூப்பர் சாங்க் அண்டு விசுவல் எபக்ட்,5
@Nandi Parthasarathi hahaha,1
Super super super,4
@prithvi nayak ನಿಮ್ಮ ಅಕ್ಕುನ್ ಮಿಂಡ ನಾನೆ,2
BEST SONG EVER,0
ಏ... ಭೈ ಏನೋಪ ನೀ ಹಿಂಗ ಮೈ ತೊಳೆದು ಬಿಟ್ಟಿ,0
Tumba olle vishya tilsidira geleya ellaru prayatna madona,0
Pruthvi avre nim acting Super,0
@kushal kumar thankz hage insta alli follow madi,0
Bandiro 3 comment adru avalge andkondre adu ugiyakke madidiralla guru,3
Ulti music and signature step,0
olle prayatnake olledagli Jai srimannarayana,0
Nice story togari tippa,0
Namma hero rakshit,0
My favorite  song,0
+Shivanand Kattimani so,5
Tiktokers present situation... nನೋಡುವವರು ಯಾರು ನಮ್ಮ ವೀಡಿಯೋನೂ,3
ಅದ್ಬುತವಾದ ಸಂಗೀತ ...,0
Super duper movie and song,5
BlockBuster Hit Hand's  up,5
सर आप लोगो से निवेदन है आप छत्तीसगढ़ मध्य्प्रदेश इस तरफ़ खुद की टाकीज खरीद लीजिये जिसमे सिर्फ साउथ की डब मूवी ही चलेगी आपसे रिक्वेस्ट है आप पैसा इन्वेस्ट करके दिखे छत्तीसगढ़ दुर्ग में तरुण बिग सिनेमा खाली हो रहा है आप दुर्ग में इन्वेस्ट कर सकते है nफिर क्या आप लोग धीरे धीरे पूरे हर जिलों में 1 सिनेमा घर आप अलॉट करते जाना फिर देखना आपकी हर मूवी को हम देख सकते है और अच्छा बिजनेस भी कर सकेगी,5
ವಿಜಯ್ ಪ್ರಕಾಶ್ ಸಾರ್ ಸೂಪರ್ ಸಾಂಗ್ ಹಾಡಿದ್ದೀರ ತುಂಬು ಹೃದಯದ ಧನ್ಯವಾದಗಳು,0
@its my opinion ಬಹಳ ಧನ್ಯವಾದಗಳು.....,0
Hejje hejjege tik tokers troll and roast maadi,0
avarige belesidorna thuliyodhu gottilla anda star patta bandamele friends na mariyodhu gottilla,0
Osm music,5
DRUVA sarja- hit likenRakshith Shetty- commentsn,5
Hi bro yav urruuuuuuu ninduuuu Kollegala na,0
ಇದು ಚರಿತ್ರೆ ಸೃಷ್ಟಿಸೂ ಕನ್ನಡದ ಸಿನಿಮಾ ಆಗುತ್ತೆ. ಆಲ್ ದ ಬೆಸ್ಟ್ from D boss fans.,0
Super  song,0
Super togari tippa,5
neen yak guru aaa dagar rashmika ge compare madthiya,2
ಚಿತ್ರದಲ್ಲಿ ಏನೋ ಇದೆ,0
Golden era for kannada film industry  love mocktail,5
jAi D Bo'ss,0
idu charithre srishtisuva comment guru..,0
Instagram bya agithi ana,5
Good movie... Thanks die Team... Sorry.,5
Flair gun  ge hondu like,0
ravikumara k g howdhu,0
Tik tok ban agleee beku,0
Nice I like it,5
super song sir. rakshith shetty sahebara fans ella like madi.,0
@Rajesh Rao bari inta comments maadkond koothkoli....thuu inta cinema na kannadadalli prothsaha maadilla anta naachike aagbeku,4
ಟಿಕ್ ಟಾಕ್ ಮಾಡ್ತಾ idri ಅನ್ಸುತ್ತೆn.,0
Super alla best bro,0
ಸೂಪರ್ ಬ್ರದರ್.. tiktaak ಸೂಳೆಮಕ್ಕಳಿಗೆ ಒಳ್ಳೆಯ ಟಾಂಗ್ ಕೊಟ್ಟಿರಿ,3
ಅದ್ಬುತವಾಗಿದೆ ಅವನೇ ಶ್ರೀಮನ್ನಾರಾಯಣ ಚಿತ್ರದ ಹಾಡು ಹ್ಯಾಂಡ್ಸಪ್,0
Namm boss vijayaprakhas  voice super,0
ಚಂದನ್ ಶೆಟ್ಟಿ ಟ್ರೊಲ್ ವಿಡಿಯೋ ನೀವು ನೋಡಿ ನೆಗಡ್ಡೆ ಇದ್ರೆ ನಾವ್ ಗ್ಯಾರಂಟಿ,0
Is ashvadhama alive,5
ಅಪ್ಪಟ ಕನ್ನಡ ಹಾಡು,0
Eddane annodu nanna nambike.aadre ashvataamanige kannadada bartita anodu davtu,0
Guru super,0
Moorne kgf 2,5
Lo gaandu nan magne d boss fans yake sata tariyoke dislike madtara nBere avru nodi urkolokke en avru bucket and balegara fans he,3
ಸೂಪರ್ ಗುರು.... ಗುರು ನಿಮ್ಮೂರು,0
Nange picture ka geet,5
Nine modalu nine kone song,2
Amazing Movie,5
En helde guru it's true,0
@King of King yako istond urkond saytiyA burnal achko,2
Yenge nivu.... Kalru nivu,0
Innu swalpa Sanskrit nalli baybeku guru,0
@Sweekar Gowda Lo tukali,2
Egina youth's ge spoorthy sir nivu Devaru nimge ayyasu aarogya channagi kodli,0
Super Rakshith shetty sir,0
ತುಂಬಾ ಚೆನ್ನಾಗಿದೆ ಕನ್ನಡ ಬೆಳಸಿ ಕನ್ನಡ ಊಳಿಸಿ,5
Kannadada matthondu maligallu,0
@DACCHU D BOSS naanu adanne hudukta idini 🤔,0
Super Guru neenu,0
Jai d boss,0
Godiyaga isfet adatida,0
ತಿಪ್ಪನ ಸ್ಟೋರಿ ಚಂದವಾಗಿದೆ,0
U ROCKED BRO,5
Fuck tik tokrs,3
ಏನೋ ಪಾ.. ಅಷ್ಟ್ ಇಷ್ಟ ಆಗ್ಲಿಲ್ಲ.. ಏನೇನೋ ಇದೆ.. ಹಿಂದಿ ಪ್ರೇಕ್ಷಕರಿಗೆ ವಿಚಿತ್ರ ಎನ್ನಿಸ ಬಹದು,3
E video nodi Namma desha e stiti nodi bejar aytu nBangarada akki agidda bharatakke e paristi barabaradittu,4
@Karthik Gowda Dacchu hmm aythu dagarge hosa award kodtini bandli star antha helbidu,0
Osm,5
Rakshit Shetty,5
ಕನ್ನಡದಲ್ಲಿ ಚರಿತ್ರೆ ಸೃಷ್ಟಿಸಲಿ ಈ ಸಿನಿಮಾ,0
Wt a coment,5
So  nice,5
Dislike madirovur rasmika panzgalu,3
Bari shocki wala mosale kanniru,4
@Vinay kumar eno bale pan e rangege urkondidiya ninge urdiro ranagge burnol ella agbaralla keralakko kollegalakko hogi nin thikke shaanthi madsu jotege nim balegaran karkond hogi thikke 2 chakkotha katsu next kaddi pileswan ge balance agutte enanthira bale pans now bale pans reaction hakro steppu 🤣,2
Nammanegu bandidru selfi thago bekonstralli hogbitru,1
Spuerrrrrrrrr  songs,0
superrŕrrrrr  super vice sir,0
ಕೆಲವರು ಡಿಬಾಸ್ ಬಾಸ್ ಅಂತಾರೆnಕೆಲವರು ಯಶ್ ಬಾಸ್ ಅಂತಾರೆnಕೆಲವರು ಕಿಚ್ಚ ಬಾಸ್ ಅಂತಾರೆnಕೆಲವರು ಪುನೀತ್ ಬಾಸ್ ಅಂತಾರೆnಇನ್ನೂ ಕೆಲವರು ಶಿವಣ್ಣ ಬಾಸ್ ಅಂತಾರೆnಆದರೆ ಅವರೆಲ್ಲರೂ ಅವನಿಗಾಗಿ ಕಾಯ್ತಾಇದಾರೆnಯಾರ್ ಅವನು  nಅವನೇ ಶ್ರೀಮನ್ನಾರಾಯಣ,0
ಸೂಪರ್ ಬ್ರದರ್ ಚನಾಗಿ ಹೇಳಿದಿರ ನಂಗಂತೂ ತುಂಬಾ ಇಷ್ಟ ಆಯಿತು,0
Are bhai ye song hindi mai kab aane wala plz bataye,5
Bro adru evaga bere language enda open madkond use madtaidaralla bro 🤦‍....thumba janridare nam jana e tara vishyadalli..haladavru🤦‍,3
Suprb song rakhit shety karnataka boss,0
@Arman Babu anna ... thappu thilibedi.  I APPRECIATE YOUR KIND NATURE.  jai kannada. Happy Sunday .,0
SupernTelugu lo kuda,5
Konegu Rakshith shety kainal Dance madsok AVNE barbrkitu nYaaaaravnu ~~~~~~~ #ASN,0
sakath bro,0
Idhu bari bogus,4
ನಿಜವಾದ ಹೀರೋ ನೀವು sir ಸ್ವಾಭಿಮಾನದ ಗುರು ನೀವು,0
ಕ್ಷಮಿಸಿ ದಿಯಾ ಟೀಮ್ .....,0
YouTube subscriber at list 5lack kooda Ella yelli reach agutte T series nalli bittidre 10m agirodu avraddu tappu,1
ಇನ್ನು ಇಂಥ ಒಳ್ಳೆ ಸಾಂಗ್ಸ್ ಇದವೆ ಅಂತ ಗೊತ್ತಿಲ್ಲ ಸೂಪರ್ ಸಾಂಗ್ಸ್,0
WhatsApp Mumbai Bazar group,5
ಈ ಸಾಂಗ್ ಎಷ್ಟು ಅಡಿಕ್ಟ್ ಆಗಿದೆ ಅಂದ್ರೆ ಡೈಲಿ ಮಿನಿಮಮ್ 5 ರಿಂದ 6 ಸಲ ನೋಡ್ಬೇಕು ಅನ್ಸುತ್ತೆ....ನೀವೇನ್ ಅಂತೀರಾ,0
ಈ ಫಿಲ್ಮ್ ಯಾವ ಲೆವೆಲ್ಲಿಗೆ Super Hit ಆಗಬೇಕು ಅಂದ್ರೆ ರಶ್ಮಿಕಾ ಮಂದಣ್ಣ ಮುಟ್ಟಿ ನೋಡಿಕೊಳ್ಳುವ ಹಾಗೆ,0
Super  bro,5
@MOVIES BOX innu baiko..... naan yen avn fan alla🤣.... avn film fan ashte,2
I feel jasti bitta kottri... Bari  lyrical video sakagittu,3
ನಿಮ್ಮ ಎಲ್ಲಮಾತನ್ನ100% ಒಪ್ಪುವಂತದ್ದೇ.ಚೀನಾ ಅಭಿವೃದ್ಧಿಯಲ್ಲಿ ಮುಂದಿರಬಹುದು.ಆದರೆ ಭಾರತದ ಜನರಿಗಿರುವಷ್ಟು ಸ್ವಾತಂತ್ರ್ಯ ಚೀನಾದ ಜನರಿಗಿಲ್ಲ.ಜನರು ಬಹಿರಂಗವಾಗಿ ಮಾತನಾಡೋಹಾಗೇ ಇಲ್ಲ.ಜನರಿಗೆ ಸ್ವತಂತ್ರವಾಗಿ ಬದುಕೋಹಕ್ಕೇ ಇಲ್ಲ ಅಂದ್ಮೇಲೆ ಎಷ್ಟಿದ್ರೆ ಏನುಪ್ರಯೋಜನ?ಮೇರಾಭಾರತ್ ಮಹಾನ್.,0
nice togari tippa,5
Super tippa story,0
ಸಾಂಗ್ ಸಂಗೀತ ಲಿರಿಕ್ಸ್ ಡಾನ್ಸ್ ವಾಯ್ಸ್ ಹಿಟ್ ಸಾಂಗ್ ಲವ್ ಯು ವಿಜಯ್ ಪ್ರಕಾಶ್  ಸರ್..... Your voice is verry attractive......,0
Sir nanu thumba chikkavanu adru harsthini sir naa bhagavantha nimna haraisali,2
@Prasad Hegde super joke,5
ಏನ್ರೀ ಇದು ಇಷ್ಟು ಜಾಹಿರಾತುಗಳು ಬರ್ತಾ ವೇ ಸ್ಕಿಪ್ ಮಾಡಿ ಮಾಡಿ ನೋಡಬೇಕಾಗಿದೆ,3
Good human being...,5
ಸ್ವಲ್ಪ ದಿನದ ಹಿಂದೆ ಈ ಮೂವಿ ನೋಡ್ದೆ ನಿಜವಾಗಲೂ ಅದ್ಬುತವಾದ ಮೂವಿ... ಥೀಯೇಟರ್ನಲ್ಲಿ  ನೋಡ್ಲಿಲ್ವಾಲ ಅಂತ ತುಂಬಾ  ಫೀಲ್ ಆಯ್ತು..,0
D Boss support idre sinima gellutte no doubt,3
ಸಾರ್ ಸಾರ್ಥಕ ಬದುಕು ನಿಮ್ಮದುnಸತ್ಯಶುದ್ಧ ಕಾಯಕ ನಿಮ್ಮದು,1
Kai kesaradare bai masaru supper ser,0
Super bro love India,5
@VARAPRASAD K K guru yaru yargu kadime illa,2
God bless you Sir..nNimage olleyadagali ........,0
Nange bahala novaytu nannamele yakandre nanu  Diyaa moviena thetoralli nodilla adakke please realise onse again nanu nodtin Mathe janru nodtare please,0
Rashmika ge Burnol Thankodrappa!!,2
Yalla trolles evaga nim Kelsa madi yaru Ennu tiktok use madthidhare avrge troll madi nnDheshana ulskoloke agdhe eldhoru enna charector Hege ulskothare nodona,0
Hands up  super song,0
Wonderfull super amazing song superrrrrrrrr,0
Bro tiktok ban agide adhre barute ide swalpa settings ge hogi Language Change madi  Barute,4
Neev mado pratiyond videos galu mukake ekda tegdu oddag irutte bidi bro and nim voicenim big fan agbitidivi bro......,0
MASS  SONG,5
ಗುರು ulti movie Superb Chindi,0
ಪ್ರಚಾರ ಇಲ್ಲದ ಕಾರಣ ನಮಗೆ ಒಳ್ಳೆಯ ಚಿತ್ರ ನೋಡಲು ಅವಕಾಶ ಆಗಲಿಲ್ಲ.,1
Very nice story,5
@Ŕävîñđŕå_02_GøWđřú ನಿಮ್ಮ ಅಂತಾ ಅರ್ಧ ಬರ್ದ ಫ್ಯಾನ್ ಅವಶ್ಯಕತೆ ನಮ್ boss ge ಬೇಡ ಹೋಗೋಲೆ ಲೌಡೆ ಷಂಡ,2
Love you bro,5
ಕೆಲಸ ಬೇಕಾnCall to 8546903696,0
Super movie super song,5
Sandalwood all dairecters legends,0
All the best fro ಡಿ ಬಾಸ್ ಫ್ಯಾನ್ಸ್,0
@Vasantha Setty illi gojjekesari Yash du nayinu musalla,2
Jai Jawan Jai hind,5
Bgm osm and unique song,5
ತುಂಬು ಹೃದಯದ ಧನ್ಯವಾದಗಳು ಸರ್,0
ಪ್ರಜ್ವಲ್ ದೇವರಾಜ್ ಅಭಿನಯದ e ಇ ಚಿತ್ರ ಅವ್ರ ಲೈಪ್ ನಲ್ಲಿ ಒಂದು ಮೈಲಿಗಲ್ಲು ಆಗುತ್ತೆ,0
smarter than u ಮೊದ್ಲು ಕನ್ನಡ ಬಳಸಿ ಕನ್ನಡ ಲಿಪಿಯಲ್ಲೆ ಬರೆಯಿರಿ..nಕನ್ನಡವೇ ಸತ್ಯ ಕನ್ನಡವೇ ನಿತ್ಯ,2
Song lyrics in kannada n,5
Hahahaha  LoL nIdiot beggar get lost.,4
Nyc trailer praju,0
Ultimate bro,5
Yakri janagalna dari tapso kelsa madtira,3
Anna e game yavadu,0
sr u r great sr nimage Kannada chitrarangadalli avakashagalu sigalli sr sudeep sr darashan sr mattu yesh sr plz yella Kannada hirogalu nim pilimagalalli avakashagalu  kudri plz plz plz  plz plz,0
Actually idu idu chanagirodu,0
ಸರ್ ಕೆಲವು ಸತ್ಯಗಳನ್ನ ಜಾಸ್ತಿ ಹುದುಕಿ ತಗಿಬರ್ದು ಆದ್ರೆ ಅದು ಸತ್ಯವೇ ಆಗಿರುತ್ತದೆ,2
ಯಾಕೆ ಎಲ್ಲ ವಿಡಿಯೋ ದಲ್ಲೂ ಈ ಗೇಮ್ ನ add ಮಾಡಿ ಆಕ್ತಿರಲ್ಲ,0
ಸೂಪರ್... ಜಂಟಲ್ ಮ್ಯಾನ್..... All the best,0
Chang illa movie,0
ಸರ್ ನಾನು ಕಡು ಬಡವ .....ನಿಮ್ಮ ತಂದೆ ಅಭಿಮಾನಕ್ಕೆ .ನನ್ನ ಕಿರು ಕಾಣಿಕೆ ಸ್ವೀಕರಿಸಿ ...ನನ್ನನ್ನು ಬಂಗ್ಲೋರುಗೆ ಬಂದು ಭೇಟಿ ಮಾಡಿ ದಯವಿಟ್ಟು .....ಕುಮಾರ್ 9743436877,0
Super bro nin ello erbekithu,0
@sᴀɴᴅᴀʟᴡᴏᴏᴅ sᴛᴜᴅɪᴏ ᴍᴏᴠɪᴇs boli magane nin appan third a,2
Last nalli  heldalla guru superr,0
ತೊಗರಿ  ತಿಪ್ಪ ಸೂಪರ್  ಹಾಸ್ಯ ಕಥ,0
Rakshith shetty fan like here,5
OIlle thana.....olleyavrige eegina kaladalli nijwaglu bele illa.....enidru anyaya,0
Super song asn bgm,0
Super rakshith sir,0
USA brand but aduna produce madoke USA ali skilled labour ilvala aduke china davru madtarennApple mobile togondru china ke income hogute,0
ಒಬ್ಬರ ತಲೆ ಹೊಡೆದು ಬದುಕೋ ಶ್ರೀಮಂತರಗಿಂತ nಸ್ವಾಭಿಮಾನದಿಂದ  ಬದುಕುತ್ತಿರೋ ನಿಮ್ಮನ್ನು ನೋಡಿ ಹೆಮ್ಮೆ ಅನಿಸುತ್ತೆ,0
@ಕನ್ಫೂಸ್ ಆತ್ಮ houdu huliyaa,0
Yar namblila Andru nan nambthini nambikene jeevna,0
Super duper..Film    Bust of luck... Prajval Devaraja..... Darling..   Days..,0
Very nice video,5
Jai D bossssssssssssssssssss fan hits like,5
ASN movie is too good..,0
D ಬಾಸ್ ಅಭಿಮಾನಿ ಕಡಿಂದ ಆಲ್ ದ ಬೆಸ್ಟ್,0
song matra lit agide,0
ಹೌದೋ ಹುಲಿಯ,2
Super duper lyrics,5
ಇದೇ ಟ್ರೇಂಡ್ ಸೆಟ್ಟಿಂಗ್ ಎಂದರೆ... All the best ASN,0
ನಮ್ಮ ದೇಶದಲ್ಲಿ ರಾಜಕೀಯ ದಲ್ಲಿ ಗೆಲ್ಲಲು ಈಗ ದುಡ್ಡು ಬೇಕಾಗಿಲ್ಲ ಪಾಕಿಸ್ತಾನ ಅಥವಾ  ಇಸ್ಲಾಂ ಮೇಲೆ  ಅವಾಜ್ ಹಾಕಿದರೆ ಅವನಿಗೆ ಪ್ರಧಾನಿ ಪಟ್ಟ ಕೊಡುತ್ತಾರೆn ನಮ್ಮ ಮೋರಿಗೆ ಮುಸಲ್ಮಾನರನ್ನು ಸಾಯಿ ಸೋದೆ ಅವರ ಅಭಿವೃದ್ಧಿ,1
Superb chennag heludri frnd🤣🤣Nam hatra tik tok app illa,0
Super song in kannba super song,5
@#win 12 nodidini sir,0
Ista aythu chhannagide,0
Dance steps,5
I like it,5
Super trailer sir,5
Nimma Swabhimani jeevanakkondu Salam siryou are great than many others,0
Pakka365 day  percent,5
Okie okie anta helboduu powerful music irbekittu,1
elru phone le nodthare manele adke yaru takis ge bandu nodthilla nanu kuda phone le nodiddu tam tam app inda ella new films dwld madkondu manele nodthare so adke yaru takis ge barthilla ansuthe,4
ನನಗು same ಹಂಗೇ ಅನ್ನಿಸ್ತು,0
#No 1 in trending,5
Salute to sandalwood,0
Nanu eduvaregu tik tok app install kuda madilla nan phone alli. Bro ede tara videos madi tik tok alli saitirorna ennomme tik tok hesar keladre bhaya padbeku aaa tara rost madi bro,0
Keli kadiruva bandhavarenBhuviyalli avana aritavarenYarilla bidi,0
Ultimate song....,5
Nim maaathu elrugu kelsohagididdre thumba olledagtitthu ....,0
ಸಾಂಗ್ ಫಸ್ಟ್ ಲೈನ್ ಮ್ಯೂಸಿಕ್ ಸ್ವಲ್ಪ ಡಲ್,4
En music guru,0
@Sammy Gunda s bro,0
@CHNADU Ganeshakar xxx,5
Super movie sirrr....,5
Re release madi,0
Dislike madiroru rashmika kade avre erbeku!,3
Enu guru song saktha kick kodtha edae..super ASN,0
Jai d boss,5
Nice voice bro,5
Jai D Boss,0
@Wild Rex ಕಟ್ಟಬೇಕು bronಖಂಡಿತಾ ಕಟ್ಟುತ್ತೆ  bro,0
ಸೂಪರ್ ಆಗಿ ಹೇಳಿದ್ದೆ ಗುರು,0
Super guru shivumagod@gmail.com,0
Unique Signature Step ‍,5
Kushi avare nimma mele thumba love aagide . Great acting,0
Bro see irum u kottai murattu singam film,5
Bladey piracy madidara yallaru Alli node status hakidara movie yalli theatre alli yar nodatara first telegram ban madabaku,3
Tik tok ban madirodrinda yargadru bejaragi frustration agidre bandu nan tun  undbidri samadaana agbahdu ella Andre Nim helna neeve tindbidi soo mindri mundera adra madorgu nimgu no changes e comment ge yalla Hindustan supporters reply maadinnChaina support madorge yav Tara k beku,3
E game yavadu bro,0
Love you sir,5
Vijaya prakasha voice is amazing song super,5
Bro your playing game name,5
Nijavaglu belakaythu Shankar sir,0
Spr song.ulti music,5
Yes bro avaga song ajneesh sir voice alli ittu,2
your grat  sar.  Aldha best,5
ಹಾಡು ಯಾರಿಗೆ ಇಷ್ಟ ಆಯ್ತು Handsup ‍,0
Super bro....,5
Marketing sariyaagi maadrappa istondu olle movie ge ingadre henge very imp marketing,3
Song super step ennu super,0
Super song Vijay Prakash,0
Thanks ellakade link Sher madi nTukali kushmikage hattiro kobbanna elisi,4
1000 ne like nandhe brother,0
Super super super,0
ಯಾಕೆ dislike ಮಾಡ್ತಾರೆ ಮರೆ? Addicted,0
Hands Up antha Rashmika goskara bardang ide,0
@ನಾನು ನೀನು Thank you bro..,0
I saw ashwathama,5
Dislike madidorella bevarsi TikTokers..thika urkondavre Burnol kodrooo🤣🤣🤣🤣🤣🤣,3
Agadre no 3 yaru,0
Sir ee varshada sikshanada bagge tilisi,0
ಲವ್ ಯು ಬಾಸ್  ಸೂಪರ್,0
Yakappa yenaytu.. movie swalpa length jasti adre movie chennagide.,0
ಲಾಕ್ ಡೌನ್ ನಲ್ಲಿ ಈ ಹಾಡನ್ನು ಕೇಳಿ ದವರೂ ಲೈಕ್ ಮಾಡಿ,0
Dub it to Malayalam,5
Super bro ban agide valedu,0
Your are great man ದೇವರು ಚೇನಗೀ.ಇಟ್ಟಿರಿಲ್ಲಿ wonder full man,0
Super bro,5
ಸರ್ ನೀವು ತುಂಬಾ ಚೆನ್ನಾಗಿ ಅರ್ಥ ಮಾಡ್ಸಿದಿರಿ ಆದ್ರೆ ನೀವು ಬರಿ ರಾಜಕೀಯದ್ದೇ 24 ಗಂಟೆ ತೋರಿಸ್ಥಿರೀ....ಅವರನ್ನ ಬಿಟ್ಟು ನಮ್ಮ್ ದೇಶದ  ರೈತರ ಬಗ್ಗೆ ಯೋಧರ ಬಗ್ಗೆ  ತಂತ್ರಜ್ಞಾನ ಮುಖಾಂತರ ನಮ್ಮ್ ದೇಶ ಉತ್ತಮ ಗೊಳ್ಳಬೇಕು ಅದನ್ನ ದಿನಾಲು ತೋರ್ಸಿ  ಆಗ ಮಾತ್ರ ನಮ್ ಜನಗಳು ಬಾದ್ಲ್ಆಗ್ತಾರೆ...,0
Hi my friend,5
ಎಷ್ಟು ಗುಣಮಟ್ಟವಾಗೀದೆ. ಕನ್ನಡದ ಹೆಮ್ಮೆ.,0
@Thejas Gowda Lee sulemagane   fans Kade ಇಂದ ಸಪೋರ್ಟ್ ಅಂದರೆ,3
Ee  boli maklige deshakoskara1 app delete madakkaglilla,4
Super anno,0
ಶೆಟ್ಟಿಗಳು ಎಲ್ಲಾ ಈತರ ಕಥೆ ತೆಗಿಯೋದು ಮುಖ್ಯವಲ್ಲ ಕಮರ್ಷಿಯಲ್ ಸಿನಿಮಾ ಮಾಡಿ ತೋರಿಸಿ,3
@VARAPRASAD K K neen tunne chipake kayak illa,2
Super sir nivu nigavgllu nivu igienanLove fellore hudegiriegi supirthie sir,0
Well said bro,5
Nam kannada industry yav industry gu kadime illa maaraya...,0
ಈ ಸಿನಿಮಾ ಹೊಸ ಚರಿತ್ರೆ  ಬರೆಯುತ್ತೆ  ಅನ್ನೋರು ಲೈಕ್ ಕೊಡಿ,0
Sundara vada camedey,0
Edu public mistake alla bidi evara mistake edu.one week ga 11 films release adre jana yavdanta nododu.Its totally mistake of film makers planning,3
Move chenagi irli hero ge olledagli  tumbane kasta padta I dareP,0
Kannadigaralli oggattu illa fanism jasthi aytu,4
ತೊಗರಿ ತಿಪ್ಪ ಸೂಪರ್ ಗುರು,0
Charitree shrushtisoo avatara!!!,0
ಧನ್ಯವಾದಗಳು ಸರ್ ಇಂತವರಿಗೆ ತುಂಬಾ ಚನ್ನಾಗಿ ಭುದ್ಧಿ ಮಾತು ಹೇಳಿದೀರಾ ಮತ್ತೆ ಹಿಂಥವರು ಇದ್ರೆ  ಇನ್ನು ಸ್ವಲ್ಪ ಮರ್ಯಾದೆ ಕೊಟ್ಟು ಹೇಳಿ,0
@JV Mirajakar  thank u,5
Iddane idu nanna nabike,2
@Dhee Pu adu hachchagannda allappa achchakannada,2
Look like a shankarnag,0
YASH BOSS DID IT,5
ಸರ್ ನಿಮ್ಮ ಸ್ವಾಭಿಮಾನ ನಮ್ಮ ಅಂತಾ ಎಷ್ಟೋ ಜನಕ್ಕೆ ಸ್ಫೂರ್ತಿ ಸರ್.... ನಿಜವಾಗ್ಲೂ ನೀವು ಗ್ರೇಟ್ ಸರ್..... ನಿಮಗೆ ಸೋಲು ಅನ್ನೋದೇ ಇಲ್ಲಾ ಸರ್ ಯಾಕಂದ್ರೆ ನೀವು ಜೀವನದಲ್ಲಿ ಗೆದ್ದು ಸೋತವರು ಅಲ್ಲಾ ಸರ್.... ಸೋತು ಗೆದ್ದುವರು,0
Avanige savilla adre evagu edana,0
Super togari tippa story,5
Belagavi dag release madro #diya....,1
ನಮ್ಮ ದೇಶದ ರಾಜಕಾರಣಿಗಳು ಚಿಲ್ಲರೆಗಳು ನಿಜಕ್ಕು ಸತ್ಯ,3
ಚರಿತ್ರೆ ಸೃಷ್ಟಿಸುವ ಅವಥಾರ... nಅವನೇ ಶ್ರೀಮಾನ್ ನಾರಾಯಣ....nನಿಜಾ ಗುರು ಈ ಚಿತ್ರ ಚರಿತ್ರೆಯನ್ನು ಸೃಷ್ಟಿ ಮಾಡುತ್ತದೆ....,0
Chinna app Delete madi pla,4
ಹಾಡು ಕೇಳೋಕು ಮುಂಚೆನೇ ಲೈಕ್ ಬಟನ್ ಒತ್ತೋನು ನಾನೊಬ್ಬನೇನ,0
Wow hand's up 🤟  ಚರಿತ್ರೆ ಸೃಷ್ಟಿಸೊ ಅವತಾರ super,0
tik tok rip bro,5
Estu dena yelli eddru guru e music director nSuper duper music,0
@Nandi Parthasarathi ನಿನ್ ammun,2
Manju Manju ಅದು ಒಂದ್ ಪದ ಬಿಟ್ಟು ನೋಡು,0
I am feeling like,5
ಎನ್ ಮಾಡೊಕಾಗುತ್ತೆ ಕೆಲವರು ನಮ್ಮೋರೆ   ತೆಲುಗು ಯಾವುದಾದರು ಸಾಂಗ್ ಟ್ರೈಲರ್ ಬಂದ್ರೆ ನಾಯಿ ಕಾಯೊ ಹಾಗೆ ಕಾಯ್ತಿರ್ತರೆ,3
Avne Dodda copy,2
Zinda hai tho deklena,5
Jai D Bossssss,0
@Manju Flower cbv,5
Who like rakshit Shety hit like,0
Nakkan idhu subject Andre eevag heltheeni industry change aagthide... Thousand times better than Jaatre films of sarjas...,4
Barli guru innondu video sakaglilla begaaaaaaaaaaa....,0
ಸರಿಯಾಗಿ ಹೇಳ್ದೆ ಗುರು ಊಗಿ ಚೀನಾಗೆ ಹುಟ್ದ್ ಗ್ ಆಡೋ ನಾಯ್ಗಳಿಗೆ,3
Like madi link share madi,0
Anna nanu dhevara hathra kellkonthini   E movie success kandu   nimma cini journey yalli life turning movie aglli antha ....GUD LUCK BRO ...JAI HANUMAN   SUPPORT FROM D BOSS ABIMAANI,0
ಭಾರತ ಬೇಳಿಬೇಕು ಅಂದ್ರೆ ಇಲ್ಲಿನ ಜನಾನೆ ಏನಾದ್ರೂ ಮಾಡಬೇಕು,0
ಡಿ ಬಾಸ್ ಅಭಿಮಾನಿಗಳ ಕಡೆಯಿಂದ ಡೈನಾಮಿಕ್ ಪ್ರಿನ್ಸ್ ಪ್ರಜ್ವಲ್ ದೇವರಾಜ್ ಸರ್ ಗೆ ಅಭಿನಂದನೆಗಳು ಮತ್ತು ಈ ಚಿತ್ರವು ಜನರ ಮನಸ್ಸನ್ನು ಗೆಲ್ಲಲಿ ಎಂದು ಹಾರೈಸುತ್ತೇವೆ...n                            - ಜೈ ಡಿ ಬಾಸ್,0
Sir mobile gala bage video madi bro,0
ದಿಸ್ ಐಸ್ ದಿ ಬೇಸ್ ಸನ್ ಎವರ್ ಲವ್ ಉ,0
D boss movie henge irli fans hatrikk maadtare pakka,0
Ulti music suuuper,0
Guruve en creative sharanu love u kannadiga,0
ಟ್ರೈಲರ್ ನೋಡಿ ಮೈಯೆಲ್ಲ ರೋಮಾಂಚನವಾಯಿತು! ಪ್ರಜ್ವಲ್ ದೇವರಾಜ್,4
FULL BENKI VIDEO,0
Hen music guru,5
Rakshit  shetty sir super. .,5
4 ಜನ ಇರುವ ಈ ಸಿನಿಮಾ ..4 ಕೋಟಿ ಕನ್ನಡ ಸಿನಿಮಾ ಪ್ರೇಕ್ಷಕರಿಗೆ ತಲುಪಲಿ ...ದೀಯಾ ಸಿನಿಮಾ ಅದ್ಬುತವಾಗಿದೆ ...,0
Rakshith...Nan yakda dboss dabba Nan Maga,2
@Muniraj Munira nice  songs,0
Dislike madidavar rashmika fans irbek,3
Avane Srimannarayana Trailer-BGM n          Re-Createdn,0
Adege astondu currect aagi heltira madam,0
Nice rakshith shetty,5
Hands up,5
@Nandi Parthasarathi ಉಮ್ಮ್ ನಿನ್ ತುಲ್ಲುಗೆ ನನ್ ರಸ,2
@manju Vivek means awesome,5
Flare gun at 1,5
Namma yalla sarkara nu hage ide bidi..,3
ಲಾಸ್ಟ ಟಿಕ್ ಟಾಕ್ ಬಾಯಿ ಇಲ್ದಿರೋ ಎಮೋಜಿ ಒಡೆದು ಹೋಗಿರೋ ಹಾರ್ಟ್ ಮಿಸ್ ಯು ಆಲ್ ಎಂಗೆ ಗುರು ಇದು,0
Matte yake hakidira,0
ಸೂಪರ್ ಅಜನಿಷ್ ಲೋಕನಾಥ್ ಬೆಲ್ ಬಾಟಮ್ ನಲ್ಲಿ ಏತಕೆ ಬೊಗಸೆ ತುಂಬಾ  ಇಂದು ಹೆಂಡಸಾಪ್ yuwar music ಸೂಪರ್,0
@Nikhil Karkala,5
ಎಂಥೆಂಥದೋ ಡಬ್ಬಾ ಹಾಡುಗಳಿಗೆ ನೂರು-ಇನ್ನೂರು ಮಿಲಿಯನ್ ಗಟ್ಟಲೆ ವಿಕ್ಷಣೆ ಆಗ್ತಾವೆ...ಆದರೆ ಇಂಥಹ ಚೆನ್ನಾಗಿರೋ ಹಾಡಿಗೆ ಮೂರು ದಿನಗಳಾದ್ರೂ ೨ ಮಿಲಿಯನ್ ಆಗ್ತಿಲ್ಲ ಅಂದ್ರೆ...ನಮ್ ಜನ ಇಲ್ಲಿನ,4
We kannadigas have killed a good movie,5
idu.. idu.. channagirodu andrenbenki boss nivu,0
@Raja Vishnuvardhana ningen problem guru,3
Mast roast madidi anna,0
ಚಂದನ್ ಶೆಟ್ಟಿ ಟ್ರೊಲ್ ವಿಡಿಯೋ ನೀವು ನೋಡಿ ನೆಗಡ್ಡೆ ಇದ್ರೆ ನಾವ್ ಗ್ಯಾರಂಟಿ,0
Asom song Vijaya prkasha,0
Jai rakshith shetty,0
Different ಮ್ಯೂಸಿಕ್ ಸರ್.nಅಜನಿಶ್ ಸರ್ ಗೆ ಧನ್ಯವಾದಗಳು..,0
My favourite singer VP Sir,5
Super sir nim anthoru Nam Kannada industry ge beku namma Kannada industrya kirty patake ellade harabeku belibeku,0
ಈ ಹಾಳಾದ ಕೋರೋನ ವೈರಸ್ ಬಂದು ದಿಯಾ ಲವ್ ಮಾಕಟೈಲ್ ಚಿತ್ರಗಳಿಗೆ ತುಂಬಾ ನಷ್ಟ ಉಂಟಾಗಿದೆ...but Don't worry u get best reviews.. All the best for ur nxt movies,4
Nice song avane srimannarayana,0
@Nandi Parthasarathi ನಿಮ್ಮ ಅಪ್ಪ ಗಂಡ್ಸ...?? 🤔🤔🤔,2
@Sagar Super bro,5
basavaraj gurikar .,5
ಮತ್ತೊಂದು ದಾಖಲೆಯತ್ತ ಕನ್ನಡದ ಚಿತ್ತ,0
Badekilla Pradeep voice,5
Superb song,0
ಟೆಲಿಗ್ರಾಮ್ ಅಂತ  app  ಇದೆ ಅದನ್ನ ಮೊದಲು ಬ್ಯಾನ್ ಮಾಡ್ಸಿ ಸರಿಹೋಗತ್ತೆ ...ಹೊಸ ಕನ್ನಡ ಸಿನಿಮಾ ರೀಲಿಸ್ ನಾಳೆಗೆ ಬಂದಿರುತ್ತೆ ಮೊಬೈಲ್ ಗೆ ಟೆಲಿಗ್ರಾಮ್ ಅಲ್ಲಿ,3
@Chirag CHIRU le child chapati gala..... artha maadkolli..... film chennagidre yaar hero ne irli.... naan nodtini.... nim booos aagli,3
ವಾವ್ ಸೂಪರ್ ಹಿಟ್,0
Sir make vidieo on drone prathap,5
ಸೂಪರ್ ಗುರು ಇನ್ನು ಸ್ವಲ್ಪ ಉಗಿರಿ ಟಿಕ್ ಟಾಕ್ ಮಾಡೋರ್ಗೆ,0
Super movie guru,0
ಸೂಪರ್ ಸಾಂಗ್ ರಕ್ಷಿತ್ ಶೆಟ್ಟಿ ಸರ್ nನಮ್ಮ ಉಡುಪಿ ಜಿಲ್ಲೆಯ ಹೆಮ್ಮೆ,0
kannada tougari teppa,5
Super guru 🤩🤩🤩🤩🤩,0
ಇನ್ನೊಂದು ಚರಿತ್ರೆ ಸೃಷ್ಟಿ ಸೋ ಸರ್ದಾರ,3
Shiva k k,5
Super song and making to 100%,5
@VARAPRASAD K K  jail boy d boobs wig star,5
ಇದು ಚರಿತ್ರೆ ಸ್ರೃಷ್ಠಿಸೋ ಅವತಾರ🤩🤩🤩,0
Dislike maddavrige en helbeku,1
@Ajay Joshi Bhai kannada language me dekh mujhe konsi Kannada aati prr samaj aa gyii,5
yarella shivaji surathkal nodidira,0
Shrikanth  ಗೌರಮ್ಮ AB.,0
ಗುರುವೇ ಇವತ್ತಿನಿಂದ ನಿನ್ನ ಫ್ಯಾನ್ ಆಗಬಿಟ್ಟೆ... ನನ್ನ ದೇಶಾ ನನ್ನ ಹೆಮ್ಮೆ.... ಯಲ್ಲರು ಭಾರತೀಯ ವಸ್ತುಗಳನ್ನೇ ಬಳಸಿ ಭಾರತವನ್ನು ಉಳಿಸಿ.... ಜೈ ಹಿಂದ್..... ತೆನೆ ತೆನೆ ಕುಡಿದ್ರೆ ರಾಶಿ ಹನಿ ಹನಿ ಕುಡಿದ್ರೆ ಹಳ್ಳಾ...... ಪ್ಲೀಸ್ ಯಲ್ಲರು ಇನ್ನ ಆದ್ರೂ ಒಗ್ಗಟ್ಟಾಗಿ ದೇಶದ ಪರವಾಗಿ ನಿಲ್ಲಿ.... ಜೈ ಹಿಂದ್,0
Neevu namma spurthi,0
Hindustani bhau timing,5
ಏನ್ ಸಾಂಗ್ ಗುರು ಇದು ಕನ್ನಡ ಇಂಡಸ್ಟ್ರಿ ಅಲ್ಲಿ ಚರಿತ್ರೆ  ಸೃಷ್ಟಿಸೋ ಹಾಡು,0
Tkindidtuuihbjiygi KJ jMwuhMuyc,5
Lots love from kannadigas 🤗,0
O my god supero super,5
Super anna nim matu...,0
हिन्दी में कब रिलीज़ होगी इंतजार कर रहे हैं,5
Super anna tumba chanag ugididera,0
@Abhijith shetty no klnAp no kkjjmb nn 🤡🧖‍🧡🧣🧤🧘‍🧘🧘‍,5
manju uppar jk,5
ಕನ್ನಡ ಚಿತ್ರರಂಗದವ್ರು ಸ್ವಲ್ಪ ಸಹಾಯ ಮಾಡಿ.,0
@Nandi Parthasarathi nim Amman thulavru,2
Super Anna,0
Devaru kododu nidana hagide nAndre jaasthi kodthane hantanThilkoli,0
ಅಶ್ವತ್ಥಾಮ ಚಿರಂಜೀವಿ ಶಾಪ ವಿಮೋಚನೆಗಾಗಿ ಶಿವನ ಪೂಜೆ ಸಲ್ಲಿಸುತ್ತಿದ್ದಾರೆ ಒಂದು ಬಾರಿ ಉಡುಪಿಗೆ ಮಧ್ಯರಾತ್ರಿ ಬಂದಿರುವುದು  ಖಚಿತವಾಗಿದೆ ಟೀವಿ 9 ಕನ್ನಡದಲ್ಲಿ ಈ ವಿಷಯ ಪ್ರಸಾರವಾಗಿದೆ,0
Super trailer,5
2k dislikes rashmika maandanna fanss,2
ಮ್ಯೂಸಿಕ್ ಗೆ ಮತ್ತು ಹಿರೋ ಸ್ಟೆಪ್ಸ್ ಗೆ ಫಿದಾ ಆದವರು ಲೈಕ್ ಮಾಡ್ರೋ,0
Yuddha maadabeku oodabaaradu katukara mundhe Bhagavadgeethe.. Great lines!,0
Well said sir.,5
Mangala grahake hogovrige a ashwathama eddhidhre   antha gotthidhre avnanne kurskondu mahabharatha kathene poorthi aagi barskotha edhru aste yake   mahabharatha nadedhitthanthe anno badhalu mahabaratha naddhidhu sathyane antha proof kuda madtha edhralwa,3
ಚಂದನ್ ಶೆಟ್ಟಿ ಟ್ರೊಲ್ ವಿಡಿಯೋ ನೀವು ನೋಡಿ ನೆಗಡ್ಡೆ ಇದ್ರೆ ನಾವ್ ಗ್ಯಾರಂಟಿ,0
ಅಣ್ಣಾ ಈ ವಿಡಿಯೋ ಮಾಡಿದಕ್ಕೆ ನಿನ್ಗೊಂದು ದೊಡ್ಡ ನಮಸ್ಕಾರ ಚೆನ್ನಾಗಿ ಹೇಳಿದೆ,0
Kannada movie  = Like,0
Vijayprakash Golden Voice...,0
ಕ್ಷಮಿಸಿ.... ಒಳ್ಳೆಯತನಕ್ಕೆ ಇಲ್ಲಿ ಬೇಲೆ ಇಲ್ಲ...,0
Supper speech Anna,0
ಮಿಂಡರಿಗುಟ್ಟಿದೊನೆ. ನಿನ್ನ. ಮಾತೆ.   ಹೆಚ್ಚಾಯಿತಲ್ಲೋ,2
Lo Anna ninu nijvada hero kanocorrect agi helde,0
ರಕ್ಷಿತ್ ಶೆಟ್ಟಿ ಗೂ ಮತ್ತು ಉಳಿದ ಹೀರೋ ಅಥವಾ ಡೈರೆಕ್ಟರ್ಗಳಿಗೆ ಇರೋ ವ್ಯತ್ಯಾಸ ಇದೆnnಅವನೇ ಶ್ರೀಮನ್ನಾರಾಯಣ ಓರ್ವnಮಿಕ್ಕವರೆಲ್ಲ  ಒಂದು....,0
Yava game name,0
ಅಪ್ಪು ಅಭಿಮಾನಿಗಳು ಲೈಕ್.. ಮಾಡ್ರೋ 🤗,0
Corona virus iruvudarinda jana barta illa,1
Trending No1... Asn song....nಮಂತ್ರ ಮುಗ್ಧಗೊಳಿಸೋ ಗೀತೆ.... ಕೇಳ್ತಾ ಕೇಳ್ತಾ...ಮತ್ತೇರಿಸೋ.....ಹಾಡು...,0
Song ista adaro illi like madi,0
super toogari tipppa,0
Nanna ekkada ನನ್ನ ಎಕ್ಕಡ,5
ಜೈ ಡಿ ಬಾಸ್,0
Nana support Ninna ge erote bhi  nBut nice video good luck Anna,0
Idu Charitre srustiso avatara ......ASN,0
@Nithin Menezes yes,5
ಎಂತಾ ಕೆಲ್ಸ ಮಾಡ್ದೆ ಗುರು. ಕೊಡಬಾರದ,2
Super nakka nakka saakayatu,0
Nice super ತೊಗರಿ ತಿಪ್ಪ,0
@Aadharaamos  Well,5
@sujith naik ninigeno tika uri kothi tunnege huttidone tika muchkond irbeku ashte,0
ವಾವ ಸುಪರ್ ಅನಾಲಸಿಸ್ನಮ್ಮ ದೇಶ ಓಳ್ಳೇದೆ...ಮಾತ ಜಾಸ್ತಿ  ಕೆಲಸ ಕಮ್ಮಿ.....ನನ್ನು ಸೇರಿ.,0
Yav thappu illa,0
Hiryaru manyaga heltidru,0
King is back,5
Darshan  abimanikade enda koda best of luck,0
Bidu guru vorkolru edri moduke hogudu nLike China nodi navu bega fast hagbekantilva hage,0
@Kumara Kantirava nSame nInnu eno bekunnKgf song listen nEsto powerfull idennElla languagenna nAttract maadidenBut idu,0
Edakke politics bittu voggattagi kelsa madidrene munde barakke sadya.,0
ನಮ್ಮ ಹೆಮ್ಮಯ ಸಿನೆಮಾ,0
@Nikistark x dia is kannada movie man mind ur comment,5
ತುಂಬಾ ಹರಿತವಾದ ಕಣ್ತೆರೆಸುವ ಪ್ರಾಮಾಣಿಕ ಪ್ರಯತ್ನ. ಇಂತಹ ಇನ್ನೂ ಹೆಚ್ಚಿನ ಕಾರ್ಯ ಕ್ರಮಗಳು ಮೂಡಿಬರುವ ಮೂಲಕ ಪರಿಸ್ಥಿತಿಯನ್ನು ಸಮರ್ಥವಾಗಿ ಸುಧಾರಿಸಲು ಸೀರಿಯಸ್ ಕಾರ್ಯ ತತ್ಪರ ಮನಸ್ಥಿತಿಯನ್ನು ತರುವ ನಿಟ್ಟಿನಲ್ಲಿ ಸತತ ಪ್ರಯತ್ನ ತೀವ್ರ ವಾಗಬೇಕು..... ನಿಮ್ಮ ಪ್ರಯತ್ನ ಶ್ಲಾಘನೀಯ....ಯೋಗೀಶ್ ಭಟ್ ಬೆಂಗಳೂರು,0
@ಕಿಚ್ಚನ ಹಾವಳಿ astu cheepalla bido nimtara 60cr above madide pailwan kurukshetra 100cr collection madide,0
All d best frm appu boys,5
ನಮ್ಮ ಪ್ರೀತಿಯ ಯಜಮಾನ ಚಾಲೆಂಜಿಂಗ್ ಸ್ಟಾರ್ ಡಿ  ಬಾಸ್ ಅವರು ಕ್ಲಾಪ್ ಮಾಡಿ ಶುಭ ಹಾರೈಸಿರುವ nಡೈನಾಮಿಕ್ ಪ್ರಿನ್ಸ್ ಪ್ರಜ್ವಲ್ -ದೇವರಾಜ್ ಅಣ್ಣಾ --- ಅಭಿನಯದ ಜಂಟಲ್ ಮನ್ ಚಿತ್ರದ ಟ್ರೈಲರ್ ಬಿಡುಗಡೆಯಾಗಿದೆ ನೋಡಿ ಆನಂದಿಸಿ,0
Visual are super totoly  movie,5
KilaGade MeleGade  ALU Gadde  Ulli Gadde....🤣🤣🤣,1
ಧನ್ಯವಾದಗಳು ಸ್ನೇಹಿತರೆ ನೀವು ಪುರಾಣದಲ್ಲಿ ಬರುವ  ಯಲ್ಲರಿಗೂ ಬಹುವಚನ ದಿಂದ ಮಾತಾಡ್ತಿರ ಧನ್ಯವಾದಗಳು ಸ್ನೇಹಿತರೆ,0
China avru nan shata,3
ಅತಿ ಸುಂದರ ಹಾಸ್ಯ ಕಲ್ಪನೆ.,0
Top 1 trending,5
ಶುದ್ದ ಕನ್ನಡದ ಸಂಗೀತಕ್ಕೆ ಸಾಮಾನ್ಯ ಕನ್ನಡಿಗ ನಿಂದ ಧನ್ಯವಾದಗಳು,0
Sir Karnataka outside promotion ಚನ್ನಾಗಿ ಮಾಡಿ,0
Masts togari tipp,0
57 time,5
Super sir 🥰,5
30 ವರ್ಷಗಳ ಹಿಂದೆ ನಾವು 7 ನೇ ತರಗತಿಯಲ್ಲಿ ಇದ್ದಾಗ ಈ ಕಥೆಯ ಕ್ಯಾಸೆಟ್ ಮುಖಾಂತರ ಕೇಳಿ ಬಹಳ ಖುಷಿಪಡುತ್ತಿದ್ದೆವು. ಮತ್ತೊಮ್ಮೆ ಈ ಕಥೆಯನ್ನು ಕೇಳಲು ಅವಕಾಶ ಕಲ್ಪಿಸಿಕೊಟ್ಟ ಅಶ್ವಿನಿ ಕ್ಯಾಸೆಟ್ ಕಂಪನಿಗೆ ತುಂಬಾ ಧನ್ಯವಾದಗಳು....,0
I love you bro nice talking style,0
waw spr sir,5
Super sir,5
Houdo huliya,0
First  song kelide,0
Yaru yar fans agiri parvagilla kannada industry belibekhu annoro like madi 🥳 hosa charithre barili namma industry 🥳🥁 HANDS    UP,0
@WIND MOTOUR ಹಸಿರುವಾಸಿ 🤣🤣🤣,0
@Troll Stupid Fans ninnam thullu oor shenda alla ninnamun minda,2
Promotion chennagi nadtilla,3
Why is Voice still like teenage ?,5
Super drama,5
Super song Shetty,0
ತೊಗರಿ ತಿಪ್ಪ ಸೂಪರ,0
One word .. awesome music,5
Roposo engo aramag ittu ega ivr ela roposo ge bandu roposo nu hal madta idare anna,0
Nimmamman hogi alli kelsa madu gothagute,2
@MT T sorry guru nangu avlu adre agalla adke solpa campare mad de..,2
Nija ashwattama chiranjivi Krishna kottiro shapa,0
ऊ आहे की नाही n............ nहे..... हेही. हहह,5
ಏನ ಕೊಟ್ಟಿದ್ದೀಯ ಗುರು ಯೇಪ್ಪ ನಾನು ಏನ ಏನ ಬೈಬೇಕಿತು ಅದನ್ ಎಲ್ಲ ಬೈದಿದಿಯ ದೇವುಡ್ ಈವಲಾ ಅಮ್ಮನ ಎಲ್ಲರ ಘು ಸರಿ ಯಾಗಿ ಕೊಟ್ಟಿಡಿಯ ನಾನು ಅಂತೂ ನಿಂಗೆ ದೊಡ್ಡ ಅಭಿಮಾನಿ ಆಗಿ ಬಿಟ್ಟೆ,0
ಮ್ಯೂಜಿಕ್ ಮಸ್ತ್ ..ರೆಟ್ರೋ ಫೀಲ್ ಇದೆರ,0
Avane gay Rak'shit' shetty,2
hands up english alva,0
ದಿಯಾ ಚಲನಚಿತ್ರ ತುಂಬಾನೇ ಚೆನ್ನಾಗಿದೆ. ಸ್ವಲ್ಪ ಪ್ರಚಾರದಲ್ಲಿ ಕೊರತೆ ಇರಬಹುದು. ಹಾಡುಗಳನ್ನ ಹಾಕಿದ್ದರೆ ಇದು ಇನ್ನೊಂದ್ದು ಮುಂಗಾರು ಮಳೆ ಆಗುತಿತ್ತು. ಹಾಟ್ಸ್ ಆಫ್ ಟು ಡೈರೆಕ್ಟರ್ ಅಶೋಕ್,0
Brother u r awesome,5
ಈ ಅವತಾರ ಚರಿತ್ರೆ ಸೃಷ್ಠಿಸಲಿ ಎಂಬುದೆ ನನ್ನ ಶುಭ ಹಾರೈಕೆ,0
Idella nam indiadaroge buddi barbeku alwa idkela tale odisidre navu yavthu munfe hogtifvi illi enidu hinduthwa jathi jagala idela beka tale odistare adrindane etara agtide,3
Ishta Aytu shetre,0
ನಮ್ಮ ಕನ್ನಡ ಇಂಡಸ್ಟ್ರಿ ಯಾಕೆ ನಮ್ಮ ಕಲಾವಿದರನ್ನ ಕೈ ಬಿಡ್ತಿರಾ..,0
Paramvah Music in,5
First adu yava app anta tilkolo g m n,2
Creative  ಕಿಲಾಡಿ ಗುರು ನೀನು ಸೂಪರ್,0
Bro z news(Hindi) channel Alli nodi,0
ಇದು ಚರಿತ್ರೆ ಸೃಷ್ಟಿಸೋ ಅವತಾರ ಸೂಪರ್‌ ಸಾ೦ಗ್ ರಕ್ಷಿತ ಅಣ್ಣ ಸೂಪರ್‌  ಆಲ ದಿ ಬೆಸ್ಟ್ ಕಿಚ್ಚ ಸುದೀಪ್ ಅಭಿಮಾನಿಗಳ ಕಡೆಯಿಂದ,0
Nice movie like from tamilnadu,5
ವಾವ್ ನೈಸ್ ಸಾಂಗ್,0
Yudha mada beku katukara🧟 munde oda ‍baradu bhagavatgethe Who likes this line,0
Soooper.d  Boss,5
Kittod nanmaklu maarayya,4
@Mithun KUDLA uppad,5
Sir kfi ha kochkondu ogtayda.,2
Please upload Vol-2,5
Rakshit shetty,5
ನಿಮ್ಮಂತಹ ಕಲಾವಿದರಿಗೆ ಶ್ರಮಕ್ಕೆ ಪ್ರತಿಫಲ ಸಿಗುತ್ತದೆ......ಈ ಸಿನಿಮಾದ ಮೂಲಕ ಕನ್ನಡಿಗರ ಹೃದಯದಲ್ಲಿ ಸ್ಥಾನ ಪಡೆದು ಕೊಂಡಿದ್ದೀರ ..... ಮುಂದಿನ ಸಿನಿಮಾಗಳಿಗೂ ಸದಾ ನಿಮ್ಮ ಜೊತೆ ಬರುತ್ತಾರೆ ... ಮುಂಬರುವ ಸಿನಿಮಾಗಳಿಗೆ ಒಳ್ಳೆಯದಾಗಲಿ,0
@SURAKSH SHETTY naa yaavatu Shetty bandagindha Kannada industry ketede antha helilla aadre bereyavaru eedare evaara banner aali baari majority aage Shetty nee eerodu,3
ನಿಜ ಇದ್ರು ಇರಬಹುದು ಸರ್,0
Chindi chithrannaaa guru,0
@Ŕävîñđŕå_02_GøWđřú ನಿನ್ ಹೆಂಡ್ರು ತುಲ್ಲಗೆ ಏನ್ ಇವಾಗ,2
ನನಗು ತೊರಸಿ ಅಶ್ವತ್ತಾಮರಾ,0
ತುಂಬಾ ಒಳ್ಳೆ ಚಿತ್ರ,0
Driver.....superb sir.nObbara hangilladanthe badukbodu.nNamma jeevana dalli olledu ketdu aagle beku ade jeevana.,0
@Abhigowda Abhigowda birthday song,5
@Nandi Parthasarathi ನಿನ್ ಅಪ್ಪುನ್ ತುಣ್ಣಿ moddu ante,2
Super song .   .,5
ಇದು  ಸುಳ್ಳು    ಚೀನಾ    ಕಾರ್ಮಿಕರಿಗೆ  ಗಂಟೆ  ಲೆಕ್ಕದಲ್ಲಿ  ಸಂಬಳ    ಕೊಡುತ್ತಾರೆ,3
super  movei sir nanu theatre nanali nodide ade nana turpthi,0
Super song bro.... estsari kelidaru mate kelbek ansute...,0
Gulama movie tarah ondd movie maadu nin hesrru maate kellsutte,0
Kannada cinema dali osha parvaa . .......,0
Adre ivaga beda. Ee COVID-19 ella mugibeku,0
Idu yava game bro,0
@Nandi Parthasarathi ಲೆ ಗತಿಗೆಟ್ಟು ಮುಂಡೆ... ನಿಮ್ಮ ಲುಚ್ಛನ್ ತರ ಬೇರೆ ಲ್ಯಾಂಗ್ವೇಜ್ ಅವ್ರಿಗೆ ಬಕೆಟ್ ಹಿಡುದು.. ಸೈಡ್ ರೋಲ್ ಮಾಡಿಲ್ಲ ನಮ್ d boss .... ಪೈಲ್ಸ್ ಮ್ಯಾನ್ ಅಂತೇ.. ಬಾಡಿ ನೇ ಇಲ್ಲಾ ಅವುನ್ ನ ಪೈಲ್ವಾನ್ ಅಂತೀರಾ.... ಮತ್ತೆ ನಮ್ ಬಾಸ್ year ಅಲ್ಲಿ 3 boxoffice hit ಆಗೋದನ್ನ ಒಪ್ಪಿಕೊಳೋಲ್ಲಾ... ಯಾಕ್ರೆ ಮುಂಡೇರೆ.. ಯಾವುದು ಮೊಡ್ದು ತುಣ್ಣಿ ಸಿಗ್ಲಿಲ್ವಾ,2
ಇದು ಚರಿತ್ರೆ ಸೃಷ್ಟಿಸೋ ಅವತಾರ....,0
Idu asli maathu Andre,0
Sir superb nivu nim voice superb,0
Jonny andre Jayarama irbahuda??,0
ನಾವ್ ಕನ್ನಡ ಚಿತ್ರ ಸರ್ಪೊಟ್ ಮಾಡ್ತಿವಿ ಅನ್ನೊರು Hands up........,0
ಇದು ಕನ್ನಡ ಚಿತ್ರರಂಗದ ಚರಿತ್ರೆ ಸೃಟಿಸೂ ಅವತಾರ ಯಾರ್ ಅವನು .......... (ಅವನೇ ಶ್ರೀಮನಾರಾಯಣ) All The Best D B055 fan,0
supar togari tippa,5
ಚಂದನ್ ಶೆಟ್ಟಿ ಟ್ರೊಲ್ ವಿಡಿಯೋ ನೀವು ನೋಡಿ ನೆಗಡ್ಡೆ ಇದ್ರೆ ನಾವ್ ಗ್ಯಾರಂಟಿ,0
Kannadadalli ee Tara cinematography iro movies innu barli,0
+shivu patil nhf,5
ಚಿತ್ರಮಂದಿರ ಒಳಗೆ ಜನ ಬರಬೇಕು ಅಂತರೆ ಇದು ತಮಷೆ ಅಲ್ಲ. ಮೊದಲು Tik tok Ban ಆಗಬೇಕು. ಸಿನಿಮಾ ನಟ ನಟಿ   Tik tok ಮಾಡಬಾರದು. ದೋಡ್ಡ ದೋಡ್ಡ ಸ್ಟಾರ್ ನಟರು Tik tok ಬಗ್ಗೆ ದಂಗೆ ಎಳೆಬೇಕು ಸರ್ಕಾರ ಕ್ಕೆ ಮನವಿ ಮಾಡಿ tik tok ಬ್ಯಾನ್ ಮಾಡಿ ಅಂತ. ಇಷ್ಟು ಕೆಲಸ ಮಾಡಿಲ್ಲ ಅಂದರೆ ಮುಂದೆ ಒಂದು ದಿನ ನಿಮ್ಮ ಸಿನಿಮಾ ನೀವೇ ನೋಡಬೇಕು,3
1.4k dislikes from rashmika fans may be ...,3
@Akki neo ನಾನು  ಎಲ್ಲಾ  3 ಚಿತ್ರಗಳನ್ನು  ನೋಡಿದೆ. ನನಗೆ ಇಷ್ಟ ಆಯ್ತು . In fact  it     nInspired  me to think creative. ಆದ್ರೆ  ಮೂವಿ ಗೆಲ್ಲಿಸೋಕೆ  ಕೆಲವರಿಂದಾನೆ ಸಾಧ್ಯ  ಇಲ್ವಲ್ಲ,0
Super super super sir,5
11k logo ne kya soch kr dislike kiya,5
ಸೂಪರ್  ಬ್ರದರ್,0
@Dhee Pu kannada bhashe Sanskrit bhasheyinda sakastu padagalannu eravalu(badige)padedukondide.aaddarinda anthaha padagalannu balasuvudaralli tappenilla,0
ಆಲ್ ದಿ ಬೆಸ್ಟ್ ಡಿ ಬಾಸ್ ಅಭಿಮಾನಿಗಳ ಕಡೆಯಿಂದ. ಈ ಚಿತ್ರ ಶತ ದಿನೋತ್ಸವ ಆಚರಿಸಲಿ.,0
first time keldaga ista agalla amel kelta kelta kelbeku ansatte.. nimgu haage annista,0
Super film  srimannarayana,0
#ದಿಯಾ  ರೀ ರಿಲೀಸ್ ಮಾಡಿ,0
Anna Saudi Arabia li release maadi,0
@Ŕävîñđŕå_02_GøWđřú yako le..... bartya? baro takat idya?,2
Nambike eruvavaru nodi,4
Ati sundarvada hasya chataki,0
Super more enjoyable,5
@Ŕävîñđŕå_02_GøWđřú ನೀ ಗಂಡ್ಸ ಅಲ್ಲಾ ಬೀಡು,2
αll thє вєѕt frσm drugѕ вσѕѕ fαnzzz,0
Tik tok ban agiddu,0
S ur ryt,5
ತುಂಬಾ ಅನುಕೂಲ ವಾದ ನಟರಿದ್ದಾರೆ ನಮ್ಮ ಇಂಡಸ್ಟ್ರಿ nallinಸುದೀಪ್sir. ಪುನೀತ್ sir. ಶಿವಣ್ಣ. ಧರ್ಶನ್ ಸರ್ nಇಂತಹ ಹಿರಿಯ ಕಲಾವಿದರಿಗೆ ಬಿಸಿನೆಸ್ ಗೆ nಹೆಲ್ಪ್ ಮಾಡಿದ್ರೆ ಚೆನಾಗಿರೋಧು ಇನ್ಕ್ಲೂಡಿಂಗ್  syedh ಇಂದ್ರಜಿತ್ ಅವರಿಗೂ kooda ಸಹಾಯ ಮಾಡಬಹುಧಾಲ್ಲವೇ,4
Edhu  talent,0
ಇದು ಚರಿತ್ರೆ ಸೃಷ್ಟಿಸುವ ಅವತಾರ....Awesome,0
Ramesh Snakannanavar wey,5
@Nandi Parthasarathi ನಂದಿನಿ ನಿನ್ ಮಲೆ ಹೀಚುಗ,2
Idu charitre srustiso  avathara...,0
Aadar boss aadar,0
Bindu gowda  ನಿನಗೆ ಹೇಳ್ತಿನಿ ಕೇಳು tiktok ಮಾಲೀಕ ನಿಂಮತವರಿಗೆ ಅಂತಾನೆ ಈ app ಮಾಡಿದ್ದಾನೆ ಕೆಲಸ ಇಲ್ಲದೆ ಕಾಲಿ ಇರೋರಿಗೆ ಅಂತ ನಮ್ಮ ದೇಶಕ್ಕೊಸ್ಕರ ಒಂದ app delete ಮಾಡೋಕೆ ಆಗಲ್ಲ ಅಂದ್ರೆ ನಿನಗೆ ತೂ,2
ಅವನೇ ಮುಂದಿನ ಇತಿಹಾಸ ರಚಿಸುವವನು nಅವನೇ ಶ್ರೀ ಮನ್ನಾರಾಯಣ,0
ಸೂಪರ್ ಗುರು ಟಿಕ್ ಟಾಕ್ ಗಳಿಗೆ ಮೆಟ್ಟಿನಲ್ಲಿ ಓದಿದ್ದೀಯಾ ನನ್ನತ್ರನೂ ಒಂದು ಹಳೆ ಮೆಟ್ಟಿದೆ ಕೊಡ್ತೀನಿ ತಗೊಂಡು ಬಿಡು,3
Ajay Joshi mai to pagal hu ye song ka or movie sreeman narayana ka,5
Super guru tq,0
കട്ട വെയ്റ്റിങ് മലയാളം asn,5
@Vinnu Kiran5320 oknAnta,5
Super video,5
All the best from ಸ್ವಾಭಿಮಾನಿ ಕನ್ನಡಿಗರ ವೇದಿಕೆ,0
ದಿಯಾ ಕನ್ನಡದಲ್ಲೆ sooper film...ಕಾಸು ಕೊಡದೆ ಬಿಟ್ಟಿಯಾಗಿ ನೋಡಿದೆ ಅನ್ನೋ ಬೇಜಾರಿದೆ..ಸಿನಿಮಾ ಗೆಲ್ಲಲಿ..,0
@Mahesh Babu gandu sulemagane.....urko....,2
Super agi mathadthiya bro,0
@Sweekar Gowda Nim mane hatra ಊಟಕ್ಕೆ Jana galige kasta agtideya.nidre Avar place n avar Mobile number send madu.nಇನ್ನೊಂದು ಅರ್ಥ ಮಾಡ್ಕೊ nCorona ilde idaglu ninninda tegalo msg bandidave nOlle ಎಡಬಿಡಂಗಿ ತರ ಆಡಬೇಡಾnProcedure ge hana mukya alvo gottilla ಆ film technician ge avaru innondu chance kodabeku adu mukya nಅರ್ಥ ಮಾಡಿಕೊ ಮೂರ್ಖ ಶಿಕಾಮಣಿ,2
ಪ್ರಚಾರದ ಕೊರತೆಯಿಂದ ಈ ಸಿನಿಮಾ ಸೊತಿದೆ......,1
@Nandi Parthasarathi ಡಗಾರ್ ಸೂಳೆ ನಿನ್ ತುಲ್ಲಗೆ ಬಕಾರ್ಡಿ ಬಿಯರ್ ತುರ್ಕಾ,2
Loo Nim Makha muccha e Video gu Dislike yenro nim Hendti Munde Haga avr character Nodi kaliro life Andre yenu antha thu nanmakla,4
Yava woodigu kammi illa Namma sandall wood,0
Movie Nodi Hands up....  Madi 🤗,0
Modlu keldaga mamuli song ashtukke ashte annusthu,1
up......,5
ಎಲ್ಲಾ ಫಿಲ್ಮ್ ಚನ್ನಗಿರತವೆ ಜನ ಯಾಕೆ ಥಿಯೇಟರ್ಗೆ ಬಂದು ನೋಡಲ್ಲಾ ಇದಕೆ ಕಾರಣ ಏನು ಓಹೋ ಎಲ್ಲಾ ಒಂದೇ ರಿಲೀಸ್ ಮಾಡ್ತಾರೆ ಅಧ್ಕ್,1
@naveen v nin Amman thullu sulemagne,2
Idu 100%nija nija,0
Kannada movie songs  Kannada movie All No 1,0
Super  song,5
Lockdown mugili relise madi bartivi sir,0
@Rajesh Rao en maadodu asht bejaar aagide....ond olle cinema hesr maadlilvalla anta...bejar maadkobedi,0
Muje to ratsasan ka part 2 laga super movie,5
D BOSS fans kadeindaaa best of luck,0
E guru desapande ge remake bittu swamake madoke baralla nVishal mathu lakshmimenon Tamil movie idu,2
Song starting English quote tegdu kannada dalle iddiddre chennagirtittu,0
ನನ್ನ ಪ್ರಕಾರ ದಿಯಾ ಒಂದು ಅದ್ಭುತ ಸಿನಿಮಾ.. ನನ್ನ ಬಳಿ ಹಣ ಇದ್ದಿದ್ರೆ ೧೦೦೦ ಜನಕ್ಕೆ ಸಿನಿಮಾ ತೋರಿಸ್ತಾ ಇದ್ದೆ.. ಸಿನಿಮಾ ಕಥೆ ಅದ್ಭುತವಾಗಿದೆ.   ಸಿನಿಮಾದಲ್ಲಿ ಎಲ್ಲವೂ ಅದ್ಭುತವಾಗಿದೆ.. ನಾನು ಎರಡು ಬಾರಿ ಸಿನಿಮಾ ನೋಡಿದ್ದೇನೆ.. ದಿಯಾ ಸಿನಿಮಾ ಗೆಲ್ಲಬೇಕು.. ೧೦೦೦ ದಿನ ಸಿನಿಮಾ ಓಡಿದರೂ ಅಚ್ಚರಿ ಇಲ್ಲ,0
ಡಿ ಬಾಸ್ ಅಭಿಮಾನಿಗಳ ಕಡೆಯಿಂದ  All the best....,0
Neva ado game nema,0
ಏಳನೇ ದಿನ ಕೇಳ್ತಾ ಇದ್ದೇನೆ,0
Movie sena ok,5
@Basavaraja S A aw in km. M km kmnnMN MN on,5
I think junior Pawan KalyannI am waiting,0
Pls yestto jana nodlila film ...innome reles maadi ....naan antu bigg fan of dia,0
Bro u r rebel,5
Anyway good song,0
Hudgirge estu huchu edso song adre.   Enaa hudugara kathe henge.,0
@TROLL MONSTER_KANNADA nandini anta balegarana fan iddane nodo aa sulemagnig baiyi tika urkondu hontara hadsimakllu 1 year 3 blockbuster DBoss,2
Avane shriman Narayana,0
Nimge olledagli sir god bless you Sir,0
Thanks Venki Anna,0
Ellar mobile alli dia movie ide kanri  theatre ge jana yake barthare heli yake online alli leak aythu movie nOnline alli movie nosbodu andre jana  bidthara heli neeve,3
Superb kannadiga,5
Anjali Devi ಊಟ,1
Supar hit song anna,0
Rakshit shetty sir ge jai,5
Thanks sir kayakve kailasa ja basva,0
Sakkataag baididiya guru,0
Sakkath song guru,0
ಇದೇ ಥರ ಕನ್ನಡ  ಚಲನಚಿತ್ರಗಳು ಚರಿತ್ರೆ ಸೃಷ್ಟಿಸಲಿ ಇದೆ ಚರಿತ್ರೆ ಸೃಷ್ಟಿಸುವ ಅವತಾರ  ಅವನೇ ಶ್ರೀಮನ್ ನಾರಾಯಣ,0
Hands  up,5
Bro nanu kuda tiktok use madthidae adrae adu ban adaga nang yenu bejar agilla yakandrae namdu ondu sanna contribution irli namma desha kae jai hind,0
ಮ್ಯೂಸಿಕ್ ಡೈರೆಕ್ಟರ್ ಗೆ ಒಂದು ದೊಡ್ಡ ಸಲಾಂ ಯಾವುದೋ ಲೋಕಕ್ಕೆ ಹೋಗಿ ಬಂದಂಗಾಯ್ತು.. ನಿಜಕ್ಕೂ ಸಂಗೀತ ಮಾಂತ್ರಿಕ ಅಂದ್ರೆ ಇವ್ರರೆ,0
ನಾನ್ ಸಬ್ಸ್ಕ್ರೈಬ್ ಮಾಡಿದೆ,0
I Love  song,5
ವಿಶ್ವಗುರು ಬಸವಣ್ಣನವರ ಆಪ್ತ ಕಾರ್ಯದರ್ಶಿಯಾಗಿದ್ದ ಶ್ರೀ ಹಡಪದ ಅಪ್ಪಣ್ಣನವರ ಇತಿಹಾಸದ ಬಗ್ಗೆ ತಿಳಿಸಿ ಸರ್,0
Jai Kannada Jai india,0
ಸಕ್ಕತಾಗಿ ಹೇಳಿದ್ಯಾ ಗುರು,0
Promotion ond bittu mikid ellanu chanag madtidira.,3
Nijvaglu nivu tumbha great sir nimma antha ollevyakthi nodi devru idana antha prashne baruthe,0
Yappa en song Anna super song,0
Super Anna sakathagi ugdidira,1
Bogus kathe ........thu nan makla sullu bogaloku nachike agalva yaro nivella thuuuuuuu,3
Super  guru,0
Anjali Devi nnice,5
Super song,0
Supr bro u r video,5
Super song,0
ನಿಮ್ಮಗೆ ಇಷ್ಟ ಆಗಿದ್ರೆ ಸೂಪರ್  bgm ಅನಿಸಿದರೆ .like ಮಾಡಿ share . ಕನ್ನಡ industries  power ತೋರಿಸೋಣ್ಣ,0
ಇದು ಚರಿತ್ರೆ ಸೃಷ್ಟಿಸೊ ಅವತಾರ....,0
Ontara different agi ide,0
idu charitre srushtiso AVATAARA,0
BGM chindi,5
Super rakshit Shetty,5
Super  guru,0
ಅದ್ಭುತ ಕನ್ನಡ ಸಿನಿಮಾ,0
Diy supar movise,0
Anna niv super agi creative maadthira super Anna,0
Namma hagu kelavara aase nija aytu. Tik tok,0
Suspense movie good kannada,0
Super song bro,5
En helde guru,0
Yako rascal stupid,2
Good work prajju🥰,5
Innu Chenngi Baidu helu bro tik tok user gee,0
Best song....,0
I love you dia,5
D boss fans like here,5
Kannada promotion beda.. Kannadigaru nimmana gellistare,0
Please all dislike 'this video.,1
Guru e badyav heltirod bari sulu,2
Allige Ella beda just ondhu rally attend madli,3
24 M view,5
ರಕ್ಷಿತ್ ಶೆಟ್ಟಿ ಅಭಿಮಾನಿಗಳು ಇಲ್ಲಿ ಲೈಕ್ ಮಾಡಿ,0
ರಿಕ್ಕಿ ಬಾಸ್ ಇದು ಚರಿತ್ರೆ ಸೃಷ್ಟಿಸೋ ಅವತಾರ.ಹಾಗೆಯೇ ಈ ಶ್ರೀಮನ್ನಾರಾಯಣನಾಗಲಿ ಗಗನದಲಿ ಲಾಂಛನ.,0
@Ranjith think madirlilla,0
V P super voice,5
@VARAPRASAD K K balegaara banda nin Amman ge bale idsakke dagaar banda nin Amman keyyakke soole magne,2
@Yash cult Guru ellaa actors ade halkaa kelsaa maadodu bidappa raaja...,0
Raktha rathri yakshagana nodi maryare,0
Video 18 min innu video upload maadi 12 min agide complete video nodade dislike madthirallo,3
@TROLL MONSTER_KANNADA nD boob's beleyodanna nodi urakotidaranDagar fan namma BØSS beleyodanna nodi nimm gandu darshan ne urakondiddu......,2
ಗುರು ಇವರಿಗೆ ದೇಶದ ಅಭಿಮಾನ ಇಲ್ಲ ಇವರಿಗೆ ವಿಡಿಯೋ ಮಾಡೋದೇ ಮುಖ್ಯ ಇವರಿಗೆ,1
Dislike madiroru pakka Rashmikha Kadeyavare,3
Super video,0
super togari tippa,5
E film baari ede ante guru nodle beku,0
ಒಂದು ಇಂಗ್ಲೀಷ್ ಪದ ಬಳಸದೆ ಈ ಹಾಡು ಬರೆದಿರುವ ಕಲಾವಿದನಿಗೆ ಒಂದು ಲೈಕ್ ಕೊಡಿ... ಸ್ನೇಹಿತರೇ!!,0
Handsup shoot madbeka dishkaew,0
Remake ಮಾಡಿ hit ಕೊಡೊಕೆ ಇದು 2010 ಅಲ್ಲ.n2020 Swamake ಮಾಡಿ ಖಂಡಿತ hit ಕೊಡುತ್ತೆ.nಗೆಳೆಯ ಅಂತ ಸಿನಿಮಾಗಳು ಮಾಡಿ,1
Super song.  .....sir,5
ಶ್ರೀ ಶಂಕರ ಅಶ್ವಥ ಅವರ ಸ್ವಾಭಿಮಾನಿ ಜೀವನಕ್ಕೆ ನನ್ನ ನಮನಗಳು. ಅವರು ಬೆನ್ನಿನ ಆಪರೇಶನ್ ಆಗಿ ಎಡಗಾಲು ವೀಕ್ ಆಗಿದೆ ಆದರೂ ಛಲದಿಂದ ಕ್ಲಚ್ ಹಿಡಿದು ಕಾರನ್ನು ಓಡಿಸಿ ಜೀವನ ನಡೆಸುತ್ತಿದ್ದೇನೆ ಎಂದಾಗ ಕರುಳು ಚುರುಕ್ಕೆನ್ನುತ್ತೆ. ಯಾರಾದರೂ ಸಿನೆಮಾ ಸ್ಟಾರುಗಳಾಗಲೀ ಅಥವಾ ಯಾರಾದರೂ ಕೋಟ್ಯಾಧಿಪತಿಗಳಾಗಲೀ ಒಂದು ಅಟೋಮ್ಯಾಟಿಕ್ ಅಂದರೆ ಕ್ಲಚ್ ಇಲ್ಲದ  ಕಾರನ್ನು ದಾನವಾಗಿ ಕೊಟ್ಟರೆ ದೇವರು ದಾನಿಗಳಿಗೆ ಖಂಡಿತ ಒಳ್ಳೆಯದನ್ನು ಮಾಡುತ್ತಾನೆ.,0
Rakshit Shetty fans ondhu like Madi,0
@prithvi nayak ನಿಂಗ್ ತುಲ್ಲುಗೆ ಫ್ಲಾಪ್,2
Nam indiadallu tic tok thara app kandidobodu thane,0
Nija nija nam manegu bandidda,0
RIP to those 28k dislikers,3
@Srihari Y Gdeepak,5
ossam..slow poison kanro,0
100 nija edu,0
Guru big fan agbitte nin logic nodi,0
@TROLL MONSTER_KANNADA le baibeda avnu Boss fane kano ravindra,0
K G F Ka Baap.......!!,5
Idu charithre srustiso avathaaaara.....,0
ನಾನು ನೋಡಿ ಸತತವಾಗಿ 30 ನಿಮಿಷ ಕಣ್ಣೀರು ಹಾಕಿದ ಸಿನಿಮಾ,0
ಅವನ ಲೆವಲೇ ಬೇರೇ,0
Super Anna nija anna,0
Kadak,5
@prithvi nayak ನಿಮ್ಮ ಅವ್ವ ಊರ್ ಹಾದರಗಿತ್ತಿ ಅಂತೇ 🤣🤣🤣🤣ಒನ್ ನೈಟ್ ಕಳ್ಸ್ಕೊಡು ನಿಂಗೆ ತಮ್ಮ ನ್ನ ಕೊಡ್ತೀನಿ... ಲೋ ಚೋದು bookmyshow alli hogi nodu ದಬಾಕ್ 3 ರೇಟಿಂಗ್ಸ್ 63% ede. ಇನ್ನು ಒನ್ ವೀಕ್ ಆಗಿಲ್ಲ ತು.. ಹೋಗಿ ಒಡೆಯ ರೇಟಿಂಗ್ಸ್ ನೋಡು 15 ಡೇಸ್ ಆದ್ರೂ 80% ಇದೇ... ನೋಡು ಬೇಕಾದ್ರೆ ಗಾಂಡು ಸುಮ್ನೆ ಯಾಕ್ ತಿಕಾ ಉರ್ಕೋತಿಯ ಲೌಡೆ... ನಿಮ್ಮ ಲುಚ್ಚಾ continues 4 ಫ್ಲಾಪ್ ಫಿಲಂ ಕೊಟ್ಟ ಯಾಪ್ಪಾ ತು ಫ್ಲಾಪ್ ಸ್ಟಾರ್ ಬಳೆಗಾರ 🤣🤣🤣🤣🤣..,2
Super song ... super film,0
Togari teeppa super,0
2019 last end -2020 this movie Rakshit settyge break kodutte annoru like madi,0
Super songs,5
Muchele dagar munde sule,0
Supar stups ser,0
ಟಿಕ್ ಟಾಕ್ CEO n ಭಾರತದಲ್ಲಿ ಅತಿ ಹೆಚ್ಚು ಸೋಮಾರಿಗಳಿದ್ದಾರಾ ಹಾಗಾಗಿ ಟಿಕ್ ಟಾಕ್ ಅನ್ನು ಬಳಸುತ್ತಿದ್ದಾರೆ ಅಂತn ಸೊಕ್ಕಿನಿಂದ ಅತಿ ಕೇವಲವಾಗಿ ಮಾತಾಡಿದರೂ ಕೂಡ ನಾಚಿಕೆಗೆಟ್ಟ   ನಮ್ಮವರಿಗೆ ಬುದ್ಧಿ ಬಂದಿಲ್ಲ,3
ಇದು ಚರತ್ರೆ ಸೃಷ್ಟಿಸೂೋ ಅವತಾರ ............,0
ನಿಜವಾಗಿಯೂ ಇದು ಚರಿತ್ರೆ ಸೃಷ್ಟಿಸೋ ಅವತಾರ,0
@vinoddevadiga Jogimane manjunathshettymjadda@gmail.com,5
Bro  so nice videos 🤣,5
@Unity of India ನಾವೂ ಬ್ರಹ್ಮಣರು ಆಗುವುದಿಲ್ಲ ಏಕೆಂದ್ರೆ ಅವರು ಅಂಧಕಾರಲಿ  ಬದುಕುತಾರೆ ನಾವು ಗಳೂ ಹಿಂದೂಗಳೇ ಆದ್ರೆ ಹಿಂದೂಗಳೂ ಹಿಂದೂಗಾಳ ಮೇಲೆನೆ ಅನ್ಯಾಯ ಮಾಡ್ತಾರೆ ಅಧೋಸ್ಕರ ನಾವು ಹಿಂದೂ ಧರ್ಮ ಬಿಟ್ಟು ಪವಿತ್ರಾ ಬೋವ್ದ ಧರ್ಮಕೆ ಬುಧನ ದಾರಿಯಲಿ ನಡೆಯುತ್ತೇವೆ ನಾವು ನಡೆದೇ ನಡೆಯಿತೇವೆ ಭಾರತ ಬುದ್ಧ ರಾಗುತ್ತೆವೆ,3
@AMEET M q,5
ನಿಮ್ಮ ವ್ಯಕ್ತಿತ್ವ ದೇವರಂಥಹದು,0
Super  song,0
Very super unique filmography awesome choreography,5
Nodu Guru Trend Song...neddappa song andree,0
ರಕ್ಷಿತ್ ಶೆಟ್ಟಿ.....nಅವನೇ ಶ್ರೀ ಮನ್ನಾರಾಯಣ...,0
ಇದು ಚರಿತ್ರೆ ಸ್ರೃಷ್ಟಿಸೋ ಹಾಡು super super super,0
Sup bro,5
ಕೈನಲ್ ಏನೂ ಕೂಡಾ ಕಿಸಿಯೊಕೆ ಆಗದ ಕಿಡಿಗೇಡಿಗಳು ಬೆನ್ನ ಹಿಂದೆ ಬೆಂಕಿ ಹಚ್ಚಿ ನಗ್ತಾರೆ.. ಆದರೆ ಅವರಿಗೆಂಗೊತ್ತು ಆ ಬೆಂಕಿಲೆ  ಇಡೀ ವಿಶ್ವದಲ್ಲಿ  ಚರಿತ್ರೆ ಸೃಷ್ಟಿ ಮಾಡೋಕೆ ಅವನು ಬಂದೆ ಬರ್ತಾನೆ ಅಂತ ಯಾರವನು  ಅವನೇ ಶ್ರೀಮನ್ನಾರಾಯಣ,0
ತುಂಬಾ ಚೆನ್ನಾಗಿದೆ ಸರ್ ಯುದ್ಧ ಯಾರು ಮಾಡಿದರೆ ಏನು ಗೆಲುವು ನಮ್ಮದೇ  ಆಗಿರಬೇಕು ಅವನೇ Srimannarayana,0
Yes edre adare yli?,0
hawdale thugari tippa,0
@Ŕävîñđŕå_02_GøWđřú ಲೊ ಹಾದರಗಿತ್ತಿ ಮಗನೇ...,2
Sir. Movie bagge eradu matilla. Adre ivatu multiplex jasti agi bittive. Rate kooda bhayankara. Ondu nominal price idre hogbahudu. Tumba janru kooda primenalli,1
Super bro ur video,5
@Akki MAnna summan namana huchhar olage tagyatara,3
Superagi heludri bro,0
ಸಾರ್ ನಿಮ್ಮ ತಂದೆ ನಿಮಗೆ ಕಲಿಸಿದ ಸಂಸ್ಕಾರ ಸಂಸ್ಕೃತಿ ನಮಗೆ ತುಂಬಾ ಇಷ್ಟ ಆಯ್ತು ಮತ್ತು ನೀವು ಅವರು ತೋರಿಸಿದ ಮಾರ್ಗದರ್ಶನದಲ್ಲಿ ನಡೀತಾ ಇರೋದು ನಮಗೆ ತುಂಬಾ ತುಂಬಾ ಇಷ್ಟ ಆಯ್ತು ನೀವು ತಂದೆಗೆ ತಕ್ಕ ಮಗ,0
ಇದು ಚರಿತ್ರೆ ಸೃಷ್ಟಿಸೊ ಅವತಾರ ಕನ್ನಡ ಚಿತ್ರರಂಗಕ್ಕೆ ರಕ್ಷಿತ್ ಶೆಟ್ಟಿ  ಸಂಗೀತ ನಿರ್ದೇಶನ ಸುಪರ್ ಮತ್ತೊಂದು ಬ್ಲಾಕ್ ಬಸ್ಟರ್ ಚಿತ್ರ ಬರ್ತಾ ಇದೆ,0
China para mat adoru china ke kalsbek bolimaklu,3
@Nithin Kumar Sasthana madbeku intha kachada galana...,3
ಕನ್ನಡ ಚಿತ್ರರಂಗ ತುಂಬಾ ಮೋಸ.....nಅಶ್ವತ್ ಸರ್ ಅವರು ತಂದೆ ಪಾತ್ರ ಎಷ್ಟು ನಟರಿಗೆ ಹೆಸರು ಆಸ್ತಿ ತಂದು ಕೊಟ್ಟಿದ್ದಾರೆ..nಅವರ ಮಕ್ಕಳು ಕುಡಾ ಕೊಟಿ ಕೊಟಿ ದುಡಿಯುತ್ತಾ ಇದ್ದರೆ..ಆದರೆ ಶಂಕರ್ ಸರ್nನಿಮ್ಮ ತಂದೆ ನಿಮ್ಮ ಗೇ ಏನು ಮಾಡಿಲ್ಲ.. ನಿಮ್ಮ ಒಳ್ಳೆಯ ತನ ದೇವರು ಕೈ ಬಿಡುವುದಿಲ್ಲ,0
Hands up kannada Na thu ninna,2
ನಾವು tik.tok use ಮಾಡಿದಿವಿ ಬ್ರದರ್ but,0
ಒಂದಕ್ಕಿಂತ ಹೆಚ್ಚು ಬಾರಿ ಕೇಳಿದವರು ಲೈಕ್ ಮಾಡಿ,0
ಚಳಿಗಾಲದಲ್ಲಿ ಹೆಂಡ್ತೀನ ಬಿಟ್ಟಂಗಾಗಿದೆ Tik tokers ಸ್ಥಿತಿ Like a  ಹೀಟ್ ಗೆ ಬಂದಿರೋ ನಾಯಿ ತರ,3
100 days pacca,0
But  movie  superb,0
ಸ್ಪಷ್ಟವಾದ  ಕನ್ನಡ,0
Hands up,0
ಶಂಕರ್ ನಾಗ್ ಅವರ ಅಭಿನಯದ ಸಾಮ್ಯತೆ ರಕ್ಷಿತ್ ಶೆಟ್ಟಿ ಅವರಲ್ಲಿ ಕಾಣಬಹುದಾಗಿದೆ,0
Tik tok  bevarsigalanna chaina   gadiyalli chaddiyalli bomb ettu chaina  kade  odisa beku avaga sari agutte,3
@Nikistark x it's Kannada buddy,5
I love u appaji,5
Avanilade enu illa ee bhoomimele,0
Sahitya and sangita eradu super movie blockbuster,0
Super song anna,0
@Nandi Parthasarathi ನೀನು ನಂಗ್ ಏನಾದ್ರು ಹುಟ್ಟಿದ್ಯ,2
Ha sir..kanada movie nam janane  nodthaila,4
ಕನ್ನಡಿಗರ ಪವರ್ ಕನ್ನಡಿಗರು  ತಾಕತ್ all pan  ಮೂವಿ  ಕನ್ನಡಿಗರು......,0
@Shashidhar A 10000% sathyavada maathu,0
Good comment bro....nContinue ......,5
ಒಳ್ಳೆಯ ಕಥೆ ಯೂಟ್ಯೂಬಲ್ಲಿ ಇಂತಹ ಒಳ್ಳೆಯ ಹಾಸ್ಯಮಯವಾದ ಮತ್ತು ಜನರಿಗೆ ಅನುಕೂಲವಾಗುವ ರೀತಿಯ ಸಮಾಜಕ್ಕೆ ಸಂದೇಶ ಸಾರುವ ನೀತಿಕಥೆಗಳನ್ನು ಹಾಕಿದ್ದೀರಿ ಅವರಿಗೆ ಧನ್ಯವಾದಗಳು ಹಾಗೂ ತೊಗರಿ ತಿಪ್ಪ ಗೋಧಿ ಹುಗ್ಗಿ ಗಂಗಯ್ಯ ಒಳ್ಳೆಯ ಕಥೆಗಳನ್ನು ಅಪ್ಲೋಡ್ ಮಾಡಿ,0
Madona bro kanditha yarannau bidodu beda..,0
ಕನ್ನಡ ಸಿನಿಮಾವನ್ನು ಎತ್ತು ಕೊಂಡಾಡುವಂತೆ ಮಾಡಲು ಬರುತ್ತಿದೆ..nಅವನೇ ಶ್ರೀಮನ್ನಾರಾಯಣnnಜೈ ರಕ್ಷಿತ್ ಭಾಸ್....nನಮ್ಮ ಕನ್ನಡದ ಹೆಮ್ಮೆ,0
NAMMA modala web series,0
Bro movie ela undii bagundhii aa,5
Pruthvi avara acting anthu nanna avarisikondu bittide .nanna friend helidda thayi sentimentalli avara acting nodi ninu emotional agthiya nodu antha.adre nanu nanu aagalla andidde.adre aa scene nodbittu nanu ankonde. evarige national award kodbeku antha.,0
@SS ENTERTANEMENT 2 Sir joke alla KGF li yela points galu tumba chanagitu nanu rakshith shetty fan nangenu hate illa,0
En guru song edu,0
ಇದು ಚರಿತ್ರೆ ಸೃಷ್ಟಿಸೋ ಅವತಾರ,0
Youtube channel nalli ASN release promos upload madi sir,0
@VARAPRASAD K K nimmayyi tulla hattava,2
Bro superb keep doing,5
Parvagilla bidi bejar ilanNam Sandalwood navara manassu nim samudrakkinta vishalavagidenAdakke we welcome you n like younWe like all culture,3
Hats up karnataka,5
ಎಕ್ಸ್‌ಪಾ ಟೇಶನ್ ದಬಲ್ ಹೈತು,0
Super guru neenu tiktak sede galige yeneludru arthagalla,4
Jai D boss,5
ನೀ ಬೇಳಿಬೇಕು ಬ್ರದರ್ nಇನ್ನೂ ಎತ್ತರಕ್ಕೆ,0
Bro nanage tumba bejar agide namm sainikar savinind .china davargi buddi kalsek bro ..,0
Filam is paka blackbaster,5
a new milestone in kannada movie,0
@Kiccha Vitthal ಬಳೆಗಾರ ಫ್ಯಾನ ಆ,0
Nange e dia movie est ista agide Andre adu kevala word inda helok agalla,0
Super song I love it,0
35M+ views,5
Nivu. Helodu sari china app ban agalebeku,0
Yavaga Release agutte shetre,0
@nkn havali nin astu urkondilla pa,2
Bro nan kade enda nimg gondhu salam.,0
Super kantha,5
ಅದ್ಭುತ ಹಾಡು,0
ಈ ಸಿನಿಮಾ ಚರಿತ್ರೆ ಸೃಷ್ಟಿ ಮಾಡಲಿ,0
Movie nodadmele bandhoru like madi nEe movie kuda fan India movie agutthe annoru like madi,0
Wonderful movie,5
Paramvah Music hindi,0
ಉತ್ತರ ಕರ್ನಾಟಕದ ಭಾಗದಲ್ಲಿ ನಡೆದ ನೈಜ ಘಟನೆ ಆಧಾರಿತ ಕಥಾ ಸಂಗ್ರಹ,0
ನಾನುಗ್  ತುಂಬಾ  ಇಷ್ಟ ಆಯ್ತಾ,0
Sir Nimage olleyadaagali,0
U r great sir,5
This comment deserves more likes,5
ASN release in nKannada-Dec 27nTelugu-Jan 1stnTamil& Malayalam-Jan 3rdnHindi-jan16thnnAstaralli Ella mobile nalli nodi Mugsirtaare aaga release Maadi Aden record Create maadtaro?n300 koti Beku anta Tweet maadidre saaladu ondu cinemana Janagalige Yav reethi Talupisodu anta gottirbeku.... Kurukshetra ide reethi Promotion ilde haalagi hoytu...Innoo idunnoo hange maadtidaare,1
Unlike madiroru bevarsigalu.,3
Hello Hindi song,0
Supperb broo... Sakathagi helidira,0
ಯಾರಾದ್ರೂ ಲಿರಿಕ್ಸ್ ಓದಿದ್ರೆ ಈ ಹಾಡಿನ ಒಳಾರ್ಥ ತಿಳಿಯೋಕೆ ಎಷ್ಟು ಕಷ್ಟ ಇದೆ ಅಂತ ತಿಳಿದಿರುತ್ತೆ...ಅದು ಈ ಹಾಡಿನ twist,0
@Asif Shaikh hesru adru nettug tilkolo,2
Full movie kab bajo gay,5
Movie super and climax chapper,5
ಹಲೋ ದಿಯಾ ಸಿನಿಮಾ ಸಂಬಂಧಪಟ್ಟವರು ನಿಮ್ಮ ಅಕೌಂಟ್ ಡೀಟೇಲ್ ಕೊಡಿ.. ದುಡ್ಡು ಹಾಕ್ತೀವಿ ಪ್ಲೀಸ್ ಕೊಡಿnಪ್ಲೀಸ್......,0
Nijave idhu charitre srustiso avatharane bidi,0
Dboss murkha abhimani galu,3
Super rakshit shetty sir stayl  l like,5
So super cute,5
Nim uru yavdu,0
Rashmika fans  ND devarkonda fans urkondirtarea,3
Daridra rajkaranadinda Kelsane sigtilla guru company factory yella muccho stitili idare,0
Nim dhesh bakthi ge Sallut bro I like you,0
s** tara ide,5
indian Tiktok ನಿನಾದರು ಕಂಡುಯಿಡಿ ಮಾರಯಾ ಜಾಸ್ತಿ ವದರಬೇಡ,2
Bro nivu yava game adtaiyidara please comment,0
Hands up    matte song kelbeku anta ansorige,0
jeevanadalli navu chenagiddaga baro sambandakkinta navu novinnali eddaga Namma na a novinninda ache baro hage maduva sambandakke bele kodbeku so ninge ega arta aytu ankotini,2
ಇದು ನಮ್ಮ ಉತ್ತರ ಕರ್ನಾಟಕದ ಶೈಲಿಯಲ್ಲಿ ಸಿನಿಮಾ ಆಗಬೇಕು,0
Haha  nija,0
ಸೂಪರ್ u r a carrect,0
Movie good but climax .I cried,5
Idonde voledagiradu 2020 li,0
Salute you sir. I met once you. I am happy,5
Super rakist  setty,5
ನೋವು ನಲಿವಿಗೆ ಕಾರಣ...nಅವನೇ ಶ್ರೀಮನ್ನಾರಾಯಣ,0
+RUDRAGOUDA MARIGOUDRA super,5
Yava game bro edu,0
ನಿಜವಾಗಿಯೂ ನಿಮ್ಮ ಮಾತು ಸ್ಪೂರ್ತಿ ..ನಿಮಗೆ ಒಳ್ಳೆಯದು ಆಗಲಿ...,0
Jai D Boss,0
Dislikers bayalli shegani Ida....🤫,3
very nice speech,5
ಅಲ್ಲಾ ಅವನು ಅ'ಚುತ್ಯಾ',0
Nange aaki kastadalli idhene,2
Kalaburgi and Bidar jille janaru like maadi,0
ಎಲ್ಲಾ ಸರಿ ಗುರು,0
Super Assam video posted dud,5
ಹಲೋ ಸಿನಿಮಾ ತುಂಬಾ ಚೆನ್ನಾಗಿದೆ.. ಯಾರು ಗೊತ್ತಿಲ್ಲ,0
Anna full wand ayti song,3
ದಿಯಾ ತುಂಬಾ ಚೆನ್ನಾಗಿ ಇದೆ ಎಲ್ಲರೂ ನೊಡಿ ಆದರೆ ಚಿತ್ರಕ್ಕೆ ಸರಿಯಾದ climax ಬೆಕಾಗಿತ್ತು,3
@Nandi Parthasarathi ನಂದಿನಿ ನಂದಿನಿ ನಿನ್ ತುಲ್ಲಗೆ ನನ್ ರಸ,2
Super rakshit hands up songs super,0
Super video anna,0
Nice song Sri super  superhit,5
idu avane Sri man narayan,0
Sachin Yalaburgi u,5
ಶಂಕರ ಅಶ್ವತ್  ಕಷ್ಟಪಟ್ಟು ಜೀವನ ನಡೆಸುತ್ತಿರುವ ಉತ್ತಮ ಗುಣಮಟ್ಟದ ವಕ್ತಿ,0
ಕಾಯಕವೇ ಕೈಲಾಸ ಎಂಬ ತತ್ವವನ್ನು ಪಾಲಿಸುತ್ತಿರುವ ಕಲಿಯುಗದ ಮನುಷ್ಯ ಮತ್ತು sir ನಾನು ನಿಮ್ಮ ತಂದೆ k s ಅಶ್ವತ್ಥ್ ಸರ್ ಅವರ ಅಭಿಮಾನಿ,0
Best movie in Kannada🤘🤘🤘,0
KGF 2 songs bartave with bang bang BGMs.,0
ಸಕ್ಕತಾಗಿದೆ ಮರಯ,0
@Rajesh0823 R all//p,5
Super rakhit we love u and kannada,0
1.8k dis likesn ನಂಗೆ ಅನ್ಸುತ್ತೆ  🤔🤔ಇವ್ರೆಲ್ಲಾ ರಶ್ಮಿಕ ಮಂದಣ್ಣನ ಫ್ಯಾನ್ಸ್ ಅಂತ,3
Communist Sarkar beku bharat dalli nu nam avrige freedom jasti agide,0
Cute kushii Ravi,5
ಹಿಂದಿ song innu yake relise agilla,0
Nannu nimma fan sir,0
Yavdadru habba raja Dina dalli release madbekitttu odtittu ..,0
Don't Post FAKE videos,3
Big boss kannada dalli ententa kachda jana haktare. Inta Olle janrana haki.,4
Bigg boss nalli kalisri nijwaglu help maadida haage aaguthe intha olle artist ri ivaru kasta dalli iddaare,0
Inta kate matte matte krlbeku ansatte super,0
ಚರಿತ್ರೆ ಇದೆ. ಇದು ಒಂದು ದಂತಕಥೆ.,0
Vijay prakash  voice is super,5
O my god,5
Guru Pub G game.....,0
@Sachin Sachin p,5
@Lavanya gowda Tan Q Sister,5
Awesome song,5
tippa super,5
En chindi bgm guru sakkath....Jai ASN... from Appu abhimani,0
obba batta na gi. e rethi bare you du sare alla. namma darmmake.nave.......,3
Mutturaj Melageri k,5
ಸೂಪರ್ ರಿ ಸರ್,0
Adru namboru thumba Jana edare sir,0
ಸೂಪರ್  tune,1
I like it in kannada,5
A nice song,0
Super  ..,5
@Nandi Parthasarathi nimma yashini boobs gojjekesari acting ge Oscar award fix,2
Ee song nodtha eroru ennomme trailer nodi.....,0
TREND SETTING SONG,0
Ur super guru,0
ಕನ್ನಡ ಸಿನಿಮಾಗಳಿಗೆ ದಯವಿಟ್ಟು ಸಪೋರ್ಟು ಮಾಡಿ,0
ಎನ್ making ಗುರು,0
ಅದ್ಭುತವಾದ ಚಿತ್ರ ಆದ್ರೆ ಚಿತ್ರ ಮಂದಿರದಲ್ಲಿ ನೋಡಲಿಲ್ಲ ಆ ನೋವು ತುಂಬಾ ಕಾಡುತ್ತಿದೆ,0
Mast aitu tik tok ban maadi evella odo du bare yodu bittu bari tirpe shoki maadi nandu istu talent ankotir wa yalla dabba nan maklige Sari yaagi paata kalisi dange aitu. Study bage awrige Care idde iddilla iga nodona yestu awar talent anta. Taawe tik tok maadi tammanne brilliant anta tilkoluwara Talente,3
nice kalaa....ncontinue madu...,0
All song super,5
தியா ஒரு அழகான காதல் காவியம்.அனைத்து மொழியிலும் ஓர் தாக்கத்தை🤕 ஏற்படுத்திய திரைப்படம்.தமிழ் மக்களின் சார்பாக எனது மனமார்ந்த வாழ்த்துக்கள்.🤝,5
Pakka charitre srustisooo avataara....,0
I feel this vijay prakash singing tune same as kotigobba kotigobba,0
ಭಗವಂತ ನಿಮ್ಮನ್ನು  ಮತ್ತು ನಿಮ್ಮ ಕುಟುಂಬವನ್ನು ಸದಾಕಾಲ ಕಾಪಾಡಲಿ.... ಒಳ್ಳೆಯವರಿಗೆ ಒಳ್ಳೆಯದೇ ಆಗುತ್ತದೆ....,0
Super.. I ತರಹದ song ಕೇಳಿ ತುಂಬಾ ದಿನ ಆಯ್ತು,0
Love you my Boss rakshi setty,5
What a music ... nWhat a lyric...nWhat a choreography.... nWhat a camera working......nTotally awesome ... nನಿಜಕ್ಕೂ ಇದು ಚರಿತ್ರೆ ಸೃಷ್ಟಿಸೋ ಅವತಾರ... nಅಜನೀಶ್ ಗುರುಗಳೇ ನಿಮಗೊಂದು ಸಲಾಂ...nರಕ್ಷಿತ್ ಶೆಟ್ರೆ ಒಳ್ಳೇದಾಗಲಿ ..nಮೂರು ವರ್ಷ ಪಟ್ಟ ಶ್ರಮ ಫಲಕೊಡುವಂತಾಗಲಿ..... All the best to you sir,0
Anna e game yavudu,0
ಸೂಪರ್ ಏತ ಆಗಿನ ಕಾಲದಲ್ಲಿ ಸೂಪರ್ ಸ್ಟಾರ್ ತೋಗರಿ ತೀಪ,0
super ತೊಗರಿ ತಿಪ್ಪ,0
@ashwini p avunu dagar Devarakonda DD,5
OMG ಟಿಕ್ ಟಾಕ್ ನಿಂದ nಚೈನಾದ ಬೋ* ಮ* 7,0
I want to see everedy I like it,5
super super boss,5
Super performance prju,5
Chen aged really like kode,0
ಇದು ಚರಿತ್ರೆ ಸೃಷ್ಟಿಸೋ ಅವತಾರ,0
ತಿಪ್ಪ ತಿಪ್ಪ ತೊಗರಿ ತಿಪ್ಪ,0
two dislikes I think it may be rashmika and devarakonda,2
@Ashwini Hr yeaa,5
Super guru nenu,0
theatre alli nodokke nangu esta.theatre alli movie ella andre henge nodokke agutte.nimhantavare theatre alli nodirtiro elvo yarigottu.tilkondu matadi sir  @Nuthesh Naik,2
Rakshit sir on fire ...benki..ollede aythu ha dagar inta olle vekthi ge siglila,0
Vaal kachidu bhal Nagu tarastri....Bhari Ada ri kati...,5
U r super bro,5
ಯೇ ಇವ್ರೇನೋ ಮಾಡ್ತಾರ್ ಕಣ್ರಪಡಬ್ಬಾ ಮೂವಿ ಮಾಡಿ ಮಾತುಮಾತಿಗೂ ನಮ್ ಮೂವಿ different different ಅನ್ನೋರ್ಗೆ ಈ ಮೂವಿ ನೋಡಿ ಜ್ಞಾನೋದಯ ಆಗ್ಬೇಕು...ಇದು ಗೆಲ್ಲುತ್ತೋ ಇಲ್ವೋ ಗೊತ್ತಿಲ್ಲ but ಇತಿಹಾಸ ಬರೆಯೋದು guarantee,0
@Kiran Kumar Halijol yes pa.. observe madlilla,0
ಈ ಕಾಲದಲ್ಲಿ ಒಳ್ಳೆತನಕ್ಕೆ ಬೆಲೆ ಇಲ್ಲ ಮತ್ತೆ ಗೆಲ್ಲುವುದು ಹೇಗೆ,0
ಹಾಡಿನ ಫುಲ್ ಅವನೇ ಶ್ರೀಮನ್ ನಾರಾಯಣ ಇದಾನೆ(ಶ್ರೀ ಕೃಷ್ಣ) ಅವನ ತತ್ವ ಗಳೇ ಇದಾವೆ....ಲಿರಿಕ್ಸ್ BGM ಅಂದ್ರೆ ಇದು,0
2nd song(Narayana) releasing tomorrow @11,0
100 million agalla BRO,1
ಸುಪರ್ ತೊಗರಿ ತಿಪ್ಪ,0
ಸರ್ ನಿಮ್ಮ ನಿರ್ಮಾಪಕರ  phonepe or paytm or Amazon pay ಅಕ್ಕೌಂಟ ನಂಬರ್ ಇದ್ರೆ  ಕಳಿಸಿ... ಸಿನಿಮಾ ನೋಡಲು ಆಗದೆ ಇರೋದ್ರಿಂದ ದುಡ್ಡು ಹಾಕ್ತೀನಿ... I missed a wonderful movie,0
Rocking star and simple star,5
Yes bro nanu Chinese apps galna delete madidhini . E thara innu jasti video madi bro . E thara good message viedio madthairi,0
It's a kannada song..nLots of love from karnataka,5
I love to learn Kannada languagenI love to speak in KannadanBecause I'm from KarnatakanKunda nagree Karnataka,0
@Nandi Parthasarathi ನಿಮ್ಮ ಅಪ್ಪ ಸೂಳೆಮಗ,2
I love promod sir voice,5
Togari thippa bahala chanagide,0
Hats off bro  ಕರೆಕ್ಟಾಗಿ ಹೇಳಿದ್ದೀರ ಬ್ರೋ,0
@Ŕävîñđŕå_02_GøWđřú bro evnu venkatesh kulkarni avr comments ge reply madidane adanna odudre nin education EE flop,0
Super  guru  jai  hind  neenu  nijavada  barathiya mattu  karnatakada  hemmeya putra  I love you  brother,0
ಸ್ವಾಭಿಮಾನಿ ಶಂಕರ,0
Ramesh Snakannanavar you have to go to a,5
6 dinagalaadru innoo trending nallide,0
@vinay vinu ಇವ್ನು ಯಾರ್ ಗುರು ನಂದೆಲ್ಲಿ ಇಡ್ಲಿ ಅಂತವ್ನೆ,1
Sachien  karnatakada cinemadalli adbuta nata ivara tande nanu bala ista pado vekti abarigondu nanna abhinandane,0
Jai ASN nJai Karnataka,0
Trailer super guru,0
ansodenu avrdu love merrid soo life ali obrigobru arta madkondu nambke na beliskondu prethina uliskondu... chanagiri,0
Good  job,5
Pistol look like flare gun...nnJai pubg..,0
Jai D Boss,0
Karthiks Reddy ನಿಮ್ಮ ಉತ್ತರ ಆಂಗ್ಲ ಭಾಷೆಯಲ್ಲಿ ಇಲ್ವಾ ಅದೇ ಥರಾ,0
@Revan kumar khare heldi🤣,0
ನನ್ನ ಪ್ರಕಾರ ಸಿನಿಮಾ ನೋಡೋದಕ್ಕೆ ಬಂದವರಿಗೆ ಒಂದೊಂದು ಈರುಳ್ಳಿ ಉಚಿತ ಅಂದ್ರೆ ಜನ ಸಾಗರವೆ ಬರಬಹುದು,0
Good job.....,5
Right bhai avarige barabari shock aagide,0
Avlu lofar .....nan sister Diya papa amezon a to z super next relece I m going,2
Is it omg,5
Acchaa kannada...soopr song....,0
pakka prufff kodi,1
Indian filmsnBefore ASNnafter ASN,5
4.19 ....SRK Pose,5
ರೋಮಾಂಚನ ಅದ್ಬುತ ಹಾಡು,0
I like so much,5
I hope salmaan vai didn't watch it,5
300 plus ಕೋಟಿ ಪಕ್ಕಾ,0
ಇದೊಂದು ದುರದೃಷ್ಟ ವೇ ಸರಿ ಇಂತ ಮ್ಯೂಸಿಕ್ ಇಂತ ಲಿರಿಕ್ಸ್ ಇಂತ ಬ್ಯಾಗ್ರೌಂಡ್ ಎಡಿಟಿಂಗ್ ಎಲ್ಲ ವಿಭಿನ್ನ ಸುಂದರ ವಾಗಿದ್ದರು 6 ದಿನ ಕಳೆದರು ಕೇವಲ 2.2M ಅಂದ್ರೆ ಬೇಸರದ ಸಂಗತಿ nಯಾವುದೋ ಪರಭಾಷಗಳಿಗೆ ತೋರಿಸೋ ಪ್ರೀತಿ ನಮ್ಮ ಕನ್ನಡ ಚಿತ್ರಗಳ ಮೇಲಿಲ್ಲ.,4
Super   music,5
Theater alli beats sakath agi kelsta ettu guru,0
nanu Attidini climax nalli,0
O mareya ava chiranjeevi alla shaapa erutte,2
Telegram alli download maadkondu nodidare...theatre alli kammi,1
Bhai koi Mysore se he ky,5
En sir lyrics. Superb,0
@Deekshit Chandra,5
Nemma anna antha barthane nodu avana hodibeku guru first Gubal Nan maga,0
Namma Huduga super agi madavnne super darlings,0
Re release madi pakka node nodthare... Evaga yav theater allu ella nodoke. Movie tumba chennagide,0
@#win 12 yello yaavdo beedhi soolege huttironu neenu ansutthe....adakke nin hesru haakolde yavdo no. haakondidya.... leay child chapati nin no. ond kodu saaku nin dove na nin munde ne keaytini...... asht saaku nange....,2
Bro tik tok gottlla but entertanment ge roast video nodtidde istu dina avrge roast madiro videos ginna idralli niv avrge use madiro words hudgiro style superb repeat madi madi nodbitte ee video..,0
ಅಭಿನಯ ಚಕ್ರವರ್ತಿ ಅಭಿಮಾನಿಗಳ ಶುಭ ಹಾರೈಕೆಗಳು,0
sir nivu kottiguobbru,0
ಮಹಾನ್ ವ್ಯಕ್ತಿಯ ರಕ್ತ ಅಲ್ಲವೇ,0
ಹೌದು... ಸ್ಪೂರ್ತಿಯ ಮಾತುಗಳು..... ನಿಜವಾದ ಕಲಾವಿದನಿಗೆ ಬೆಲೆ ಇಲ್ಲ....ಶಂಕರ್ ಅಣ್ಣನಿಗೆ ಒಳ್ಳೆಯದಾಗಲಿ,0
ನಾಲ್ಕು ಯುಗಗಳು ಮುಗಿದ ಮೇಲೆ ಪುನ,0
Movie nodilla andre nimagu “ HANDS UP !!!!!”,0
My favorite song in 2019 is Taaja samachara   ಸಾಹಿತ್ಯ ಪ್ರಿಯರೇ ಒಮ್ಮೆ ಈ ಹಾಡು ಕೇಳಿದ್ರೆ ಕೇಳ್ತಾನೆ ಇರ್ಬೇಕು ಅನ್ಸುತ್ತೆ....  Everybody watch this,0
ಗುರು ಉತ್ತರ ಕರ್ನಾಟಕ ಭಾಷೆ ದಾಗ ಗುಮ್ಮಿದಿ ಬ್ರೋ ಸೂಪರ್,0
ri tippa  supper,0
Super movie,5
ನಿಜಕ್ಕೂ ಗ್ರೇಟ್ ಪರ್ಸನ್,0
Hindi varjan relis made,0
Super ulti song,5
ರಿಷಬ್ ಶೆಟ್ಟಿನಾ ನೊಡಿದ್ರ,0
Kolath hogiro kobhari mukadhavale🤣🤣🤣,0
Super song bro,5
Adi dia super acting🥰,0
Super Hitt song,5
Shaata daagar fans,3
ನಿಮಗೆ ಸರಿಯಾಗಿ ಅರ್ಥ ಆಗ್ತಿಲ್ಲ ಅಮರಪ್ರಸಾದ,0
Love from kerala,5
Super anna bindass agi mathadiddira inshatu makake ugudru kelavar adaralli erthivi navu anthare antha mental people na mental hospital ge akbeku,3
Super song love u,5
ಸೂಪರ್ ಜೈ D ಬಾಸ್,0
. .nanu 10 bari nodidene. nSuper.,0
ಡಾ.ಶಂಭು ಬಳಿಗಾರ ರವರ .....nತೊಗರಿ ತಿಪ್ಪ (ಜಾನಪದ ಹಾಸ್ಯ ಚಟಾಕಿ)  ಅಧ್ಬುತ  ನಿರೂಪಣೆ,0
He is like NTR nNTR FANS SUPPORT HIM ALWAYS nRIKSHT SHETTY AWESOME,0
@Nandi Parthasarathi balegar bale bale 🤣🤣🤣 matte ninna akkna minda kano nanu mindri magne randi maga ninu bere heros bagge kettadagi comments madodu bidu navu yaru tantegu hoglla boss tantege bandre gottala,2
hate tik tok,5
@Troll Stupid Fans nin Amman thullu sulemagne gaandu nayi sulemakla mucchkondiro Nim Amman thullu GE devegowda du halasiro thunni hakbeku rande soole magne nayisulemagne kachada byavarsi soole rande magne nayisulemaga nim appa chaappar nan maga sulemaga,2
Jeevana channagi arta  madkondeedare nnShankar Ashwath avar  nNice,0
Hats up rakshit,0
very nice story,5
Jai Rakshit shetty,5
Nimma Narayana na avathara Charithre Srustisali..... Olledagali,0
Super bro,5
Super super D Boss,5
Super. Guru.,0
Super signature step..,0
Super guru munduvarisi,0
ನಿನ್ನ ಪಿಂಡ...,2
ಕಂಕಣ ಸೂರ್ಯ ಗ್ರಹಣದ ಸಮಯದಲ್ಲಿ ಯಾರ್ ಯಾರ್ ನೋಡ್ತಿದ್ದಿರಾ...,0
Jai d boss,5
Sexy song guru,0
Idanna odidre nimdu kuda love marriage anta namg ansta ide,0
Tik tok beku anthideralla kelobbru nim antha thale edukaru bere yaru ella namma arthikathe nela kachhisida country ge nimma support alva nijvada shathrugalu avr alla nam ollgadey ero nivu...,3
Super bro,5
Full movie send.,5
Chinada tiktok CEO helidanante bharatadalli  iruvashtu somarigalu berellu illa anta idarta avara deshadavare aa app annu ashtu use madtilla  bharatadalli koti gattale use madtidare. Banne maadida modi sarkarakke danyavadagalu nnJai JAWAN Jai KISAN nJAI HINDH,0
hello amar prasad tumbha chenda itthu nimma ee pryatna saakashut vishyagalannu  munde ittiri idu namege gothe iralilla. china nijakku entha samartha desha deshpreemigale tumbiruvantha desha moodalu nammale ee daridara raajakihavannu oddu military adalita barabeku ega itndu kobbiruva raajakaarnigalaga asthi pasthigalannu ondu rupeenu beedade kitthukondu avarannu beedhi bhikharimaadidare namma desha sirivanthavaaguvudaralli no doubt,3
ತೊಗರಿ ತಿಪ್ಪ  ಸ್ಟೋರಿ ಸೂಪರ್,0
ಈಗಿನ ಕಾಲದ ಸ್ವಾಭಿಮಾನಿ ಮನುಷ್ಯ Hand's up sir,0
Supper  p boss... Yar unlike madidhare nodi.. urkondu saytor anta,3
Vijaya prakash voice,0
Yenta mat andi yappa,2
10 lla 11 pramuka  kaarana  boy behano modi,0
Avlge avra appaniginta pakkada mane uncle tumbaa esta adke bro,2
ದಿಯಾ ತಂಡಕ್ಕೆ ನನ್ನ ಕಡೆ ಇಂದ ಕ್ಷಮೆ ಇರಲಿ... ಇಂತ ಮೂವೀನ ಥೀಯೇಟರ್ ಗೆ ಹೋಗಿ ನೋಡಿಲ್ಲ  ಅಂತ ಬೇಜಾರ್ ನನ್ನ ಕಾಡ್ತಾ ಇದೆ...nPlease sir ಮತ್ತೇ ರಿ ರಿಲಿಜ್ ಮಾಡಿ ....,0
ಎನ್ ಗುರು ಎನ್ ಲಿರಿಕ್ ಎನ್ ಮ್ಯೂಸಿಕ್ ನಮ್ಮ ಮನೆಯಲ್ಲಿ ಈ ಹಾಡಿಗೆ ಫುಲ್ ಫೀದ ಆಗಿದರೆ,0
KGF (chaffer 2) bega bara beku,0
Nanu 999999999999999999999999999999999999999999999999999999999999999999999999999999999999999999999999999999999999999999999999999999999999999999999999999999999999999999999999999999999999999999999999999999999999999999999999999999999999 sala ee songaanu keele dini,0
5 days trending,0
Bro nivu super,0
Trailer tumba channagide,0
Prajwal Devraj is Back,0
Yelru mobile nalli nodidare theater hogi nodrapoa plz,0
6 6 6 6 6 6  super 30,5
Well said sir,5
Nijavaglu kannadiga agiddakke hemme agtide guru,0
Niv supper boss,0
Say say say sayta,5
@Nithya Sudha avaru devategalu devategalige Ella bhashe barutte,0
Nandini Parthasarathi d bass ge jai,0
Shivu m Hikkangutti v,1
havdhu Nama manegu bandhidha .asshvathama,0
ಬಂದ ಬಂದ ಅವನೇ ಶ್ರೀಮನ್ನಾರಾಯಣnHands up,0
Nandini Parthasarathi ascar just miss n,2
Eshttu sari kellidaru besaramudada haddu,0
Song chindi chitranna guru,0
@varshini hmk yeha I know ...,5
Who is dagar .... Rashmika ...?,5
ಚಂದನ್ ಶೆಟ್ಟಿ ಟ್ರೊಲ್ ವಿಡಿಯೋ ನೀವು ನೋಡಿ ನೆಗಡ್ಡೆ ಇದ್ರೆ ನಾವ್ ಗ್ಯಾರಂಟಿ,0
ha nam manegu bandiida ...,1
This song like drinking,5
Salute to you sir,5
Nimge Nijavagalu netiyagiddra,0
Most super song,5
Supper anna,0
@Shrthi Shrthi huiuu,5
Next scene saanvi,5
Song super agi edey,0
Heroine ge jamba ella,0
Gichhh movie,5
God bless you sir,5
Marethidhru iga merili,0
ಚಂದನ್ ಶೆಟ್ಟಿ ಟ್ರೊಲ್ ವಿಡಿಯೋ ನೀವು ನೋಡಿ ನೆಗಡ್ಡೆ ಇದ್ರೆ ನಾವ್ ಗ್ಯಾರಂಟಿ,0
Super dance stepppppp,0
Like goskara ivella beka 🤦‍,1
ನಿನ್ನೆ ಅಷ್ಟೆ movie ನೋಡಿದೆ.movie,0
lo thagari thippa suppr kano,0
I'm big kiccha&rakshith Shetti fanzz,0
ಕನ್ನಡದಲ್ಲೇ ಹೊಸ ಅಲೆಯನ್ನ ಎಬ್ಬಿಸ್ಸೋ  ಅವತಾರ ಅದುವೇ ಅವನೇ ಶ್ರೀ ಮನ್ನಾರಾಯಣ All The Best ಅವನೇ  ಶ್ರೀ ಮನ್ನಾರಾಯಣ Best Wishes ಅಖಿಲ ಕರ್ನಾಟಕ ರಾಕಿಂಗ್ ಸ್ಟಾರ್ ಯಶ್ ಅಭಿಮಾನಿಗಳ ಸಂಘ,0
Super I like him,5
Swamake or Remake....?,0
ಸೂಪರ್ ಸೂಪರ್  ಚೆನ್ನಾಗೆ ಉಗಿದಿದ್ದೀರಾ  ಅನ್ನ ಕೊಟ್ಟ ಮನೆಗೆ ಕನ್ನ ಹಾಕೋ  ಬೇವರ್ಸಿಗಳು  ಚೀನಾ,0
E film adru chenag odli,0
Boring agidre All India Trending agtirlilla🤣,0
We varshada super song,0
Sariyagi promotion maadade cinema haal maadtarapan(Hindi Song Elranna?),3
ತೊಗರಿ ತಿಪ್ಪ ಭಾಗ 2 ಅಪ್ಪ್ಲೊಡ ಮಾಡಿರಿ,0
Song is amazing,5
Dbøss munde ivanu baccha,2
ನನಗೆ. ಯಾದೀಮೇ. ಶಾದೀ.ಹಾಡುಗಳು.ಬೇಕಾಗೀವೇ,0
ಸೂಪರ್ ಟ್ರೈಲರ್nಇಂಟರೆಸ್ಟಿಂಗ್ ಟ್ರೈಲರ್,0
Hi sir supnHasage  eddastu kalu chachu  nAnno gadae evattu nim nudigalu gottyatyu sirnUr grate sir,0
Shrinidhi surya avru idre chanagirutte,0
ಅಬ್ಬಾ ಏನ್ ಗುರು ಟ್ರೈಲರ್,0
e hadu kannada vanne yetti tori charitre shrustiside edu kannada da hemme,0
ಮೊದಲು ನಾವು ಬದಲಾಗ ಬೇಕು,0
ಇದು ಚರಿತ್ರೆ ಶ್ರುಷ್ಟಿಸೋ ಅವತಾರ,0
Vaidyo narayano Hari,5
tugari thjppa super,0
Fork bisakiddu pakka #Shaanvi. Trailer alli iro dialogue next scene.,0
yella OK iee aroygyake hankaraka bidi yake,1
ಸೋಮಣ್ಣ ಸರ್....... ಮತ್ತೊಮ್ಮೆ ಅಭಿನಂದನೆಗಳು.... ಇವರು ಸಮಾಜಕ್ಕೆ ಒಂದು ಮಾದರಿ..... ತಾನು ಮಾಡುವ ಕಾರ್ಯದಲ್ಲಿ ಇರುವ ಹೆಮ್ಮೆ......,0
Avane Srimannarayana beats KGF,0
Super song R S fans,5
Idu Fantasy Film tara kantide alva?,0
@Nandi Parthasarathi ಅಲಾ ಹಾದರಗಿತ್ತಿ ನಿಮ್ಮದು ದೊಡ್ಡ ತುಲ್ಲು ಬಿಡೆ,2
I have listened 1st time ok ok,1
ಅವನೇ ಶ್ರೀಮನ್ನಾರಾಯಣ ಪಾರ್ಟಿ 2 ಬರುವಂತಾಗಲಿ,0
En helde bro,0
ಯಾರು ಆವಾಗಾವಾಗ ಬಂದು ಹಾಡು ಕೇಳ್ತಾ ಇದ್ದೀರಾ ...? nಒಂಥರಾ ಚೆನ್ನಾಗಿದೆ,0
Super bro,5
ಗುರುವೇ ಅದು GTA5 pubg ಅಲ್ಲ,0
ನಮ್ಮ ದೇಶದಲ್ಲಿ ಓತ್ಲಾನೆ ಜಾಸ್ತಿ,0
Sir nivu news helida hage heltiri sir,2
ಗುರು ನಿನ್ನ ಪಾದ ಝೆರಾಕ್ಸ್ ಮಾಡಿ ಕೊಟ್ಟ ಬಿಡಪ್ಪ,0
Yabbbaaa nijavglu nan anirud acting ge fan gbitttee.. Awsm..,0
ನಮ್ಮ ದೇಶದಲ್ಲಿ ಎಣ್ಣೆ ಗೆ. ಇಂಪಾರ್ಟೆಂಟ್ ಕೊಡ್ತಾರೆ..,4
Anna super aaegi magadheera videos entertainment new folder,0
ಸೂಪರ್ ಅದ್ಭುತವಾದ ಸಿನೆಮಾ,0
Jai D Boss,5
I love ರಕ್ಷಿತ್,0
Shetre song soooooper,0
Super duper movie kananda movie industry no1 movie,0
jana theatre ge bandilla aadrinda collection kadime aagide,1
@10 R Ayyo hogo thukalli gandu,2
Pls put it in jio saavn music,5
Bucket fans like here,5
@VARAPRASAD K K haa nin Amman tulldeepanna,2
All the BEST SANDALWOODಒಡೆಯಾ ಡೀ ಬಾಸ್ ಫ್ಯಾನ್ಸ್,0
ಈ ಚಿತ್ರ  ಕನ್ನಡ ಚಿತ್ರರಂಗಕ್ಕೆ ಇನ್ನೊಂದು ಪ್ರಮುಖ ಮೈಲು,0
ಈ ಕತೆಯಲ್ಲಿ ಅವನನ್ನ ಹುಡುಕತಾ ಇದಿಯಾ nಅವನೇ ಶ್ರೀಮನ್ನಾರಾಯಣ( ಕಳುವಾದ ಲೂಟಿ)nಅವ್ನು ಯಾರಿಗೂ  ಸಿಗಲ್ಲ nಕೊನೆಗೆ ಎಲ್ಲದಕ್ಕೂ ಅವನೆ ದೊರೆ..(ಶ್ರೀ ಮನ್ನಾರಾಯಣ)nಅನ್ನೋರು ಲೈಕ್ ಮಾಡಿ,0
Singer voice awesome,0
@Venu ahgbowdu.,0
ಪ್ರಪಂಚವನ್ನೇ ನಡುಗಿಸುತ್ತಿರುವ ಉಗ್ರವಾದ ಕರೋನಾಗೆ ಶಾಕ್!!nರೂ.50,2
ದಯವಿಟ್ಟು ನನ್ನ ಸಂದೇಶ ನೋಡ್ತಾ ಇರೋ ಎಲ್ಲಾ ಸಾಹಿತ್ಯ ಬರಹಗಾರರಿಗೆ ದೊಡ್ಡ ವಿನಂತಿ.. ಸಾಹಿತ್ಯನ ಅಚ್ಚ ಕನ್ನಡದಲ್ಲಿ ಬರೆಯಿರಿ ಇದೆ ಥರಾ ದಯವಿಟ್ಟು,0
Mostly rashmika mandanna fans erbeku🤣,0
ನಿಮ್ಮ ಚಿತ್ರಕ್ಕೆ ಶುಭವಾಗಲಿ n ನಿಮ್ಮ ಕನ್ನಡಿಗ.,0
ಗುರು .. ಉಪೇಂದ್ರ ಅವರ Dialog....  Super,0
Paramvah Music as,5
Superb trailer ......,0
Nice,0
Nivu great sir swabhimani sir Ella namma preethiya geleyaru hege yara,0
Kannada ne barolla,2
Super  bro,5
ತುಂಬಾ  ಚೆನ್ನಾಗಿದೆ ಟ್ರಯ್ಲರ್ ಲುಕ್ ತುಂಬಾ  ಚೆನ್ನಾಗಿದೆ ಸೂಪರ್  ಒಳ್ಳೆಯದಾಗಲಿ,0
Super Duper song,5
Ditto shankranna kandru aa step hakovaaga,0
1st ಶೋ ಅಷ್ಟೆ ಅಲ್ಲ,0
Pakka hit aguthee,0
E film kgf level ig erbhodu annoru like maadi adunnu meersbhodu annoru comment maadi ...,0
D boss bro dainamic price Prajwal Devaraj,0
Super bro...... Well video for tiktoker,5
Uppi dialog ultimate ella sede nann maklu,0
@AJITH S SHETTY yak uribeku.,1
Like from Kasaragod,5
Edu charitre srustisuva avatraaa,0
Loll pm llollpllllplllllllllpllpllplllllllllllllllllllllolllllnOlplnLol LMK ppllllllloll,5
bro nim video super china da appp use madbardu annod sari k nivu e china game pubg adthiralla bro nivu next video na e pubg game enda madbedi nan nimna geli madthaedini ankobedi,0
Sir Nimage devru nimjote erta,0
Super Anna,0
ಕನ್ನಡ ಸಿನಿಮಾ ರಂಗದ ಸುವರ್ಣಯುಗ ಈ ಕಾಲ ಎಂದರೆ ತಪ್ಪಾಗಲಾರದು.nಅದ್ಬುತ ದುಷ್ಯಕವ್ಯ ಈ ಸಿನಿಮಾಗಳು.nGolden time for Kannada film industrynMungaru Male,0
Bari mosa Kano,2
Life Alli esto movie nodidivi adre diya movie astu yavdu  ista agtilla. Diya nodid mele love madbeku,0
ನಾವು ವಾಕ್ ಸ್ವಾತಂತ್ರ್ಯದಲ್ಲಿ ಸೂಪರ್ ಪವರ್ ಆಗಿದ್ದೇವೆ...ಎಲ್ಲಿ ಪ್ರಜೆಗಳಿಗೆ ರಾಜನ ಭಯ ಇರೋದಿಲ್ಲವೋ,0
ಎಲ್ಲರೂ the best ಆಗಿ ಕೆಲಸ ಮಾಡಿದಿರ,0
Tik tok ogidke urkondu ಉಪ್ಪಿಟ್ಟು agore bro,0
Genuine information nimdhu,0
Luv from karnataka,5
super  sir,0
ಅಲ್ಲಾಉದ್ದೀನ್ ಯಾರು ಸರ್,0
En Anna nim mathgalu Mika 🤣🤣🤣🤣instadalli sigtave bidi anna,2
amazing music,0
ಯಾಕಲೇ ಮಗನೆ ಎಲ್ಲಾದ್ರೂ ಕಡಿದಿದೆಯಾ,2
We want hindi song,5
Plz rerelease movie again,5
Devru nimge olledu maadli,0
Super guru nice,0
Shankranna= RakshithnUppi Dada= Rishabh,0
Yena editing guru,2
ಇದು ಪಕ್ಕ ಚರಿತ್ರೆ ಸೃಷ್ಟಿಸೋ ಅವತಾರನೇ....,0
Super song,5
Sir.. 5paisa.com adara bagge video madi... Open madodhu hege and close madodhu hege antha... Plz sir,0
Namdu mind set hege Andre,1
KEERTHAN KUMAR ಅದು ಒಂದ್ ಪದ ಬಿಟ್ಟು ನೋಡು,0
ನಿಜಾ ಬ್ರೋ ಜೈ ಹಿಂದ್,0
Tiktok sede galu,3
Hindi me kab aygi ye movie,5
ಚಂದನ್ ಶೆಟ್ಟಿ ಟ್ರೊಲ್ ವಿಡಿಯೋ ನೀವು ನೋಡಿ ನೆಗಡ್ಡೆ ಇದ್ರೆ ನಾವ್ ಗ್ಯಾರಂಟಿ,0
@Doavi samstana movie gellutte nAamele Jana promotion maadthare,0
ಕೊಳ್ಳುತ್ತಿರುವ ಕೊಬ್ಬರಿ ಮಿಥೈ ಮುಖದವಳು nnಚೆನ್ನಾಗಿ ಬೈತೀರಾ ಸರ್,0
Waiting for hindi nLike .......,5
Music ultimate guru estu saari keldru kelbeku ansuthe,0
Super kannda super,0
Tiktok ದೂಳು ivathinda,1
ಗುರು ಎಲ್ಲಿದ್ದೆ ಗುರು ಇಷ್ಟು ದಿನ🤣,0
I'mGM million  0pp0.,5
ರಮಾ ರಮಾ ತುಸು rutha ಜಾರಿಪ,0
No.1 in trending,5
shambhu baligar superr,5
Avane sriman narayana,0
Yenthadu Sir... Northnalli promotion yavaga maadthiri ??? Namge eh film gellalebeku ...damayya marre,1
RAKSHIT SHETTY style awesome,5
I love you Vvvvvvvvvv......,5
Sir nange ashwath sir andre praana..nan appana hage iddru.. avranna kalkonda dukka tumbaa ide nange..and I respect u tooo sir...god bless u sir..,0
@Vinay Vn kannadalli helu bro gothagalla english  idu remake a?,1
What a song  Jai Kannada,0
Super  songs,5
Arjun janyan karkond bandu music kelisiri,0
@ֆաǟʍʏ ɢօաɖǟ ನಿಜ...nnಆದ್ರೆ ಆ ಗೆಲುವು ಇತಿಹಾಸ ಆಗ್ಬೇಕಂದ್ರೆ ಎಲ್ಲಾ ರೀತಿಯ ಪ್ರಯತ್ನಗಳು ಆಗಿರಬೇಕಾಗುತ್ತೆ,0
Please intha cinemagalannu     gellisona ......namma hemmeya Kannada cinema,0
Tiktok Dattu putra🤣 ugeeri inna,0
ನಿಜ ನಾ ಇಷ್ಟು ಚನ್ನಾಗಿ  ಹೇಳಿದಿರ,0
@MADHU S B,5
@satishnithyanandam nin yogyathege meeri mathgal aadbardu.,2
Moon ( ಚಂದ್ರ ) ಇಲ್ಲ ಅಂದ್ರೆ !!,1
@Kiran Shali ಲೈ ಶ್ಯಾಟ ..... ನಿನ್ ಅಯ್ಯನ್.... ಯಾವ ಪ್ರಶ್ನೆ  ಕೆಳ್ದೆ ನೀನು  ಕೋಡು ನಿನ್ ನಂಬರ್ ಇಲ್ಲಾ  ಆಡ್ರಸ್ ಕೋಡು ದೆವ್ರಾಣೆ ಡೈರೆಕ್ಟ್ ಆಗಿ ಉತ್ತರ ಕೊಡ್ತೀನಿ....,2
Film matra sakattagide,0
Mastu mastu... Idu Idu bekagirodu...,0
Still no 1 trending,0
Hollywood ge kanoo,0
Super song vj,0
ಆದರೆ ನಿಮ್ಮ ಕಾಮೆಂಟ್ ಗೆ ಲೈಕ್ ಮಾಡಿದವರು ರಕ್ಷಿತ್ ಫ್ಯಾನ್ಸ್,0
@Nature  You tube ಕನ್ನಡದಲ್ಲಿ ಹೇಳಬೇಕೆಂದರೆ - ನೀನು ಕೊಳವೆ .....🤣🤣,2
RS haadugalella haagene bro,0
Anna canagi helidira,0
super super super song...,5
ಸಖತ್ song. ವಿಜಯ್ ಪ್ರಕಾಶ್ ಧ್ವನಿ,0
Hindi illa Andre 300 crore agodu dream ashte,0
Making supper...... Amazing...,5
@prithvi nayak ನಿನ್ ತುಲ್ಲಗೆ ಬಕಾರ್ಡಿ ಬಿಯರ್ ತುರ್ಕಾ,2
ಹಿಂದಿ ಸಾಂಗ್ ಬಿಡಿ ಸ್ವಾಮಿ ಒಳ್ಳೇ ಕಲೆಕ್ಷನ್ ಆಗುತ್ತೆ,0
naavu childhood days valag e story kelidde,0
ಯುದ್ಧ ಮಾಡಬೇಕು ಓದಬಾರದುnಕಟುಕರ ಮುಂದೆ ಭಗವದ್ಗೀತೆ.... nnಇದು ಚರಿತ್ರೆ ಸೃಷ್ಟಿಸೋ ಅವತಾರ ರಕ್ಷಿತ್ ಅವರದ್ದು...,0
Jai ASN Rakshith shetty,5
Make it 100,5
Bro ninna uru yavdu,0
@VIKRANTH DHANUSH Handsup kannada pada yenu? Polsaru yava pada use madtare?,0
Sir super matadidre,0
WOW MASTH MUSIC,5
ನಮ್ಮನೆಗು ಬಂದು ಮಜ್ಜಿಗೆ ಕೇಳಿದ್ದ,0
@prithvi nayak lo ಶಿಷ್ಯ ವಿಷ್ಯ ಗೊತಾಯ್ತಾ... ನಾನು ಇವತ್ತು ಥಿಯೇಟರ್ ಗೇ ಹೋಗಿದ್ದೆ ದಬಾಂಗ್ 3 ಅಡ್ವಾನ್ಸ್ ಟಿಕೆಟ್ ತಗೋಳೋಕೆ.. ಅವ್ರು ಹೇಳಿದ್ರು ಏಲಿಯನ್ಸ್ ಬಂದು ಟಿಕೆಟ್ ತಗೊಂಡು ಹೋದ್ವು 1000ಡೇಸ್ sold out anta... ನಂಗೆ ಸುರ್ಪ್ರೈಸ್ ಆಯ್ತು ಲುಚ್ಚಾ ಸುದೀಪ್ ಗೇ ಬೇರೆ ಗ್ರಹ ದಲ್ಲೂ ಫ್ಯಾನ್ಸ್ ಇದಾರೆ ಅಂತಾ omg.. !!!,0
Hi to get,5
Mallikarjun Mallikarjun 300nn     super,5
100% successful movie no dought prajwal bro congratulations,5
@naveen v ninna luccha ige modale kaddi swalpa body madkond baralu helu olle baavali haage eddane mattu omdu hit movie kodoke helu madirodella flop,3
Rakshasan Thamil BGM🤔🤔,0
ಇದೆಲ್ಲ ಪಬ್ಲಿಸಿಟಿ stunt ಇವ್ರ ಅಪ್ಪ ಮಾಡಿದ್ ದುಡ್ಡೇಲ್ಲ ಚಿಂದಿ ಉಡಾಯ್ಸಿ ಇವಾಗ ಕಳ್ಳ ಕಣ್ಣೀರ್ ಹಾಕ್ತಾವ್ನೆ,0
Appu boss prajwal sir,5
Guru nakn enu madbekitu guru ninu avr ajji nam dhesha dalli uti a china desha ke utiro hange Madtare tu evr janmake est benki haka,0
Howdu 100 percent,0
@bindugowda  blast full,5
ತಪ್ಪು ಏನು ಇಲ್ಲ drive ಮಾಡಿದ್ರೇ. ನಿಮ್ಮ ಬಗ್ಗೆ ಬಹಳ ಹೆಮ್ಮೆ ಇದೆ. ನಮ್ಮ ಬಹಳ ಯುವಕರು ಕೆಲಸ ಮಾಡದೇ ಕುತಿದ್ದಾರೇ. ಅವರಿಗೆ ನೀವು ಒಂದು ಮಾದರಿ.  ಶ್ರೀಮಂತಿಕೆ ಗುಣದಲ್ಲಿ,0
Suprb acting yaar...,5
rana song guru my boss singging vijay prakash love  u sar,0
Jai D Boss,0
.evrytime u watch u will get different feelings dat s da power f asn,5
Nanu 2 sala nodidini,0
ಇದು  ಚರಿತ್ರೆ  ಸೃಷ್ಟಿಸೊ  ಅವತಾರ... ನಮ್ಮ  ನಾರಾಯಣ....,0
@psushilshankar ENT.,5
Basavaraj Marennavar McCartney,5
Ye movie hindi mein hogi k nahi,5
Bro  ಬಹುದಿನಗಳ  ಆಸೆ  ಫಲಿತಿ ಸಿತಮ,0
Anjali Devi Hi,5
Guru sakathage helde....nin superb. ...superb ashte,0
ರಕ್ಷಿತ್ ಶೆಟ್ಟಿ ಕನ್ನಡದ ಬೆಲೆ ಕಟ್ಟಲಾಗದ ಮಾಣಿಕ್ಯ,0
Eh Tiktok ela Andre nimanatha troller kooda Mundhe bartirlilia,2
No.1 trading guru....ASN,5
Bro game name,5
Really superb.... Future Super star Rajinikanth,0
Supar anna supar,0
Nam janakke love story iro movie Andre bari romance,0
Kannada industry alli hosa dakale baryok bandavn yar avnu.......avane sreemannarayana,0
Olle msg bro..... Sakath agi helidira.....,0
Like for singer #vijayprakash,5
Super song nam Kannada song,0
Meaningful video bro,5
Super movie 200days paka super guru see once dis movie,0
ಚಾಲೆಂಜಿಂಗ್ ಸ್ಟಾರ್ ದರ್ಶನ್ ಅಭಿಮಾನಿಗಳ ಕಡೆಯಿಂದ All the best......,0
ಇದು ಚರಿತ್ರೆ ಸ್ರಷ್ಠಿಸೋ ಅವತಾರ,0
Nija nivu mahabaratha nodilva,0
ಕರಾವಳಿ ಜನರಿಂದಲೇ ಕನ್ನಡದ ಘಮಲು,0
I like mindrika,5
Gali matina tune best,0
Vijay prakash voice,5
super bro bikat china,5
ಸರ್ ನೀವು ದುಡಿದು ಬದುಕ್ತಿದಿರ,0
ನಮ್ಮ ಉರೀನ ಟ್ಯಾಲಂಟ,0
@AKSHAY ANAND n 1,5
കേരളത്തിലെ നല്ലവരായ സിനിമ പ്രേമികളുടെ ഏറ്റവും പ്രിയങ്കരനായ nRakshit shetty nWe Love u rakshitt shetty nHANDSUPnVijay prakash sound make its more beautiful,5
@Pramod Kal,5
Hagadare kaleyugaku antya edhe antha aytu ero ast Dina enjoy madkond erbekappa,1
ನಾನು ಕೂಡ ಬಿಟ್ಟಿಯಾಗಿ ನೋಡಿದೇನಿ ನನಗೆ ಒಂತರಾ ಮನಸ್ಸಿಗೆ ನೋವು ಆಗ್ತಾ ಇದೆ ನಾನು ಸಿನಿಮಾ ಗೆದ್ದಿದೆ ಬಟ್ ದುಡ್ಡು ಬರಲಿಲ್ಲ ಸಿನಿಮಾಗೆ,1
Music kelta erbekanisutade,0
RAKSHIT SHETTY ಅವರ ನಿಜವಾದ ಅಭಿಮಾನಿಗಳು ನಮ್ಮ ಚ್ಯಾನೆಲ್ ಗೇ SUBSCRIBE  ಅಗಿn,0
Houdu Ri Promote Matadbeku,0
En ugdde guru adru nam janake budi barala bro tiktok elde edre saytivi antare thoo,0
By mistakly nimma ondu video nodi subscribe agbitte  keep it up bro,0
Tugari tippa super...,5
E song ge tik tok madidavaru like madi,0
Epic comment....,5
ಹೌದು ಹುಲಿಯಾ 🤣🤣,1
Plz make in Hindi,5
@TROLL MONSTER_KANNADA bande iru haktini nim amman tulge sule khaan,2
Super song .... Kannada,5
Hata best D Boss fans,0
ಶ್ರೀಮನ್ನಾರಾಯಣ  ದೇವರ ದರ್ಶನ ಮಾಡಲೇ ಬೇಕು,0
Spr kannadiga 🤘🤘,0
Idu chatire srushtiso avatara,0
Togir tippa sotre super,0
Tika hogibeku avlige,2
Kannada or Tamil?,5
@gowtham gowtham Kiccha nimamman oorsoole nimammam thullige bale sigskondu keythivi hushaaru sik sikkid kade thika kodtha edre hardu oorbaglu madthivi amele doctorgu holge jaga erbardu hange keythivi beware bale pans 🤣🤪,2
Woooooooowwwwwwoooooooowwwwooo rakshith shetty bro,5
@Hemanth kumar v 404,5
Vp sir super sir,0
Ban agoithalla bro Inna yenidhru tamte saddhu yerd steppu  ashte,0
igun kaldalli 60 years badkodhe kasta 5000 varsa irtara yakro janara inocentna use madkotira,3
Nikal lowde osmmm dialogue bro.....,4
ಇದು ಚರಿತ್ರೆ ಸೃಷ್ಟಿಸೊ ಅವತಾರ,0
Nice sir.but message madidre reply madalla tavu yella dove,1
I support your videos bro,0
ಸೂಪರ್  ನಾಯಕ,0
ತೊಗರಿ ತಿಪ್ಪ ಹಾಸ್ಯ ಚಟಾಕಿ ಸುಪರ್,0
Yavano avnu sade nan maga tiktok eno kitthakide anthane.. Modlu tilkondu maathado... Bro next video aaa sade nan magan mele maadi...its  request plz bro.. And loved ur video,2
ತೊಗರಿ ತಿಪ್ಪnಜಾನಪದ ಹಾಸ್ಯ ತುಂಬಾ ಚೆನ್ನಾಗಿ ಇದೆ ಡಾ.ಶಂಭು ಬಳಿಗಾರ ರವರಿಗೆnಧನ್ಯವಾದಗಳು,0
ನನಗೆ ಈ ಹಾಡಿನಲ್ಲಿ ಜಾಸ್ತಿ ಇಷ್ಟ ಆಗಿದ್ದು ಕನ್ನಡ ಸಾಹಿತ್ಯ ಮತ್ತು ಹಿನ್ನೆಲೆ ಸಂಗೀತ ಅತೀ ಮುಖ್ಯವಾಗಿ ಅವನ ಗತ್ತು ಮತ್ತು ನಟನೆ,0
ಇದು ಚರಿತ್ರೆ ಸೃಷ್ಟಿಸೋ ಅವತಾರ,0
ಇದರಲು ಅಂಗ್ಲ ಇದೆ,0
ಮಸ್ತ್ ಇದೆ ಗುರೂ,0
@s s Islam ಎಲ್ಲ ದೇಶಗಳಿಗೂ ಮಾರಕ .,1
Estella troll madidru roast madidru konege deshakke ago nastada bhagge gothadru inna tiktok vahiskondu bartharandre evrgella yen anbek guru...??. nnikal lawde,0
Yelrgu valya insperation,0
Anna Shankar Nag is back.....,0
Mr naveen raj Yenu nim Uddesha??n Nanu D BOSS Fan,2
Navu kuri Alla guru kaliyugada kaligallu,2
Ethu guru Song Endare,0
@funny videos nAyyo Mang badde thadhe.. n ಅಚ್ಚಗನ್ನಡ ಹಚ್ಚಗನ್ನಡ.nಅಚ್ಚಗನ್ನಡ ಸಾಮಾನ್ಯವಾಗಿ ಬಳಸುವುದು ವಾಡಿಕೆ.nಹಚ್ಚಹಸಿರು ಪದದಲ್ಲಿ ಹಸಿರನ್ನು ಉನ್ನತೀಕರಣಗೊಳಿಸಿ,2
OUR Karnataka is great state in india,5
Super bro sari yagi heldde,0
Jai ASN @Paramvah Music,0
@Devikumari BK tunne unno hogo,2
ಸಾರ್ ಕಾಯಕವೇ ಕೈಲಾಸ ಹ್ಯಾಟ್ಸ್ ಆಫ್ ನಿಮ್ಗೆ ನಿಮ್ಮಿಂದ ಒಂದು ಪಾಠ ಕಲಿತೆ ಅದು ಕೆಲ್ಸ ಯಾವುದೇ ಆಗಲಿ ಅದನ್ನು ಶ್ರದ್ಧೆಯಿಂದ ಮಾಡ್ಬೇಕು ಅನ್ನೋದು ಧನ್ಯವಾದ ಸಾರ್ ನಿಮ್ಗೆ,0
ಈ ವಿಡಿಯೋ ವನ್ನು 10m views ಆದಮೇಲೇ ನೋಡುವವರು,0
basavaraj tambak artha madbeku movie na movie thara nodbeku,0
@Rajath Kunte okay.,5
E song alli flare gun ide,5
Tande yante maga kooda swabhimaani mattu swavalambhi jeevana nadesuthiddare.hats off sir.,0
Nam  karnatakdallu bandidru yavno huchha andkond nodoke hogilla,2
Thooo ni chanalge nai maga,2
Oh houda e matter electronic media expose madilla ? Avarige illa da information ninge banta ?,2
Hands up gun looks like flare gun nIn pubg,5
Song super Ede bro,0
Krishna mosake.....Karna.. Duryodana.. marana ondidaru... Avaranu solesalu.. pandavarige sadyane Ella....,0
Chennagide eno suspense ide,0
I love you sir,5
ದಿನಾಲೂ ನೋಡರ ಲೈಕ್ ಮಾಡಿ,0
Heege innu chennaga bairi e chena nanmaklige App Ban madidd olled aytu hage avru kade tariskollo 3000 things stop madbeku aga buddi barutt avrge,3
Gauri Keshav thookada mathu,0
Dayanand 123 ಕಮಕಲಲ,0
ಅವರ ಇಚ್ಛೆಯಂತೆ 300 ಕೋಟಿಗೂ ಮೀರಿ ಕಲೆಕ್ಷನ್ ಮಾಡಲಿ,0
Nkn last dialogue lit,0
ಚಿನಾ ಎನನಾ ಉತ್ಪಾದನೆ  ಮಾಡಲಿ ನಿನು ನಿನದೇಶ ಉತ್ಪಾದನೆ ಮಾಡಿದ ವಸ್ತುಗಳು ಉಪಯೊಗಿಸು  ನಮ್ಮ ಗಿಂತ ದೊಡ್ಡದೆನು ಅಲ್ಲ  ಭಾರತೀಯರನ್ನು  ನಿನ್ನ ಅತಿ ಬುದಿವಂತಿಕೆಯಿಂದ ಕಿಂಚಪರಿಚಬೆಡ,2
Yenu tappilla guru ...,0
Wonderful song.,5
Awesome song guru,0
@TROLL MONSTER_KANNADA adikke hendhi kivi na hardu jail ge hoda sule maga yaruu,2
Super guru snLlnLlnnL,5
ಮೂವಿ ನೋಡಲು ವೇಟಿಂಗ್ ನಲ್ಲಿ ಇದ್ದೀನಿ,0
ಆಂಗ್ಲ ಭಾಷೆ ಬಳಸೋ ಕಾಲದಲ್ಲಿ ಅಚ್ಚ ಕನ್ನಡದಲ್ಲಿ ಸಾಹಿತ್ಯ ಬರೆದಿರುವ ಬರಹಗಾರರಿಗೆ ಕೋಟಿ ಕೋಟಿ ನಮನಗಳು,0
supper bro 100%,5
L in in? Pkk I,5
#1 ON TRENDING,5
@jeevan gowda ಧನ್ಯವಾದ.,0
Ee time ge wait madtidde,0
ಚಂದನ್ ಶೆಟ್ಟಿ ಟ್ರೊಲ್ ವಿಡಿಯೋ ನೀವು ನೋಡಿ ನೆಗಡ್ಡೆ ಇದ್ರೆ ನಾವ್ ಗ್ಯಾರಂಟಿ,3
I never expect a Kannadiga troll like. I am Impressed so I liked it. Keep rocking. jai hind jai karnataka,5
ಅಜನೀಶ್ ಏನ್ ಮ್ಯೂಸಿಕ್ ಗುರುnಬಾಲಿವುಡ್ ಸಾಂಗ್ಸ್ ಗಿಂತ ಚೆನ್ನಾಗಿದೆnWaiting for fdfs,0
Albedi sir  novaaguthe sir Neev albaardu,0
Solpa beat jor madbekagittu,0
ಸರ್ pls contact 9743436877,0
Super video bro,5
ಈ ಚಿತ್ರದಲ್ಲಿ ಯಾವ್ ರೇಂಜ್ ಗೆ ಗ್ರಾಫಿಕ್ಸ್ ಮಾಡಿದ್ದಾರೆ ಅಂತ ಮತ್ತೊಬ್ಬ vfx ಆರ್ಟಿಸ್ಟ್ ಗೆ ಗೊತ್ತಾಗೋದು,0
Hindi elitha handig uttad hadbi nan magne,0
Jai hind  guru  nimge  ondu     super  agi madidira   Hinta  nanna makkalige nanna  deshada bagge enu gottu Avarige   tiktok Alla nale  avaru  sattu  hogtare alva   tiktok nu baralla tamte hodiyakke  Janru baralla   adannu  tiktok madkondu  Aram agirli anta  tiktok madi kalastare nanna makligennnAll videos  super  guru  nim no send madi,3
ಹೌದು  ನಮ್ಮ ಬರೀ ಕಣ್ಣಿಗೆ ಸಾಸಿವೆ ಗಾತ್ರದಲ್ಲಿ ಮಾತ್ರ  ಕಂಡರೆ,0
@vyv v even Producer for KP,0
hi chandra kanth.. UK andre kelvu shettys ge ulidavaru kandante film antha sudden aagi gottagalla.. UK,2
ಪ್ರಜಾಕೀಯ ಇದಕೆಲ್ಲ ಪರಿಹಾರ. ಹಾಗಂತ ನಾನು ಮೋದಿಯವರನ್ನ ವಿರೋಧಿಸಿ ಅಂತ ಹೇಳುತಿಲ್ಲ. ಮೊದಲಿಗೆ ಕರ್ನಾಟಕದಲ್ಲಿ ಪ್ರಜಾಕಿಯ ಸ್ಥಾಪಿಸಿ,0
Idu nimage hege gottaytu?,0
Super Ri Nijvaglu Nevu Creative Kannadigane,0
LOVE FROM KICCHA FANS🥰,5
@AJITH S SHETTY appreciate madtaidane guru,2
ಹೊಸ ಪ್ರಯೋಗ ಯಶಸ್ಸು ಸಿಗಲಿ.,0
Bro super aagi Ode kottidiya manga nann makkalige...,3
@Sudeep K N ಹೌದು ಹುಲಿಯ ಜೈ ಹುಚ್ಚಾ ವೆಂಕಟ ಸೇನೆ.......,0
Excellent  anna super,0
+Shivanand Kattimani  12. 9 .2018,5
@TROLL MONSTER_KANNADA nim maneg bande iru ning hosa tengi sigtale 4monts admele soo be happy bro nim amman sule magne,2
ಬೆಂಕಿ ಕಣ್ರೀ ನೀವು,0
Nan sigapu manithan remake.,5
ಹೇ ಕಥೆ ಕತೇನೇ ಮಗ nಅಂಬೇಡ್ಕರ್ ಯಾರು ಗೋತಾ ಅದು nನೀವ್ ಹೇಳ್ತೀರಲ್ಲ ಕಲಿಯುಗ..ದೊರೆ  ದೊರೆ ನೇ ಇದು ಕರ್ನಾಟಕದಲ್ಲಿ nDPS ಕರ್ನಾಟಕ ದಲಿತ ಪ್ರಜಾ ಸೇನೆಯ ಸಾರಥಿಗಳು,2
Looks like Rango,5
Wt a question bro,5
10 ಮಿಲಿಯನ್ ವಿವ್ಸ್ ಆಗುತ್ತೆ ಅನ್ನೋರು ಲೈಕ್ ಮಾಡಿ,0
ನಾವು ಚಿಕ್ಕರಿದ್ದಾಗ ತೊಗರಿ ತಿಪ್ಪನ ಕತೆಯ ಕ್ಯಾಸಟ್ ಹಾಕಿ ಕೇಳಿ ಬಿದ್ದು ಬಿದ್ದು ನಗುತ್ತಿದ್ದೆವೆ. ಅದೇ ಕತೆಯನ್ನು ಈಗ ಕೇಳಿ‌ದರೆ ಮತ್ತೆ ಮತ್ತೆ ಅದೇ ನಗು...nಈ ಕತೆಯನ್ನು ನಮ್ಮ ಉತ್ರರ ಕರ್ನಾಟಕದ ಗಂಡು ಭಾಷೆಯಲ್ಲಿ ಅತ್ಯುತ್ತಮ ಹಾಸ್ಯ ಚಟಾಕಿಗಳೋಂದಿಗೆ ಹೇಳಿದ ಡಾ|| ಶಂಭು ಬಳಿಗಾರ ಅವರ ಈ ಕಾರ್ಯ ಅತಿ ಶ್ಲಾಘನೀಯ. ಇಂತ ಕತೆಗಳು ಕನ್ನಡದಲ್ಲಿ ಹರಿದು ಬರಲಿ...nಇಂತ ಜಾನಪದ ಹಾಸ್ಯ ಚಟಾಕಿ ಹೇಳಿದ ಡಾ|| ಶಂಭು ಬಳಿಗಾರ ಇವರಿಗೆ ಒಂದು ದೊಡ್ಡ ನಮಸ್ಕಾರ......,0
Super cool nice,5
Jai d boss,0
Hands up for Vijay sir,0
This song is like drink,5
Sir nimma pH no kodi sir trip eruvaga nimma cab joteyali hogtivi nimmaantvaru chanagierabeku n yela snhytru adstu evar cab book madi  ethara madidre  swalppa helf agbwdu friend s gn,0
Film re realise madi,0
Song like kotigabba 2 track,0
Best heroine n Shanvi- likenRashmika - comment,5
Make it in Hindi also,5
@Creative Kannadiga ಹೂ ಅಣ್ಣ ನಿಮ್ಮ ವೀಡಿಯೋ ದಿನಾ ನೋಡ್ತೀನಿ ನಾನು ತುಂಬಾ ಚೆನ್ನಾಗಿ ಮಾತಾಡ್ತೀರ ನಾನು ಲಾಸ್ಟ್ ಅಲ್ಲಿ ತಮಾಷೆ ಮಾಡ್ದೆ ಅಷ್ಟೇ ಅಣ್ಣ ಹೀಗೆ ನಗಿಸುತ್ತಾ ಇರೀ ಅಣ್ಣ ಆ ದೇವರು ನಿಮಗೆ ಒಳ್ಳೇದ್ ಮಾಡ್ಲೀ.....ತುಂಬಾ ಥ್ಯಾಂಕ್ಸ್ ರಿಪ್ಲೈ ಮಾಡಿದಕ್ಕೆ ಇದರಲ್ಲೇ ಗೊತ್ತಾಗುತ್ತೆ ನೀವು ಅಭಿಮಾನಿಗಳನ್ನ ಎಷ್ಟು ಪ್ರೀತಿಸುತ್ತೀರಾ ಅಂತ,0
Anna nenu super super Anna,0
Ban maadirodakke tumba thanks matte ee tara aap barde irali,0
En song guruve I love this song K G F bitre ede super movie guru.......super,0
Rekshith shetty kerala fans,5
Sir kudlard ereg yanna namskara and salute,0
Neen super guru🤩🤣,0
Appa geddhamele maga geddhage  sir ur great,0
Helide guru ninu,0
ಇದು ನಿಜಾನಾ ಗುರುವೇ,0
Miikaaaaa Instagramers roast next Anna,3
Super Hands up,0
Pls trailer relonch madi ..bere chanel alli ..subscriber kadime ide e chanel alli...,0
STANY d Souza,5
@Kiccha Vitthal ನಿಮ್ಮ ಅವ್ವ ಹಾದರಗಿತ್ತಿ... ನಿನ್ ದೊಡ್ಡ ಷಂಡ,2
ನನ್ನ ಪ್ರಕಾರ ಈ ಫಿಲ್ಮ್ ಅನ್ನು re-release ಮಾಡಸಬೇಕು,0
@Nandi Parthasarathi Yello erodu ninu lowde,0
Movie yavaga boss,0
Full happinest day bro becuse nange e bindu gowdan diloug kelodik agtirlila beligge aadre saku nanfrds ella avl status ne hakondu poison kuddiror tara saytidru anways tiktok byan agiddu tumbane olle kelsa and neevantu sakkatttag troll madtira bro nim voice bro,2
Jai APPU BOSS,5
E song kelta idre eno ondu tara feel agutte. Enadru e music film nalli allalli saddu madta idre film pakka industry hit. All the best ASN from D BOSS FANS,0
Jai d boss,0
@prithvi nayak Roberrt bangada goth aagutte,0
ಕರೆಕ್ಟ್ ಬ್ರದರ್ love you bro,0
Re-release madisi sir ...nange ee film bagge ne gottirlilla... ee sali super hit guarantee...,0
Hands up ......... Super song,5
En super movie sir edu....ond ond seen kuda mans mutto tara ede,0
Sakkath Guru ..luv luv luv,0
Well said... That's an amazing idea like KGF did.,5
ಈ ಒಂದ್ ಸಾಂಗ್ ಸಾಕು ಬುಡು ಗರು ನೀನ್ ಗೆದ್ದೆ jai @rakshith shetty,0
@Hithu aradhya where??,5
hands upppppppp super song🥰🥰,0
I do like Guru Deshpande Movies. Im gonna rush,5
Ultimate  movi,5
I ammaddixctedrepeatrinserepeat guru,0
Origin...but grown up in kapu..nimge kannada barutta wow.,0
Super song like please,5
Super bro yalka  Tik Tok stars full rost,0
ನಿಜಕ್ಕೂ ಇದು ಚರಿತ್ರೆ  ಸೃಷ್ಟಿಸೊ ಅವತಾರ,0
Suites for pub dances,5
Hindi.. Where...?,5
Idu charitre shristisuva avatara...... 100%....,0
ಗೋಲ್ಡನ್ ಸ್ಟಾರ್ ಗಣೇಶ್ ಅಭಿಮಾನಿಗಳಿಂದ all the best,0
ಒಂದು ಶಿಕಾರಿಯ ಕಥೆ.. ಆಗದೆ ಇರಲಿ ಪ್ರೇಕ್ಷಕರಿಗೆ ವ್ಯಥೆ..nಜೈ ಕನ್ನಡ..,0
ನೀವು ಈ ತರ ಪ್ರಯೋಗಾತ್ಮಕ ಮೋವಿಗಳನ್ನೆ ಮಾಡಿ  ನಿಮ್ಗೆ ಈ ತರನೆ ಸೆಟ್ ಆಗೋದು,4
Fix CCTV ......confirm,5
Shankar Nag is back 🤗,5
ಏನು..... ಬರಿ ಕತ್ರಿನಾನ ಮಾತ್ರ ಜೋಕಾಲಿ ಅಡಿಸಬೇಕಾ ? ನಮ್ ನಾರಾಯಣ ಯಾರಿಗೂ ಕಡಿಮೆ ಇಲ್ಲ 1,0
@TROLL MONSTER_KANNADA le sakat dialouges kanla..... next nim boobs film ge neene ide dialouges na haakolli.... hengidru ade thaane yelru maathadodu.... film nodkondu yella fans galu obrann obru baikond iri....🤣,2
Namma manege bandidru avarige nanu nan dress kottu aliside,0
avAnE shriMAN NaRAyana..,0
ತಂದೆಗೆ ತಕ್ಕ ಮಗ..,0
Rashmika andre yaru guru nThukali sule edalala avle erboda,2
ಚಂದನ್ ಶೆಟ್ಟಿ ಟ್ರೊಲ್ ವಿಡಿಯೋ ನೀವು ನೋಡಿ ನೆಗಡ್ಡೆ ಇದ್ರೆ ನಾವ್ ಗ್ಯಾರಂಟಿ,0
ಭಾರೀ ಚಲೋ ಅಯ್ತ್ರಿ,0
Super bro nivu,0
Hands up anta kottaddu yella language li onde title irli anta...yar opputtiri  illi like madi...,0
ಸಾಂಗ್ ಸೂಪರ್ ಆಗಿ ಆಡಿದಿರ ಅಣ್ಣ,0
@shivanand medegar ಅಲ್ಲಿ ಕೂಡ ಕೆಲಸ ನಡೆಯುತ್ತಿದೆ 🤣🤣🤣,0
ರಣಧೀರ ನೆನಪಾದ ರಕ್ಷಿತ ಜಾದಲಿnರಣಭೇಟೆಯಾಡುವ ರಾಕ್ಷಸ ದಾರಿಯಲಿnರಕ್ತಚರಿತ್ರೆಯೋ ರಕ್ಕಸನ ಕಥೆಯೋnನಿಗೂಢ ಮನೆಯೊಳಗೆ ನಡುಕ ಹುಟ್ಟಿಸೋnಸಿನೆಮಾ ಪರದೆಯ ಹಳುಗುಣಿಯೊ.....,0
Nivu heliddu ondu ondu maathu  sathyanee,0
ರಶ್ಮಿಕ ಗಿಂತ ದಿಯಾ ಅವರ ನಟನೆ ತುಂಬಾ ಚೆನ್ನಾಗಿದೆ....film antuu super,2
ಸೂಪರ್ ಫಿಲ್ಮ್...ಇನ್ನು ಎನು ಹೇಳೊಕಾಗಲ್ಲ...,0
Hats off sir nim Swabhimana and karya nishtege thumba Santhosha agutte sir nimg olle arogya success kodli antha devralli bedkothivi Munde niv natiso Ella cinemagalu uttama pradarshana padiyali,0
ನಿಮಗೆ ಒಲೆಯದು ಆಗಲಿ ಸಾರ್,0
Bye my virat,5
Unique tune.. Ade thamte,1
Super agi helidiya guru,0
ಗುರುಗಳೇ  ನನ್ನ ಹೆಸರು ಗವೀಶ್  ಕೊಪ್ಪಳ.nನಾನು ಚಿಕ್ಕವನಿದ್ದಾಗ ತೊಗರಿ ತಿಪ್ಪನ ಕಥೆಯನ್ನು  ಕೇಳಿದ್ದೆ,0
hai gaya husharaytha,0
My  song,5
Sakath anna nim haadu,0
Drona pandavara para iddre ivneke kouravara para iddana.????,0
signature step ishta adare ootu ondu like nsong super ansiddre bidu eradu comment.. nninu kannadiga adare,0
Actually point point nu bidsi supper aagi helidiya supppppppppeeeerrrrrbbb,0
Amazing song!..... Mind blowing.......!,5
Film nodidmele ee song ge addict aadavaru like maadinYalllrigu thanks for 1000 likes,0
ಎಷ್ಟ್  ಜನ  ASN ಸಿನಿಮಾ ನೋಡಿದ್ದೀರಾ ಹೇಳಿ  nಜೈ ಕನ್ನಡ,0
Sri filmna north Indiadali promotion jasthi jasthi Madi,0
@Shashank Shashu super bro,5
@Nandi Parthasarathi ನಿಮ್ಮ ಅಕ್ಕುನ್,2
@Mr goodboy Swami,5
Best Wishes #ASN!,5
Waa madiddare hige madbeku pan indian film ge,0
ಅವನು ಚಿರಂಜೀವಿ ಅದಕ್ಕೊಸ್ಕರ ಸಾಯದೆ  ದೇಶವನ್ನು ಸುತ್ತಾಡುತ್ತಾ ಇರ್ತಾರೆ,0
My name is re nu ka hai jo mujhe pasand nahi aayi,5
@pavan mohareer nತಪ್ಪೇನಿಲ್ಲ..nಆದರೆ ಎರವಲು ಪದಗಳ ಬದಲು ಅಚ್ಚಗನ್ನಡ/ಅಣ್ಣೆಗನ್ನಡ/ಹಚ್ಚಗನ್ನಡ ದ ಪದಗಳನ್ನು ಹೆಚ್ಚಾಗಿ ಬಳಸಲು ಒತ್ತು ಕೊಟ್ಟರೆ,0
ಹೌದು ಕನ್ನಡತಿ ಭುವನ ಅವ್ರೆ.ಜೈ ಕರ್ನಾಟಕ ಮಾತೆ.ಜೈ ಭುವನೇಶ್ವರಿ ತಾಯಿ.ಜೈ ಕನ್ನಡಿಗ.ಜೈ ಕನ್ನಡತಿ ಕಣ ಕಣದಲ್ಲೂ ಕನ್ನಡ.ಕನ್ನಡವೇ ಸತ್ಯ.ಕನ್ನಡವೇ ನಿತ್ಯ. ಸಿರಿಗನ್ನಡಂ ಗೆಲ್ಗೆ. ಸಿರಿಗನ್ನಡಂ ಬಾಳ್ಗೆ.ಕನ್ನಡದ ಭಕ್ತ ಶಿವರಾಮ್ ಗೌಡ ಮಂಡ್ಯ.6363014117.8296261615.,0
ಒಂದ ಮೂವಿ ಮಾಡೋಕೆ 7 ವರ್ಷ? ಅದಕ್ಕೆ ಸರಿಯಾಗಿ ಆಗಿದೆ. ಮುಂದೆ ಬೇಗ ಮಾಡಿ ಬಿಡಿ. ಇನ್ನೂ ಇದನ್ನೇ analyse ಮಾಡ್ಕೊಂಡು 7 ವರ್ಷ ಕುತ್ಕೊಬೇಡಿ. ನೋಡಿದ ಜನ anacin ಅಂತ ಇದಾರೆ ಆಬ್ಬ. ಆಡಿಷನ್ ದಿಯಾ ಅಂತ ಒಂದು ಕಥೆ ಮಾಡಿ.,1
ಕೆಲಸ ಬೇಕಾnCall to 8546903696,0
ಮೊದಲು ನೀನು ಟಿಕ್ ಟಾಕ್ ಡಿಲೀಟ್ ಮಾಡು ಗುರು,0
Fittest will survive. Ashwath olle actor aadre maganu ange aagbeku andre aagutta? Dr rajakumar tara avr maklu aagalla avr yavattidru avre. So illi acchari pado avashyakate illa.,0
sp song jai D. Boss,0
Good news sir,5
Super super super,5
Istu helidru innu tik tok ge support madoru manushyare alla nArta madkoli pls pls,0
ತುಂಬಾ ಕಾಡುತ್ತೆ ಈ ಸಿನಿಮಾದ ಕಥೆ.....nಈ ಸಿನಿಮಾನ ನೋಡಿದವರು..  ಕಥಾ ಶ್ರೀಮಂತಿಕೆಯನ್ನು..  ಭಾವನೆಗಳ ಭಾವವನ್ನು  ತಮ್ಮ ಮನಸ್ಸಿನಲ್ಲಿ ತಾವೇ ಅನುಭವಿಸುವುದು ಖಂಡಿತ........n# ದಿಯಾ # ಸರಳ ಸಹಜ ಸುಂದರ ಸಿನಿಮಾ......,0
ಯುದ್ಧ ಮಾಡಬೇಕು ಓದಬಾರದು ಕಟುಕರ ಮುಂದೆ ಭಗವದ್ಗೀತೆ ...,0
@anup kulkarni T-Series,0
Super d boss fans like,0
HistorynBefore sanvinAfter shanvi,5
Boss nivu Rashmi kinta jasthi belibeku,0
Super song,0
ಯಾರೆಲ್ಲ ಡಿಸ್ಲೈಕ್ ಮಾಡಿದ್ದಾರೆ ಅವರೆಲ್ಲ ರಶ್ಮಿಕ ಮಂದಣ್ಣ ಅವರ ಫ್ಯಾನ್ಸ್ ಇರ್ಬೊದು    nಪಾಪ ಉರಿತಾ ಇದೆ🤣..ನಮ್ಮ ತುಳುನಾಡಿನ ಪ್ರತಿಭೆನ ನೋಡಿ...,3
Kannada songs na dislike madbede,0
+Shivanand Kattimani 12 '.9,5
Super nataka Togari Tippa.,0
Idu kannadada chitra........,0
ನಾಲ್ಕು ದಿನಗಳಾದರೂ No.1 Trendingನಲ್ಲಿ ಇದೆ. ಈ ಜಾಗವನ್ನು ಯಾರಿಗೂ ಬಿಟ್ಟಿಲ್ಲ ಅಂದ್ರೆ ಅವ್ನ power ಹೇಗಿರಬಹುದು ಹೇಳಿ. Everybody Now Hands Up,0
THEATRE NALLI HUDUKIDRU 28 Jana datutilla Krishna Bangalore nalli odeya ge,0
Na gentleman tiktok banu  super guru,0
ದಿಯಾ ನೀವು ಸೋಷಿಯಲ್ ಮೀಡಿಯಾ ಅಲ್ಲಿ ಕಾಣ್ತಿಲ್ಲ.nದಯವಿಟ್ಟು ಪ್ರತಿಕ್ರಿಯಿಸಿ,0
Harisa ... SOOPER  annthamma.,0
ನಿರ್ಮಾಪಕರೇ ನಿಮ್ಮ ಅಕೌಂಟ್ ನಂಬರ್ ಕೊಡಿ ನಿಮ್ಮ account gge amount akabeku,0
Poorthi hadanna ACCHA KANNADALLI baridavarige abinandanegalu.....,0
ಅಚ್ಯುತಣ್ಣ ಕ್ಯಾರೆಕ್ಟರ್ ಯಾರಿಗೆಲ್ಲ ಇಷ್ಟ ಆಯಿತು........,0
Yarella e hadige edict agidira like Madi,0
Mastt AG helidna guru,0
super  song,0
Super bro. Im happy,5
Wow Super sang,5
ಶಂಕರ್ ಅಶ್ವಥ್ ಸಾರ್,0
Ok Bro.... Bt gurudeshpande avru tamilindane jasti movie na remake madtirodu..... Ok hego paapa nam prajwal ge ondu break sigli,2
Tiktok ban agirodrida tiktok madtidrala avr family avrig kushi agirute tumba deena ivr mada nodi sakagitu,0
Anna nivu comedy agi madila Andru yene madidru entertaining agi eruthe  keep rocking,0
Urkobetvre guru,1
ಕುಮಾರವ್ಯಾಸ ಅಂದರೆ ಗದುಗಿನ ನಾರಣಪ್ಪ ನವರ ಬಗ್ಗೆ ಅಭ್ಯಾಸ ಮಾಡಿ,0
Nammuralli bandidda nane One-up coffee bread kottu kalsde.....,0
Avra manelli yavagadru hoddu sayisudre gottagutte kittod nan maklige tik tok yak ban madbeku andorge saryagelidira bro,3
ಏನ್ ತುಕಾಲಿ ಫ್ಯಾನ್ಸ್ ಮರ್ರೆ... ಟ್ರೈಲರ್ ಬಗ್ಗೆ ಕಾಮೆಂಟ್ ಮಾಡೋದು ಬಿಟ್ಟು... ಆ ಫ್ಯಾನ್ಸ್  ಕಡೆಯಿಂದ ಅಲ್ ದಿ ಬೆಸ್ಟ್... ಈ ಫ್ಯಾನ್ ಕಡೆಯಿಂದ ಆಲ್ ದಿ ಬೆಸ್ಟ್... ಥು ಇವ್ರ ಜನ್ಮಕ್ಕೆ,3
Keli kadiruva bandhavarenBhuviyalli avana aritavarenYarilla bidi,0
Caller tune code piz?,5
n 0,0
ಸೂಪ್ಪರ್ ಅಣ್ಣ,0
@TROLL MONSTER_KANNADA ಓಹ್ ನೀನು ನಿಮ್ಮ ಮನೇಲಿ ಇವೆಲ್ಲ ಹೇಳ್ತೀಯಾ? ನಿನ್ನ ಅಮ್ಮನನ್ನ ಅಮ್ಮ ಅಂತ ಕರೆಯೊಲ್ಲ ಅನ್ಸುತ್ತೆ....  ಅಮ್ಮನ್ ಅಂತೀಯ ಅನ್ಸುತ್ತೆ.... ಓಹ್ ನಿನ್ ಮನೇಲೂ ನೀನು ತುಣ್ಣೆ ತುಲ್ಲು ಅಂತ ಮಾತಾಡೋದಾ??? ಗ್ರೇಟ್ ಫಾಮಿಲಿ ಕಣೋ ನಿಂದು....,2
Fake fake fake YouTube,5
Hindi DE re baba,5
Ayyo Vishal movie remake guru idu,3
Super togari tippa,5
ಗೆಲ್ಲಲೇಬೇಕು ಒಂದು ದಿನ nಗೆದ್ದೇ ಗೆಲ್ಲುವುದು ಒಳ್ಳೆ ಚಿತ್ರ,0
Unique talent of kannada,5
Rakshith ShettynRishab shetty nFans hit like here,5
ನಮ್ಮ ಕನ್ನಡ ಚಿತ್ರರಂಗ ವಿಶ್ವ ಮಟ್ಟದಲ್ಲಿ ಬೆಳಗಲಿ ಅನ್ನೋ ಆಶಯ ಇದ್ದವರು ಲೈಕ್ ಮಾಡಿ.,0
Good massage anna super,0
Syke SongnI am Full Fida....,5
Tamil fans hit like,5
Asn film nodoru like maadi,0
Super movie wow amazing ...,5
ಈ ಹಾಡು ತುಂಬಾ ಇಷ್ಟವಾಯ್ತು,0
Uttara pradeshada lakkinpura dalli shiva pooje madtidda,0
ವಿಡಿಯೋ ನೋಡ್ತಿರುವ ಎಲ್ಲ ಕನ್ನಡಿಗರು ಲೈಕ್ ಮಾಡಿ!,0
HINDI walo nLike pelo,5
Patrada parichaya iroru...e bandukigide Hale hesaru....is he mentioning ULIDAVARU KANDNTE????,0
Guru super yage yeldhe,0
@Chennabasamma Uma Lagu nodri cholo ithi film,0
Nammaneg bandidda mare full party,0
Anjali Devi Hi,5
Bahusha nanna jeevana kooda nimma dariyalle naditha ide sir hat's off sir nimma swabhimaanakke,0
Kannada padagala jodane adhbhutha,0
@Vishal Shetty BOSS na nodi urkobeku aste yenu nithkolake agalla,2
Telugu version upload madurri,0
Malayalam singer is good,0
ONDU LIKES ELLA,1
Good job shivu,5
ಎರಡೂ ಮಿಲಿಯನ್ ಆದಮೇಲೆ ಯಾರ್ಯಾರು ನೋಡ್ತಾ ಇದೀರ ಲೈಕ್ ಮಾಡಿ,0
@CHNADU Ganeshakar hlo ಹೇಳಪ್ಪ ಇದಿನಿ,0
shankaragouda desaigoudra super,5
Korlahalli tippa kavalur sidda. Anna tamma.,0
fan from jupiter !!!!,5
ಜೈ ಕನ್ನ ಡಗ,0
Rocking star Yash fans like here,0
ಈ ಸಿನಿಮಾ ರಿಲೀಸ್ ಆದ ಸಮಯ ಸರಿಯಿಲ್ಲ.... ಈ ತರ ಸಿನೆಮಾ ಸ್ಟೂಡೆಂಟ್ ಹಾಗೂ IT ವಲಯದವರಿಗೆ ಹೆಚ್ಚಾಗಿ ಇಷ್ಟವಾಗುತ್ತಿತ್ತೇನೋ...,3
Wow nice yavaglu keltane irbeku ansutte song,0
Super hero kannada in raksit,0
Annaya super troll,0
En song guru fidha agode....Idhu charithre srustiso avatharaaa... Signature step shuruhachkoli inna..,0
Must watch mother sentiment video..nதாயின் அருமை தெரிந்தவர்கள் இதை தவற விடாதீர்கள்.nn,5
ಪ್ರಪಂಚವನ್ನೇ ನಡುಗಿಸುತ್ತಿರುವ ಉಗ್ರವಾದ ಕರೋನಾಗೆ ಶಾಕ್!!nರೂ.50,4
ನಿಜವಾದ ಸಾಧಕರು. ಕಾಯಕವೇ ಕೈಲಾಸ,0
ಅಣ್ತಮ್ಮ ಸೂಪರ್ ಆಗಿ ಉಗ್ಧಿದಿಯ. ಬೋಲೋ ಮಕ್ಳಿಗೆ. ಬಾರ್ಡರ್ ನಲ್ಲಿ ಅವ್ರ ಅಪ್ಪ ನೋ ಅಣ್ಣ ತಮ್ಮ ಯಾರಾದ್ರೂ ಇದ್ದಿದ್ರೆ ಇತರ matadtirlilla bolimaklu,4
@kannadigaru S ninge nanu yenta helide maraya,0
@Alok Khr nobal price,0
@kushal kumar,5
Anna game yavdu,0
Soon may be next week,5
@Sunil Vd ಧನ್ಯವಾದಗಳು,0
ASN > KGF,1
Bega release madi sir... Hindi and other languages alli MASALA films na nodtidare jana ( actually khaali hoditide  ). E film annu release madi,0
ಚೆರಿತ್ರೆ ಸೃಷ್ಟಿಸೊ ಅವತಾರ ಯಾಕಂದ್ರೆ 5ನೇ ದಿನನೂ Trending No.1ನಲ್ಲಿದೆ,0
Dislike yav mahanbhavru madiradu  guru.!! Looks like promising trailer,1
Trending ...... Video.....Asn,0
Swalpa Shankar nag no did a hage kanuthe,0
Kateya kone channagilla,0
ಲೈಕ್ ಯಾಪಿ ಚಿನ್ನದ ತಾನೆ,0
I will watch,5
@Ŕävîñđŕå_02_GøWđřú noh Ravindra Lowdre.... naanu space nalli idini.... hudukikond baroke rocket beku.... nin yogyate ge adella illa bidu🤣,2
Super super super,5
Bro super bro,5
Mind blowing song..,5
video super bossu,0
Sakatag ede video brooo,0
ಉಸಿರ ಕೊನೆ ಕನ್ನಡ ಆಲ್ಬಂ ಸೊಂಗ್nಎಲ್ಲರೂ ನೋಡಿ ಹಾಗೂ ಚಾನೆಲ್ Subscribe ಮಾಡಿn,0
ಗುರು ಸುಪ್ಪರ್ ನೀವು,0
ರಕ್ಷಿತ್ ಶೆಟ್ಟಿ girl friend,5
@VARAPRASAD K K nin Amman thika nayi keyya dagaar darshan elladru neenu huttakintha munche nin appan munche koting kottidda ansutte soole magne nin amman dengaa,2
Avane sriman narayana...,0
ಪ್ರಜಾಪ್ರಭುತ್ವ ಕಾನೂನಲ್ವಾ ಅದಕ್ಕೆ,0
yakale.... Dbooos bagi matadtya,1
Super video bro,5
DIA  u ಖುಷಿ,0
Bro instagram nalli vagul dengorige edetara aapidri bro,3
ರಂಗೇರಿದೆ ಮಾಯಜಾಲ ಅನುಭವಿಸು ಓ ಪ್ರೇಕ್ಷಕನೇ...nnnಇದು ಚರಿತ್ರೆ ಸೃಷ್ಟಿಸೋ ಅವತಾರ....ಅವನೇ ಶ್ರೀಮನ್ನಾರಾಯಣ...nRakshit Shetty's Brilliance.,0
KGF CHAPTER 2,5
ನನ್ನ ಗೆಲ್ಬೋದು ಅನ್ನುತ ನಿಂದನು ಓರ್ವ ರಾಕ್ಷಸnnತಪ್ಪಲ್ಲ ಆದರೆ ಅದುವೆ ಊಹೆಗು ಮೀರಿದ ಸಾಹಸ,0
Avane Srimannarayana Trailer-BGM n          Re-Createdn,0
@Royal Rumble onde ond sari kelde...nFirst time....ashtond ishta aglillanMatte matte kelta idre....nIshta agta ide.... #Slowpoison,4
Simple star fans like madi,5
Bro game name plss,5
Super  bro,5
Gandu loafer jeena,1
ಈ ಸಾಂಗ್ movie ಅಲ್ಲಿ ನೋಡುವಾಗ ಫೀಲ್ ಬೇರೆನೇ ಇತ್ತು,0
Super  bro,5
Prithvi swalpa  otte kadme maadkoli ...you look good as well you need it as an actor...,2
Kannada nadu only,0
Song is ok.. but it looks remake of tiger zinda hai  song - swag se karoonga sab ka swagath..,1
Elru Thika muchkond iri nim build up galu nodok agtilla..producer gee enro kashta...??? Kashta irodhu Badavarigee..corona bandhu esht family sayta .idave..uta ildale esht himse agta idee avrige jeevna nadsoke maklige nettagee ondh otthu uta kodok agdale avrige help madi,4
Avara ಕಷ್ಟ keloke ಹೋಗ್ತಿರೋ ಕಣ್ಣೀರೊ ಅಕ್ಸೋಕೆ ಹೋಗ್ತಿರೋ ನಿಮ್ trp ಗೋಸ್ಕರ ಹೋಗ್ತಿರೋ gotte ಆಗಲ್ಲ nim ಮಿಂಡ್ರಿ ge ಹುಟ್ಟಿರೋ ನ್ಯೂಸ್ ಚಾನೆಲ್ ಬುದ್ಧಿ,0
Hands up anno pada ide alva 🤔,0
Haterless pan Indian simple star,5
Bosssuuuuu super innu ugibeku tiktok yak ban madbeku annorge,0
ಸೂಪರ್ ಬ್ರೋ ನಿಜ,0
ಕನ್ನಡ ಚಿತ್ರರಂಗದಲ್ಲಿ ಸಂಗೀತ ಮತ್ತೊಮ್ಮೆ ಅವನ ರೂಪದಲ್ಲಿ ಹುಟ್ಟಿತುnಯಾರ್ ಅವನು🤔?nಅವನೇ ನಮ್ಮ ಲೋಕನಾಥ🤩 ಅಜನೀಶ್..nMusic blasted,0
Prajakeeyada bagge videos madi please,0
Nija heludre heege,2
ಅಣ್ಣ ಏನೋ ಪಾ ನಿನ್ನ ಮಾತುಗಳಿಗೆ ಫಿದಾ ಆಗಿನಿ ಸೂಪರ್ ವಿಡಿಯೋ for tiktok haterS not tiktok lovers🤣,0
ಸೂಪರ್ ರಕ್ಷಿತ್ ಶೆಟ್ಟಿ ಸರ್,0
Different song,5
Bro starting baruttalla adu game name yaavdu plz heli bro plz,0
Superbly song by Vijay prakash,5
HOWDU bro nan nodidini TV yalli barthavne,0
Bhagya Lakshmi 9,5
ನಾರಾಯಣ ಸಂತ ಅವರ ಮಹಾಭಾರತದ ಪುಸ್ತಕದ ಮಾಹಿತಿ ಕಳುಹಿಸಿ,0
Very good dr,0
Fresh making n new step in kannada industry,0
Guru ninge naanu Dodda fan,0
Nan maga ge lali song wake up song ella  nu e song agide,1
ರಿಮೇಕ್ ಮಾಡಿ ವರ್ಷಕ್ಕೆ ನೂರು ಸಿನಿಮಾಗಳನ್ನು ಮಾಡುವ ಬದಲು...!ವರ್ಷಕ್ಕೊಮ್ಮೆ ಸ್ವಮೇಕ್ ಸಿನಿಮಾ ಮೂಲಕ ಬರುವುದು ಉತ್ತಮ..! ರಕ್ಷಿತ್ ಶೆಟ್ಟಿ,0
@Nikhil raj arya Nija kananna,0
@Nandi Parthasarathi ನಿನ್ ತುಲ್ಲಿಗೆ,2
ಹಂದಿಗಳ್ಯಾಕೆ youtube use ಮಾಡ್ತಿವೆ.....ndislike ಕೂಡ ಮಾಡ್ತಿವೆ..nnಇಂಥ ಸಾಂಗ್ dislike ಮಾಡೋರಿಗೆ ಎನ್ ಅನ್ಬೇಕು....,0
@Creative Kannadiga eno ond bid guru..nin maat keltirode chandaa....Aden matadtiya brochindi bro keep roasting,0
Enta song guru idu super,0
ಏನು ಅಂತ ಗೊತ್ತಿಲ್ಲ,1
ಆ 247 ಜನ dislikers  ರಶ್ಮಿಕಾ ಮಂದಣ್ಣ die hard fans  ಇರಬೇಕು..,3
ಸರ್ ನಿಮಗೆ ಇನ್ನು  ಸಿನಿಮಾದಲ್ಲಿ ನಟನೆ ಮಾಡೋಕ್ಕೆ ಚಾನ್ಸ್ ಸಿಗಬೇಕು,0
Super movie sir,5
ಈ ಹಾಡು ನೋಡ್ತಾ ಇದ್ರೆ ಶಂಕ್ರಣ್ಣ ನೆನಪಾಗ್ತರೆ,0
Mathondu video edre haki,0
One week salala .reach abeku ivag ela fast ide .nyc movie nodbeku etara agbhardu .node nodthare jana nodo tym ivag irbeku .etara agbhardu,4
Adhunika Shankar nag,0
ಅವನೇ ಶ್ರೀಮನ್ ನಾರಾಯಣ ಶೆಟ್ರು,0
ಬೇಡಾ ಈ ಕಚಡ ಶೋ ಗೇ ಬರೋದು ಬೇಡಾ ಸರ್,1
Syck bro ....heavy agi roast madtira...adrunu tiktokers tik kik app  nali saitare....,3
@vyv v hu kanappa gottu. Yash boss bitre yella avare copy paste gale remake stars,0
@Unity of India  ನಮ್ಮ ದೇಶದ ಹಾ ಪಾರ್ಟಿ ದೇಶ ವನ್ನು ತುಂಡು ತುಂಡು ಹಾಗಿ ಮಾಡ್ತೀನಿ ಅಂತ ಹೇಳ್ತಾರೆ ಇದಕ್ಕಿಂತ ದೊಡ್ಡ ಮಾತು ಬೇಕಾ kanniya  kumar,0
Chillere rajakarana dailoge super,2
ಕೇಳಿ ಕಾದಿರುವ ಬಾಂಧವರೇnಭುವಿಯಲ್ಲಿ ಅವನ ಅರಿತವರೆnಯಾರಿಲ್ಲ ಬಿಡಿ,2
super.nTogari Tippa Comody,0
Taro sule Makalu who is dis like gandugalu super vedios,3
king k  yav reeti badavru..?? Jati lekkana or powerty ??,2
Nin tula malanaleya asvat nama avru yar kanigu kanskalake esta padala akaamat kandru noddavru ale satogtare antadrali avne band docter baklu badudnante nin avunmakanleua hogi nin anta gandu galge hog helu kate na,2
Dia name meaning yenu,0
Lovely guru super,0
@Reginald Kelly hinge matad tidre adne madtini...,2
Avnige ella language matadoke barutta,0
Same syndrome namma maji cm gi itta??,0
According to my kannada hitttttttttttt song,0
BH cu VG,5
Nanu 14 sala nodidha movie idhu,0
Big fan - kerala,5
Sai Kumar diolauge anthu benki bro,0
ASHWATH SIR ACTING,5
Nice song i like,0
Idu idu.. (1.56)actually bekagiddu..osm music,0
Nijavaaglu adbhutha film plz encourage Kannada movie,0
ಆತ ಬರುತ್ತಾ ಅಲ್ಲಾ,0
His gun is like a flair gun,5
Girija Shivanada hi,5
ಸೆಕ್ಸ್ ಸೆಕ್ಸ್ ಸೆಕ್ಸ್ ವೀಡಿಯೋಸ್,0
ಇದು ಕನ್ನಡಿಗರ ರೋಚ್ಚಿಗೆಳಿಸುವ ಹಾಡು...,0
Vijay Prakash,5
Sry bro.... ಥಿಯೇಟರ್  ಅಲ್ಲಿ  ನೋಡೋಕೆ ಕರೋನ  ಎಫೆಕ್ಟ್  ಕೊಡ್ತಾ  ಇದೆ.... plz  ಡೈರೆಕ್ಟರ್ ಬ್ಯಾಂಕ್ ಅಕೌಂಟ್  ನಂಬರ್ ಕೊಡಿ ನನ್ ಟಿಕೆಟ್ ದುಡ್ ಹಾಕ್ತಿನಿ,0
@nkn havali neenu urkondirodakke replay madiyalla,2
Guru chaines apps yavyavu antha ondhu list kodi avna nam mobile ali instal madala,4
Supper i love my kannada ...,0
@Nandi Parthasarathi ನಿನ್ ತುಲ್ಲಗೆ 7ಅಪ್ ತುರ್ಕಾ,2
Telegram olag ella sigtirbekadre jana yak theotor ge hogtar heli.. Actully edu big mistek,3
Priswi Perera changide guru,0
Super guru,0
Salute to you Nusarath Nadaf,5
Marketing swalpa bekittu ansutte,4
@10 R hu bro name halmodakke,2
ದೇಶ ಬದಲಾವಣೆ ಆಗಬೇಕು ಸರ್,0
ಈ ಸಿನಿಮಾದಿಂದ ಗೊತ್ತಗುತ್ತೆ ಸಿನಿಮಾಕ್ಕೆ ಕಥೆ,0
Stand Up for  Hands Up Song,5
Nikistark x promotion chennagi idrunu bere language ge jaathi priority kodtare....nam state li kannada movie ge support madalla distributors..,4
@Manjunath BJP Jorapur yakpa,5
100 days pakka annoru like madi,0
Yaru tension agbede yakandre dislike madiravru mindrika kadeyavru🤣,3
After #ASN MOVIE,5
Bari ante kante Gale agoytu. Enadru solid proof torsri avar edare annoke.,3
U r great sir,5
ಟ್ರೈಲರ್ ಜಬರ್ ದಸ್ತ್ ಆಗಿದೆ,0
Well done,5
Super nimdu thuppu ella correct agi helidira,0
ಅಂತಾ ದೊಡ್ಡ ಮನುಷ್ಯನ ಹೊಟ್ಟೆಲಿ ದೊಡ್ಡಮನುಷ್ಯಾನೆ ಹುಟ್ಟೋದುಶ್ರಮ ಜೀವಿ ಸರ್ ನೀವು,0
ವೀಡಿಯೊ ಅತ್ಯುತ್ತಮವಾಗಿದೆ ಮುಂದುವರಿಯಿರಿ ಇದು ನಿಜವಾಗಿಯೂ ಈ ವೀಡಿಯೊವನ್ನು ನೋಡಿದ ನಂತರ ನಾನು ತುಂಬಾ ನಕ್ಕಿದ್ದೇನೆ,0
B hj 8550080942,5
Super movie I like so much,5
ಇದು ಚರಿತ್ರೆ ಸೃಷ್ಟಿಸುವ ಸಾಂಗ್,0
Kaltana maadoru...rowdism maadoro nodi kalibaeku ...,1
Super togare tippa,5
Super bro huge video madu Anna,0
Olledu ond pan India movie madro sumne yak eneno madkondu...,3
Super  maga,0
K.s  .karthik  yash  fernd  nanbarn9916102619  devaraj,5
Togari thipan hasya chataki supar,0
Super movie,5
ಡೈರೆಕ್ಟರ್ ಗೆ  ಶರಣು,0
Drivergalu yavttidru king  proud of my job,5
ಸೂಪರ್ ಹಾಡು ಶೆಟ್ರೆ,0
ಯುದ್ದ ಮಾಡಬೇಕು ಓದಬಾರದು ಕಟುಕರ ಮುಂದೆ ಭಗವದ್ಗೀತೆ.....nnnಇದು ಚರಿತ್ರೆ ಸೃಷ್ಟಿಸೊ ಅವತಾರ....,0
6-5=2 nalli nijvadh video antha posteralli nodide but movie nodida mele gotthaythu adu sulu antha,3
Yak guru ibrugu avarde aada talent ide yake eethara 1,1
Audience are customers,5
SUPERB SONG .........,0
Keli kadiruva bandhavarenBhuviyalli avana aritavarenYarilla bidi,0
Anna suprrrrrr sir,0
ಮಗ ನಿನ್ ಪ್ರಾಸಬದ್ಧ ನಿರೂಪಣೆ ಗೆ ಫಿದಾ ಆಗೋದೇ new subscribe ಮಗ ಸುಪರ್ಬ್,0
All the Best sir...... ದೇವರು ನಿಮಗೆ ಒಳ್ಳೆದು ಮಾಡಲಿ ... ಎಲ್ಲರ ಜೀವನದಲ್ಲಿ ಏಳು ಬೀಳು ಅನ್ನೋದು ಇದ್ದೇ ಇರುತ್ತೆ ಕಷ್ಟ ಅನ್ನೋದು ಯಾರಿಗೂ ಬಿಡೊಲ್ಲಾ ಬರೋ ಕಷ್ಟಗಳನ್ನ ಧೈರ್ಯದಿಂದ ಎದುರಿಸೋರೆ ನಿಜವಾದ ಹೀರೊಗಳು,0
@king k ...ಕರ್ನಾಟಕದಲ್ಲಿ ಅತ್ಯಂತ ಭ್ರಷ್ಟರು ಅಂದ್ರೆ ಜೆಡಿಸ್...ಮತ್ತು ಕಾಂಗ್ರೆಸ್.....ಇವರು ನಿಪುಣರು ...ಹಾಗಾಗಿ ಇವರು ತಪ್ಪಿಸಿಕೊಳ್ತಾರೆ......ಅರ್ಥ ಮಾಡಿಕೊಳ್ಳದೆ ಮಾತಾಡಬೇಡ.....,3
Music ನಿಂದ ಇ ಸಿನೆಮಾ 100 ದಿನ teater    ನಲ್ಲಿ ಇರತ್ತೆ,0
Nija bro  urkolli bidi.,1
@Pandiya Shri idre contact madi,0
Jai Hind  jai Karnatakan               AndnSuper song bro,0
Ee Tara hosa prayatna namge,0
Idu charitre srustisuva avataranME,0
Super fantastic bro,5
Love u boss,0
Paramvah Music Hindi?,0
ಇಂತ  ಸಿನಿಮಾ   ಕನ್ನಡ ಚಿತ್ರರಂಗಕ್ಕೆ   ಬೇಕು,0
Full havli idona bidi bro kannadigaru navinnu idivavala,0
Kirik party boys,5
E movie name  enu  paka  hitttt e a,0
ಈ ಹಾಡನ್ನು ಕೇಳುತ್ತಿದ್ದರೆ ನನಗೆ ಸ್ವಾಗ್ ಸೆ ಕರೆಂಗೆ ಸಬ್ಕಾ ಸ್ವಾಗತ್ ಹಾಡು ನೆನಪಾಗುತ್ತೆ.nಸ್ವಲ್ಪ ಹಾಗೇನೇ ಇದೆ ಮ್ಯೂಸಿಕ್ ಅಂತ ನನಗೆ ಅನ್ನಿಸ್ತು.n,0
ಪ್ರಜ್ವಲ್ ದೇವರಾಜ್ ಅಭಿಮಾನಿಗಳು ಮಾತ್ರ ಈ ಕಾಮೆಂಟ್ ಲೈಕ್ ಮಾಡಿ,0
ಬೆಂಕಿಗೇ ಇನೊಂದು ಅರ್ಥ RAKSHIT ಶೆಟ್ಟಿ..simple star alla fire star,0
I am kiccha fans super song,0
@Nandi Parthasarathi ಲೆ ಲೋಫರ್ ಮುಂಡೆ ನಂದಿನಿ.... ಮನೇಲಿ ಹೇಳ್ಬಿಟ್ಟು ಬಂದಿದೀಯ ತಾನೇ... ತು ಲೋಫರ್ ಮುಂಡೆ... ಯಾಕೆ ಬೇಕೂ ನಿಂಗೆ ಇವೆಲ್ಲಾ ಹಾದರಗಿತ್ತಿ,2
Super brother nev heledu estondu visaya ede anta gotedella super nem fan bro nan,0
Yak sir interview ge yav studios irlilva or  e movie gella yake antha a jagadalli kursidira,2
Anna nim ella videos nodide....ella video super....innu chennagi videos maadtha iri...Sonu srinivas gowda mobile touch maadoku bhaya padabek aa tara maadi,2
fantastic,0
super song,0
baari ugadiddira bro .......full support nimage,0
ಅದ್ಭುತವಾದ ಉತ್ತರ ಕರ್ನಾಟಕ ಶೈಲಿಯ ಹಾಸ್ಯ.,0
Bro niv sarige helidri,0
IAS IPS madirorigintha politicians  ge value jasti iro namma vishala manassina Indians badlagovargu nnam desha beliyodu kasta ide,0
Nyc. . . .,5
ಪ್ರತಿವೊಬ್ಬ ವ್ಯಕ್ತಿ ಜೀವನದಲ್ಲಿ ಆಗುವಂತ ಕಥೆ . ನಿಜಕು ಈ ಫಿಲಂ ಫೀಲಿಂಗ್ ನು ವ್ಯಕ್ತ ಪಡಿಸುತೆ .,0
Super VP sir,0
Kudlardh  yan ulle bro,5
This real jai krishna krishna,0
Super guru nin voice,0
Super super super super song,0
പൊളി ഡാൻസ്🥰 രക്ഷിത് ഷെട്ടി മാസ്സ്,5
ಮ್ಯೂಸಿಕ್ ತುಂಬಾ estaaythu bro,0
Kannadada saaalugalu sakkatagiddave all the best natayana...,0
ಕನ್ನಡದಲ್ಲಿ ಪಕ್ಕಾ ಬ್ಲಾಕ್ ಬಸ್ಟರ್  ಆಗುತ್ತೆ ...ಆದ್ರೆ ಬೇರೆ ಭಾಷೆಗಳಲ್ಲಿ ಸರಿಯಾಗಿ ಪ್ರಮೋಷನ್ ಮಾಡ್ತಾ ಇಲ್ಲ. ಹೀಗೆ ಆದ್ರೆ ಕಷ್ಟ,0
Amazing  song gudluk to alla team ..super vp sir,0
Superb MUSIC and LYRICS nnHands upnn,5
I salute u,5
@naveen v  looo bolimagane thikaana muchkondu idre sari nim ammun thullu nin yaavano mathadsidhu nim avan vishya bandna neenu naan bagge matra madthadbeku,2
Edu charitre srushtisuva avataara🤨,0
Hands up,0
Gun ಹೆಸ್ರು ಅನವರತ ಇರ್ಬಹುದಾ? 🤔🤔🤔nಗೊತ್ತಿಲ್ಲ ಇದ್ರು ಇರಬಹುದು,0
ಇಂಡಿಯಾದಲ್ಲಿ ಚೈನಾಗೆ ಹುಟ್ಟಿರೋ ಚಕ್ಕಗಳ ತಿಕದಲ್ಲಿ ಇನ್ನು ಸ್ವಲ್ಪ ಕಾರಪುಡಿ  ಆಕ್ಬೇಕಿತ್ತು ಅನ್ಸುತ್ತೆ ಬ್ರಾ,4
Sakathagi ide mare,0
Nataka Chennagi Edge,0
ಜೈ ಡಿ ಬಾಸ್ ರಾಯಚೂರಿನ ಅಭಿಮಾನಿಗಳ ವತಿಯಿಂದ All the best,0
Any Hubli Hudga Here,5
Super....bGOOD d boss's .like hear,5
Yella characters supermatte re release madi,0
Lovely gichhi kyaka chindi,5
ತೋಗರಿ ತಿಪ್ಪ‌  ಜಾನಪದ ಹಸ್ಯ ಕಥೆ,0
@Madan Kumar super,5
Short film EDITING ಮಾಡುವುದು ಹೇಗೆ ಲಿಂಕ್nn,0
Avatttu tiger dancenIvattu handsup step,0
Hi super song,5
Nin dialog super guru chindi guru,0
Guru super video  Tq guru,0
Bazaar annodu kannada padana guru?,0
Bgm ಇಷ್ಟ ಪಟ್ಟವರು like ಮಾಡಿ..,0
ಹಾಡು ಸೂಪರ್,0
Love you boss,5
Houdu nNam janakke buddi illa,0
Super song lovley may song,5
Super navu chikvara idaga kelta idavi super childhood memories,0
NKN tiktok ban agbeku aste,0
ಡಿ ಬಾಸ್ ಅಭಿಮಾನಿ ಸೂಪರ್ ಗುರು,0
Thumba chenagi ede,0
@ALPHA AB we need more people like u,5
Huchha venkat sene innu jeevantha ide...bhaya padbeda sir,0
Creative = rakshit shetty,5
Hands up,5
@sumya kulkarni ನೀವು ಬ್ರಾಹ್ಮಣರಾಗಿ intercast marriage agoke dairya idena ? Never.,0
Awesome song,0
ತೂಗರಿ ತಿಪ್ಪ ಸುಪರ್,0
ಪ್ರಮೋಷನ್ ಕೊರತೆ ಇತ್ತು.. ದಿಯಾ ಸಿನಿಮಾಗೆ.. ಅದ್ಭುತ ಕನ್ನಡ ಚಿತ್ರ..,1
Guru super,0
Pubg kooda ban agbeku guru..,4
ಒಬ್ಬ ನಟ  ಡ್ರೈವಿಂಗ್ ಮಾಡ್ತಿದಾರೆ ಇದು ನೋವಿನ ಸಂಗತಿ ಒಪ್ಪೀ ಕೊಳ್ಳೋಣ.  ಆದ್ರೆ ಒಬ್ಬ ಸಾಮಾನ್ಯ ಮನುಷ್ಯ ಡ್ರೈವಿಂಗ್ ಮಾಡ್ಕೊಂಡೆ ಜೀವ್ನ ಮಾಡ್ತಿರ್ಥನೆ ಅನ್ನೋದನ್ನ ಮರೀಬೇಡಿ ಸ್ನೇಹಿತರೆ,0
I like your content,5
Those 850 dislikes are Frome rashmika mandanna fans,3
As a D BOSS fan i support all kannada actors & Kannada movies,5
Nice dialogue,5
Namganthu tik tok ban aagiddu tumba kushi,0
Same feelings for me,5
KGF TERA BAAP HAI,5
Tiktok ಮಾಡೋರನ್ನ ಇಂಡಿಯಾ ಗಡಿ ಗೆ ತಗೊಂಡುಹೋಗಿ ಬಿಟ್ರೆ ಗೊತಾಗುತ್ತೆ ಅವಾಗ,3
Nice.. ..sir ...,5
ಕ್ಷಮೇ ಇರಲಿ.ತುಂಬಾ ಅದ್ಬುತವಾದ ಸಿನಿಮಾ ವರ್ಣಿಸಲು ಪದಗಳೇ ಇಲ್ಲ ಜೀವನದ ಅನಿರೀಕ್ಷಿತ ತಿರುವುಗಳ ಬಗ್ಗೆ ಊಹಿಸಲಸಧ್ಯವಾದ ಸಂದರ್ಭ ಸನ್ನಿವೇಶಗಳನ್ನು ಕಣ್ಣ ಮುಂದೆ ತುಂಬಾ ಅಚ್ಚುಕಟ್ಟಾಗಿ ನಿರ್ದೇಶಕರು ಕಟ್ಟಿ ಕೊಟ್ಟಿದಾರೆ ಒಟ್ಟಾರೆಯಾಗಿ ಎಲ್ಲರೂ ತಮ್ಮ ಪಾತ್ರಗಳಿಗೆ ಜೀವ ತುಂಬಿದ್ದಾರೆ,0
Spr hero raksitsetty sir,5
Nimdu bari ide aagoythu telegu avaru copy maadudre tm movie nodthira Kannada davru own aagi maadudru kyathe thegithira,4
We need Hindi,5
Hands up ಇವ ಚರಿತ್ರೆ ಸೃಷ್ಟಿಸೋ ನಾರಾಯಣ,0
@RADHA RADHA HI radha mem...uta ayta..sry month end wrk tumba jasti...free na,5
En guru song idu awesome steps are just amazing,0
ಕೇಳಲು ಇಷ್ಟ ಆದರೆ ಇದು ನಿಜ ಅಲ್ಲ ಅನಿಸುತ್ತೆ...ನನ್ನ ಪ್ರಕಾರ,1
@Shreenivas K wrang misteek maadtidya.... kurkure shetra aytha?,0
Appu fans like here,5
Super  song. Like  is sing,0
ಶಂಭು ಬಳಿಗೇರ ಗುರುಗಳೇ ನಿಮಗೆ ಧನ್ಯವಾದಗಳು ನಿಮ್ಮಕಥೆ ಹೇಳುವ  ಶೈಲೀಗೆ ನಮನಗಳು,0
Dia 2 madi plz,0
Sir madam ninmna once aldru meet mada beku,0
Tuu avr sentiment na touch madi kaan neer haksi adana cover photo madi view tagotira,4
@༆Manju kannadiga༆ ಘಗಖಢಛಞಗಛಜ,5
Pakka guru same feelingu,0
Please provide more kannada,5
Awesome,5
ಎನ್ ಗುರು ಸೂಪರ್ ಅಗಿ ವೀಡಿಯೋ ಮಾಡಿದಿರ ಅಣ್ಣ,0
ಗುರು ನಿನ್ ಹೇಳು ಪ್ರಕಾರ ಯಾರು ಮಾವಿನ್ ಸುಪೋರ್ಟ್ ಮಾಡ್ಬಾರ್ದು,2
E cinema na kandita theatre alli ne nodteni,0
Dagar binduna modlu china ge kalsrappa,0
Hands up...,5
Evergreen song listalli idhu yavglu iratthe doudte illa....,0
Love u boss,5
ಇವನೆ ಶ್ರೀ ಮಾನನಾರಯಣ,0
@Vishal Shetty ಹು... ಹೌದೌದು ... ನಿನಗೆ ಕೆಲಸ ಜಾಸ್ತಿ.... ಮೊದಲೇ ಗಂಡು ಡಗಾರ್ ನೀನು.... ಅದೆಷ್ಟು gayಗಳು ಕಾದಿರುತ್ತಾರೋ ಏನೋ.... ಹೋಗು ಕೆಲ್ಸ ನೋಡ್ಕೋ.... ದಿನದ ಖರ್ಚಿಗೆ ಬೇಕಲ್ಲ....,2
Hindi me Kab aayga,5
Macha neen badukbeka ???,2
Olle concept guru.. kannadadalli intha cinema barabeku,3
@Kiccha Vitthal ಲುಚ್ಛನ್ ಫ್ಯಾನ್ಸ್ ಉರ್ಕೋತಾವ್ರೆ d boss ಬೆಳಿಯೋದು ನೋಡಿ... ಕಂಜೂಸ್ ನನ್ ಮಕ್ಳು... ಸೇಮ್ ಅವುನ್ ತರ ನೇ msg ಮಾಡ್ತಾವ್ರೆ  ಸರಿ ಬಿಡಿ ಅಂತಾ ಸೇಮ್ ಡೈಲೌಗ್ ಲುಚ್ಚಾ ಹೇಳ್ತಾನೆ ಸರಿ ಬಿಡಿ ಅಂತಾ lol,3
ಸಾಹಸಸಿಂಹ ಅಭಿಮಾನಿಗಳ ಇಂದ ಆಲ್ ದ ಬೆಸ್ಟ್,0
Thriller Movie Andre ee Tara Irbeku,0
ಕಲರ್ ಫುಲ್ ಆಗಿದೆ,0
Super music ettidira e songalli.yast sala e song kelidru bejar aagolla tumba channagide.,0
rakshith naik ಅವ್ರು ಮೋದಿ ಭಕ್ತರು,0
ಅನ್ನ. ನೀಡುವ ಯಾವ ಕೆಲಸವೂ ಕಡಿಮೆಯಲ್ಲ . ಶಂಕರರವರೆ ನಿಮ್ಮn ಸ್ವಾ ಭಿಮಾನಿ ಜೀವನಕ್ಕೆ  nನನ್ನ ದೊಂದು ಸಲಾಂ.,0
Release in Hindi pls,5
Awesome movie.......frm kolkata,5
Namma kannada chitrarangakke jai ........ Yaarige kannada bagge hemme idiyo like maadi,0
ಬಹಳ ಚನ್ನಾಗಿದೆ ಒಳ್ಳಯ ಸಾಹಿತ್ಯ ಒಳ್ಳಯ ಸಂಗೀತಾ ಕೇಳಲು ತುಂಬಾನೆ ಮಜಾ ಬರುತ್ತೆ. ಶತದೀನೊತ್ಸವ ಆಚರಸಲಿ ಈ ಚಿತ್ರ.,0
Sholay makalu China,4
ವಾವ್ ಸರ್ ನಿಮ್ಮ ಮಾತು ನೂರಕ್ಕೆ ನೂರು ಸತ್ಯ  ಸೂಪರ್ ಸರ್,0
Hindi me kab release karo ge,5
Manu baligar avaru gadag jille shirahatti taluk Shigli gramadavaru. Nanu ade gramadavanu.,0
adeno gottilla tumba ista ayta nimage???,0
100 day's fix,5
Super Anna. Neev helid Matu 100% nija. Onedu Matalu oned artayide.,0
Isske samne dabbang flop hai..ASN,5
Year ge ondu film bandru Chenagide super sir,0
Shashanka AS  ok,0
ಪುಣ್ಯಾತ್ಮ... ಸರಣಿ ಫ್ಲಾಪ್ ಕಥೆಗಳು ಮಾಡಿ,3
Adre niv suprb bro,0
Status nalli feelings haakondu,0
@BLACK HEART guru modlu avr heeliddu artha madko,2
Shapaa kottavane Krishna ..avre ivaga badhukilla. Anthavreee,1
100%avre dislike madirodu....,0
KAMALAKAR SALUNKE utjtkitNutkgntnnNugkuyu,5
ಚಿಂದಿ ಸಿಗ್ನೇಚರ್ ಸ್ಟೇಪ್ ಸೂಪರ್,0
Bhal Varshada nantra keli tumba khushiyatu..,0
Neev super marree...,0
Super bro tik tok tik tok antha sayo bekuf nanmaklge sariyagi samadana helidira bro,3
Kannada na ond range ge tagond hogide rakshit ravara e film opkoloru like here,0
ನಿಮ್ಮ ಅವ್ವ ರಂಡಿ,2
​​​​​ ​​ ​​​​​​nnKeli kadiruva bandhavarenBhuviyalli avana aritavarenYarilla bidi,0
Gud pair Praju & Nishvika..,0
Nanu tik tok use madutha ela bro .jai Indian army,0
ಗೊತ್ತಿಲ್ಲ ರಕ್ಷಿತ್ ಶೆಟ್ರು ನಟನೆಗೆ ನಾನು ಫಿದಾ .. ಬಾಸ್ waiting for ಮೂವಿ.... ಚರಿತ್ರೆ ಬರೆಯೋ ಎಲ್ಲ ಲಕ್ಷಣ ಇದೆ.. All The best your bright ಫ್ಯೂಚರ್,0
ಹೌದೋ ಹುಲಿಯಾ.....ಹಾಡು ಸೂ..............ಪರ್..................,0
Pogaru karaabu song 383k like now,4
I hope ur not a rashmika mandanna fan,5
Fan from ugandaa,5
Tiktok ....byan agiddu olledu aythu anna,0
Ashwathama ge korona bandru bandirabahudu...!,2
Pakka.bro ..100% nija,0
Unlikers Ella chinos appang huttid sulemaklu irbek,3
Super bro,0
@Troll Stupid Fans dagar yaru nin Amma na,2
Superrrr I like it,0
Music sup company,0
Nice song galli mathina bajaru suddi saridhe sumaru charitre shrustiso avathara,0
Pogaru barthide wait Madi guru,1
Supr bro aadhh yen kannadaa aaadhh yen punch waaaaa supr bro,0
Nice PD 🤘,5
Sathya na guru??,0
Do more promotion,5
Kabja kannada samrajya nucchu noor madtade,3
Mass video music link send,5
Kannada and even tamil super,5
ಇಂತ ಮೂವಿ ನಾ ಥಿಯೇಟರ್ ನಲ್ಲಿ ನೋಡಿಲ್ಲ ಅಂತ ತುಂಬಾ ಪಶ್ಚಾತಾಪ ಆಗ್ತಿದೆ,0
ನನ್ ಮಕ್ಳಾ ಎಲ್ಲರೂ ಕನ್ನಡದವರೇ ಇಲ್ಲಿರೋದು ಶಾಟದ ಇಂಗ್ಲಿಷ್ ಕಾಮೆಂಟ್ ಹಾಕ್ತೀರಾ... ಒಬ್ಬೊಬ್ಬನಿಗೆ ಒಬ್ಬೊಬ್ಬ ಹೀರೋ ಇಷ್ಟ... ಸುಮ್ನೆ ಕನ್ನಡದ ಹಾಡುಗಳನ್ನ ಕೇಳಿ ಇಷ್ಟ ಆದರೆ ಕಾಮೆಂಟ್ ಅಲ್ಲಿ ತೋರಿಸಿಕೊಳ್ಳಿ ಕಷ್ಟ ಆದರೆ ಮುಚ್ಕೊಂಡು ಮನಸಲ್ಲಿಟ್ಕೊಳ್ಳಿ ಹೀಗೆ ನಾವೆಲ್ಲ ಕನ್ನಡದವರು ಕಚ್ಚಾಡ್ತಾ ಇರೋದ್ರಿಂದಾನೆ ಕನ್ನಡಾನ ಉಳಿಸಿ ಅಂತ ಬೋರ್ಡ್ ಗಳು ಹೆಚ್ಚಾಗ್ತಾ ಇರೋದು... nಒಬ್ಬ ಅಪ್ಪನಿಗೆ ಹುಟ್ಟಿದ ಯಾವೋನು ಸ್ಟಾರ್ ವಾರ್ ಗೆ ಬೆಂಕಿ ಹಚ್ಚೊ ಕೆಲಸ ಮಾಡಲ್ಲ...‌ nಹಾಗೆಲ್ಲ ಮಾಡೋರು ಸೂಳೆ ಮಕ್ಕಳು ಅಂದ್ರೆ ತಪ್ಪೇನು ಇಲ್ಲ‌... nಇದನ್ನೆಲ್ಲ ಇಲ್ಲಿಗೆ ನಿಲ್ಲಿಸಿ ಕನ್ನಡ ಉಳಿಸಿ ಬೆಳೆಸೋದರ ಕಡೆ ಗಮನ ಕೊಡಿ... nಕನ್ನಡಿಗರೆಲ್ಲಾ ಯಾವತ್ತೂ ಒಂದೇ ಅನ್ನೋದನ್ನ ಜಗತ್ತಿಗೆ ತೋರಿಸೊ ಅಂತ ಕೆಲಸ ಮಾಡೋಣ ಜೊತೆಯಾಗಿ...‌ nಜೈ ಕರ್ನಾಟಕ ಮಾತೆ....,1
Share link maximum,5
Slow poison song annoru like Maadi,0
Bindu nu china breed may be,2
Number 1 song,5
Rock song rs boss,0
@VARAPRASAD K K shaata dagaar Savi Savi nenapu dagaar soole darshan though DeepunAA mudya choolbart kittod mukhakke thank thumba hair wigngaddakku shaata kittu anskondidaane choolbart.  avnige mettina haarane kodbeku🤣🤣,2
bindhu lowda na enu rost madu guru,2
Chindi broiiii e munde maklige naman desha bakthi kammi sayor yelo saythare e bevrcgalige tiktok mukya anthe,4
Jivanakke ondu holle adaara e togari tippana Kate always Anna nanu kuda Sumatra baari kelta idde youtob nali nodi rumba santosha ayhatu anna,0
Good job bro,5
ಹೌದೋ ಹುಲಿಯಾ,0
Movie is ossum,0
video sir,5
@AJITH S SHETTY appreciate maadiddu gottagudilva marayya ninge🤦,2
ರಕ್ಷಿತ್ ಶೆಟ್ಟಿ ಯವರ ಬಾಡಿ ಲಾಂಗ್ವೇಜ್ ಗೆ ಸೈ ಎಂದವರು ಲೈಕ್ ಮಾಡಿ,0
Kannadadha hesaralli and film ge devara hesaru Etti duddu maadodhu Kannada industry endha kalibdku. Kannada industry Alle athyantha ketta film Andre adhu edhe film.bt theatre alli malkoloke olle film,3
Super song guru,0
Love u bro,5
Hi friends nanna atira ondu kate ide adanna short movie maadbeku antha ase adre adu agtailla please saport maadi 7875182258 idu nanna no,0
ಯದ್ದಮಾಡಬೇಕು ಓದಬಾರದು ಕಟುಕರಮುಂದೆ ಭಗವತ್ಗೀತೆ ಅದ್ಬುತ ರಚನೆ,0
rashmika tunnanna nge max 5 years tym bt shetty ge innu 20 ys tym ide RAKSHITH SHETTY belibeku annoru movie nodi .....,2
@vinay shivamogga 1000% Right,5
@Ajaya shetty sari bidi,0
ನೀನು ಒಳ್ಳೆಯದೇ ಮಾತನಾಡಿದಿಯಾ ಗುರು ನಿನ್ನಗೆ ಧನ್ಯವಾದ ಗುರು,0
@Muniraj Munira nice   songs,0
@Scorpion Studios  nನಮಸ್ಕಾರ 🤣🤣,0
ನಮ್ಮ ದೇಶ ಹಾಗೆ ಹೀಗೆ,0
@Praveen Kumar jaathi naayi banthu helu,2
Good morning mam,5
ultimate movie.love thiz,0
bal Chand aytri... Estu sala kelidru mat mat kelbeku..,0
40 varsha ende keliddu story evaga shanthosha aagta ede,0
ಅವನೇ ಶ್ರೀಮನ್ನಾರಾಯಣ ಚಿತ್ರವು ಶತದಿನ ಆಚರಿಸಲೆಂದು ಅಖಿಲ ಕರ್ನಾಟಕ ಪವರ್ ಸ್ಟಾರ್ ಅಪ್ಪು ಬಾಸ್ ಅಭಿಮಾನಿಗಳ ಕಡೆಯಿಂದ ಶುಭ ಹಾರೈಸುತ್ತೇವೆ...ಕೆ.ಮಂಜು ಆದಿವಾಲ,0
Sharanappa Hosur ঐযয,5
Super movi nanu nodidini,0
Sir nimma voice nalli power ede,0
Last scene nice guru,0
Yen dialog hoditiya guru super,0
@Nandi Parthasarathi ಹಲ್ಕಟ್ ಬೋಸುಡಿ,2
I love you,0
100 present super bro,5
Bokka d boss ke. D boss andre druva boss onde.,0
ಟ್ರೈಲರ್ ನೋಡುದ್ರೆ ಕ್ಯುರ್ಯಾಸಿಟಿ ತುಂಬಾ ಇದೆ ಸಿನಿಮಾ ನೋಡಬೇಕು ಚೆನಾಗಿರುತ್ತೆ ಅಂತ ಭಾವಿಸ್ತಿನಿ ಆಲ್ ದಿ ಬೆಸ್ಟ್ ಯಶ್ ಬಾಸ್ ಫ್ಯಾನ್ಸ್ ಕಡೆಯಿಂದ,0
Yavano avn bosudk unlike madiddu,1
ಸೂಪರ್ ........ bigg ಫ್ಯಾನ್ of  ರಕ್ಷಿತ್ shetty,0
325K+ likes,5
ಹುಚ್ಚ ವೆಂಕಟ್ ಸೇನೆ ಮಂಡ್ಯ,0
So good  song,5
super togari tippa,5
AMAZING SONG IN KANNADA,5
@Shashankgowda Ms thank you..,5
ನಕ್ಕನ್... ಇದು song ಅಂದ್ರೆnHands Up... nಹೌದೋ ಹುಲಿಯಾ...,0
Sir pakka news edhu prradhana manthrri  modhe noddbeku ashtty sir...,0
Super songs sir,5
уσυя νι∂єσ ιѕ яιgнт вяσ,5
Only 124 dislike,5
Avane nam huduga.,0
ನೀ ಬೆಳಿಬೇಕು ರಸ್ಮಿಕ ನಿನ್ನ ನೋಡಿ ಉರ್ಕೋಬೇಕು,2
Idu pakka sulllu,1
Nice infromation   brother ... n   But.   Ella problems. Bagge matdiri solution en madbeku ..anta helivalaa brother ..      ..   ivelladakku solution Andre ..(MONEY (NAMMA TAX AMOUNT )=GOVT ).  Alva n  nSimple agi helbeku Andre ..main problem   politics anta ella gottu .... AdKke solution ..????????     Nive helida haage.   ##  Revolution. ##n  Aa REVOLUTION (#prajaakeeya )ivg strt agide ..nivu adakke kai jodisbeku Alva ... Idu correct,0
Excellent,5
ಸೂಪರ್  ಗುರು,0
idu beku guru china soole maklige innu kodu guru superrrr  guru,4
What a Song. #avanesrimannarayana,0
ಎಷ್ಟು ಕೇಳಿದರು ಸಾಕಗಲ್ಲ,0
Nkn en mathgalu guru nindhu ABBA tiktok li thirke shoki madorige Chapli thagond barsidhange super guru,3
Madhu Ranju nAvane Srimannarayana Trailer-BGM n          Re-Createdn,0
sakath dance performance,0
@Bharathraj T B irli bido... Ningen helilvalla,0
ರಕ್ಷಿತ್ ಶೆಟ್ಟಿ ಅಭಿಮಾನಿ,0
Nim song antu super 🤝,0
Beard and walking style,5
Ivru helirodu antalla namma dharma shashtra helide. Ashwathhama chranjivi endu. Adre avru doctor manège hogidru adu doubt,1
Meri Tarah or kon ye song Roj sunta h n,5
Sasthanga namaskaar guru nale,0
ತುಂಬಾ ಚನ್ನಾಗಿದೆ ಸಾರ,0
ಸಾಹಿತ್ಯ ಬಹಳ ಸೊಗಸಗಿದೆ ಇದು ಕನ್ನಡದ ಹಾಡು,0
@STONERॐ VEDAS hello,5
Ondu varshakke 3 movie tegyodu dod'dalla mattu adralli ondu movie li hit kottu innerdu movie li flop adavara  jothe hudugi hodi hogodalla... 3 varshakke ondu super hit kottu avra personality ge dakke tarde hodre adunne success antha helboudu.... That is Rakshit Shetty.... Love u bro... Olle time ittu ansutte innu olle hudugi sigli nimge.... Haagodella holledakkenIndirect yake helodu direct agi Rashmika ge heliddu idu...🤷‍,2
Lo troll madtadyalla nin us mado mobile ysvdo,2
ಈ ಮೂವಿಯನ್ನು first day ನೋಡುವವರು ಲೈಕ್ ಮಾಡಿ,0
One like for hands up,5
Ganesh Bhat -ನಿನು ಒ೦ದು ಬ್ರಾಹ್ಮಣ ಸರಿಯಾಗಿ ಜಾತಿ ಮಯಾ೯ದೆ ಇಟ್ಟು ಮಾತಾಡುವದನ್ನು ಕಲಿ,2
ನಾರಾಯಣ ಬಂದ ದಾರಿ ಬಿಡಿ,0
Dislikers r fucking da baas fans,3
Idu charitre srushtiso cinemanee...,0
Superb bro nivu,0
Hidden details in trailer of Avane Srimanarayana ....n,0
Idu idu bekittu actually.....jai rk boss,0
Creatagi ethu bro,0
nivu helidu sari nanu follow madthini🤗,0
2019 ರಲ್ಲಿ ಈ ಕಥೆ ಯಾರ್ ಯಾರ್ ಕೇಳಿರೆಪಾ,0
ಸಾಂಗ್ ಚಿಂದಿ ಗುರು,0
ಸೂಪರ್ ಹಿಟ್ ಕಾಮಿಡಿ,0
Re release maadi matthe gellutthe.,0
entha song gu dislike madidare ala broo,3
@Raj Kannadiga idhu idhu namma    Nijavaada kannadigana  maathu,0
Vijapura distica sindagiya tetaranalli e song cut madiddare yaradaru vicharisabekagi vinanti,0
ಕೆಲವು ಜನರಿಗೆ ಹೇಳಿದ್ರೆ ಅರ್ಥ ಆಗಲ್ಲ,0
37 M,0
Superr bhaii songs,0
Super Jai D.Boss,5
Matte release made pakka reseve madkolthare navu hoge nodthive please,0
ಒಳ್ಳೆ ಐಡಿಯಾ ಕೊಟ್ಟಿದ್ದೀಯ ದುಡ್ಡು ಕಳ್ಕೊಂಡು ಜೀವ ಕಳಕೊಳ್ಳ ಪರಿಸ್ಥಿತಿ ಚಿರಂಜೀವಿ ಅಶ್ವಥಾಮ ಮಗೆ ಬರಬಹುದು ಈ ಅನುಭವ ನಮಗೆ ಆಗಿದೆ,0
looks promising,0
ಜೈ ಕರ್ನಾಟಕ. ಜೈ rakshith shetty.,0
ನಿಮಗೆ ಒಳ್ಳೆಯದು ಆಗಲಿ,0
ಭಾವನಾತ್ಮಕವಾಗಿ ಕಾಡುವ ಸಿನಿಮಾ.nಥಿಯೇಟರ್ನಲ್ಲಿ ಈ ಸಿನಿಮಾ ನೋಡಲಿಲ್ಲ ಎಂಬ ಬೇಜಾರು ಇದೆ.,0
That making was osm #ASN 🤩🤩🤩,5
Super song rakshit sir ASN,0
Hahaha sisya yavano nin mobile hegrisidane antha kansutte hahahaha...,0
@prithvi nayak nindu ade sudeep sir da caste alva,0
Hands ups..................................... ASN🤗,5
Very soon in tv,5
Super ಸಾಂಗ್ ವೆರಿ ನೈಸ್....,0
Jai D Boss,5
Amazing very nice prajwal life ge ondu hosa tiruvu koduvantaha cinima idu,0
Mungaru male and dia,0
ಜಾನಪದ ಹಾಸ್ಯ ತೊಗರಿ ತಿಪ್ಪ ನಾಟಕ ಸೂಪರ್,0
Aa hudgi bandaga iro music nice,0
Ee song Virat Kohli & Modi ji ge perfect match akkati🥰n#ASN Rakshit anna,0
ದ್ರುವ ಅಣ್ಣಾ ಅಭಿಮಾನಿಗಳ ಕಡೆಯಿಂದ all the best,0
ಚಂದನ್ ಶೆಟ್ಟಿ ಟ್ರೊಲ್ ವಿಡಿಯೋ ನೀವು ನೋಡಿ ನೆಗಡ್ಡೆ ಇದ್ರೆ ನಾವ್ ಗ್ಯಾರಂಟಿ,0
idu charitre srustiso avathara..,0
Super sir..nanantu adella dwnld kuda madirlilla...420china,3
Miss India Dia,5
32 million boys ..,5
Paramvah Music inn,5
ನನ್ನ ಪ್ರಕಾರ ಈ ಟೆಲಿಗ್ರಾಂ ಅನ್ನೋ ಆಪ್ ನಲ್ಲಿ ಎಲ್ಲ ಸಿನಿಮಾಗಳ ಲಿಂಕ್ ಹಾಗೂ Hd ಸಿನಿಮಾಗಳು ಸಿಗುತ್ತಿವೆ ಇದನ್ನೂ ನಿಲ್ಲಿಸಿದರೆ ನಿಜವಾಗಿಯೂ ಎಲ್ಲ ಕನ್ನಡ ಸಿನಿಮಾಗಳು ಹಾಗೂ ಬೇರೆ ಸಿನಿಮಾಗಳು ಕೂಡಾ ಬೆಳೆಯುತ್ತದೆ ನನ್ನ ಸ್ನೇಹಿತರು ಕೂಡಾ ಇದೆ ತರಹ ನಿಮ್ಮ ಸಿನಿಮಾ ನೋಡಿದ್ದಾರೆ ಹಾಗೂ ಅವರು ಕೂಡಾ ಬೇರೆ ಅವರಿಗೆ ತುಂಬಾ ಚೆನ್ನಾಗಿ ಇದೆ ನೋಡಿ ಅಂತ ಮೊಬೈಲ್ ಅಲ್ಲಿ ಕಳುಸ್ತಾ ಇದ್ದರೆ ಇದು ನನಗೆ ತುಂಬಾ ಬೇಜಾರಾಗಿದೆ ಆದರೆ ದಿಯಾ ಸಿನೆಮಾ ತುಂಬಾ ಅಂದ್ರೆ ತುಂಬಾ ಚೆನ್ನಾಗಿ ಇದೆ ನನ್ನ ಕಣ್ಣಲಿ ನೀರು ತುಂಬಿದ್ದು ನಿಜ ಅದೀ  ಪಾತ್ರ ಹಾಗೂ ದಿಯಾ ಪಾತ್ರ ತುಂಬಾ ಚೆನ್ನಾಗಿ ಮೂಡಿ ಬಂದಿದೆ ನನ್ ಮಾತಾಡಿದ್ದು ಸರಿ ಎನಿಸಿದರೆ ಕಮೆಂಟ್ ಮಾಡಿ ಧನ್ಯವಾದಗಳು,3
420 nan maga krishana,2
sir deshadali shikshana jotege kwoshliya nu kalisabeku selp udyogada samartya barbeku nnrajakiya vektigalu adikara and hanke ase belde deshavanu munnadasabeku employment ge jobs sigo rieti nodka beku,0
Inta Best Movie na Theatre nalli nodakaglilla ade bejaru,0
Kannda Alli Enta Movie Barbeku Sandalwood Rock,0
KGF 2   commentnASN      Like,0
ವಾವ್ ಶೆಟ್ರೇ ಅದ್ಭುತ,0
Below average songs,1
@Shashank Raj ಲೊ ತಮ್ಮಾ ನಿನಗೆ ಏನು ಅರ್ಥ ಆಗಿಲ್ವವಂತ ಗೊತಾಯ್ತು ಬೇರೆ ಕೆಲಸ ನೋಡ್ಕೋ ಸುಮ್ನೆ ಮರ್ಯಾದೆ ಹೋಗೋದು ಬೇಡ...,0
Well said bro well content,5
Gali Matin Bazaru Sudi Saride Sumaru... Adu yen Andre...!nIDU CHARITRE SRUSTISO AVATARnVijay Prakash voice nice.,0
ಅದ್ಭುತವಾದ ಸಿನಿಮಾ. ನಾನು ಇತ್ತೀಚೆಗೆ ನೋಡಿದ ಎಲ್ಲ ಕನ್ನಡ ಸಿನಿಮಾಗಳಿಗಿಂತ ಇದು ಒಂದು ತೂಕ ಜಾಸ್ತಿ. ಭಾವನೆಗಳ ಭಂಡಾರವನ್ನು ತುಂಬಿ ಕೊಡುವ ಇಂತಹ ಚಿತ್ರಗಳು ಹಿಟ್ ಆಗದಿರುವುದು ಕನ್ನಡ ಚಿತ್ರರಂಗದ ವಿಪರ್ಯಾಸ. ನಿರ್ದೇಶಕರ ಕಲಾತ್ಮಕತೆ ಹಾಗೂ ಸೃಜನಶೀಲತೆಯನ್ನು ಹೊಗಳಲು ಪದಗಳೇ ಸಾಲವು.. ಇಂತ ಸದಭಿರುಚಿಯ ಚಿತ್ರಗಳೇ ಕನ್ನಡ ಚಿತ್ರರಂಗದ ಜೀವಾಳ. ಕಥೆ,0
Shankar Patil ಸುಪ್ಪರ,5
ಅಣ್ಣಾ ಬಾಂಡ್ ಚೆನ್ನಾಗಿ ಬೆಂಡ ಎತ್ತಿದ,1
@King of King tika muchkond hogo gandu,2
Reamke king  d boss,0
ಗುಡ್ ಮೆಸೇಜ್  ಸರ್,0
Huccha Venkat dialogue,2
Nagaraj h Jagavar a,5
Anjali Devi super,5
Salute you bro,5
E song super and handsome step super annowru like madi,0
Super Bindu ge Takkar kottidira bro,0
@prithvi nayak nin Amman thullu sulemagne gaandu,2
Next part madi,0
God blees you sir hanumantana krupe nima melirali,0
മലയാളീസ് ആരും ഇല്ലേ . ഈ പടം ഇതുവരെ കാണാത്ത മലയാളികൾ ലൈക്,5
2019 utter flop in sandlewood,3
Hands up !!!,5
@VARAPRASAD K K super bro,5
Kannada industri proud to Dia movie,5
Super song Andre edu,0
Full kdk,5
@Nandi Parthasarathi nimmvga nimmkga ittini illi ninuge 50%off ba,2
S.r very nice,5
1.7k dislikes rashmika fans,3
Chennagi ede song super,0
Yes sir....I too join,5
Love you darling,5
ಚಂದನ್ ಶೆಟ್ಟಿ ಟ್ರೊಲ್ ವಿಡಿಯೋ ನೀವು ನೋಡಿ ನೆಗಡ್ಡೆ ಇದ್ರೆ ನಾವ್ ಗ್ಯಾರಂಟಿ,0
@A.R.W   tumbad tanhaji andhadhun aise bahot hai pr kisiko btake koi faida nahi logome Bollywood ke liye nafart bhari hai ... kisi bhi south indian movies/ songs  pe ja comments dekh kitni nafrat bhari hai hindi walose,5
Is it similar to swag se Salman song.. ??,5
Le nimmouna thullagaa naayi tunni saabarige huttida MidArimagane,2
superrr shettrrre,0
Rakshit Shettys fans like,5
ಎಷ್ಟೇ ಆಗ್ಲೀ ಚಾಮಯ್ಯ ಮೇಷ್ಟ್ರ ಮಗ ಅಲ್ವ...,0
Naanu kooda join aagthini,0
ಹೌದು ಸರ್ ಫಿಲ್ಮ್ ಸೂಪರ್ ಡುಪರ್ nಜನ ಯಾಕೇ ಬರುತ್ತಿಲ್ಲ ಅಂದರೆ ನನ್ನ ಪ್ರಕಾರ ಕರೊನಾ ವೈರಸ್ ಮೂಲಾ,1
Super  song,0
Puneet ge  power star sari shivannange hyatrik sari,0
@Nandi Parthasarathi ನಂದಿನಿ ಅವ್ರೆ ನಿಮ್ಮ ತುಲ್ಲುಗೆ ಗಬ್ಬು ವಾಸ್ನಿ,2
@Thippesh S sikkilla bro,2
ಸೂಪರ್ ಹಾಡು,0
Super music 🤘🤟,5
Sir albede life enjoy madbedi Mahabharata odi,0
Enna e sulegalege troll madu guru,3
Vishal movie remake,5
sir yarige yaru agolla appa amma Na biture Sir olle mathugallu,0
We need Hindi,5
ಒಂದ್ ಸಲ ನಿನ್ ಮುಖ ತೋ ರ್ ಸು ಗುರ್ವೆ,0
Anna super song...,0
Game name heli,0
Hands  up annodu heno bosudike,1
Ganesh Bhat -ಬೆಡುವ ಅವಶ್ಯಕತೆ ನನ್ನಗೆ ಇಲ್ಲಪ್ಪಾ ಬೆಕಾದರೆ ನಿನೆ ಬಾ ಪ್ರಿ ಅಗಿ ಉಟ ಹಾಕತಿನಿ.,2
Bro super,5
@Creative Kannadiga ok bro,5
Vijay prakash voice fantastic sakkatagi ide song maatra...D boss Fan's like haer,0
Sir solla video time kadime madi,0
No words bro just,5
@DACCHU D BOSS ennu release aagila bro.,0
Games games cover,5
Thika urkondu dislike madbittidira already..nSuper song   #ASN .nNam Shettru steps anthu 🤩,3
ASN theme music jaldi realise madi,0
Nisha preety avalna avlu dodda buddivanthe deshada Asti avlu eval video Ella Andre Jana sathogtare antha avalge fallowers bekanthe instadalli thu kachadagalu taleli 3 kasina buddi Elladavella yak saytidave,3
charan gowda  db,5
i love you dia,5
Yavdu nodtidira adar bagge aste Madi adu bittu avara fan ivara fan ninda all the best anta bogalbedi,3
Need it in Hindiiiiiiii,5
Super Kati sir keli bala Varsha agittu namaskar shambhu sir,0
अरे वाह... गजब की फील है इस गाने में..? Fan from gujarat,5
Ningappa  s  malekoppa,0
Difirent music & lirics,5
@Machi MediaSuper Sir. Nimagu Haagu Namma Sir gu Dussehra Habbada Shubhashayagalu,0
@Mohin Kolur lol,5
Dislike madidoru rashmika mandanna fans irbodu,3
Best.    Song,0
Mumbai alli release madi,0
O. Trending #1,5
Suppr movie 100% days paka,0
Super comment sir,5
May be after hamsaleka,0
brother ಆ ನನ್ ಮಕ್ಳಿಗೆ ಅರ್ಥ ಆಗೋಥರ..... ಹೇಳಿದೀರಾ.... ಅವ್ರಿಗೆ ಹೀಗೆ ಹೇಳಿದ್ರೇನೇ ಅರ್ಥ ಆಗೋದು....,0
@vinay vinu kanditha bro shigradalli,0
ಸರ್ ದಯವಿಟ್ಟು Red FM ನಲ್ಲಿ  ನಿಮ್ಮ ಹೆಸರು ಏನಿತ್ತು ಹೇಳಿ....ನಾನು Red FM ಯಾವತ್ತೂ ಕೇಳ್ತೀನಿ....n ನಾಗರಾಜ್ or ವರುಣ್ ???n    Pls Admin let me know....,0
Super agi roast madidiya guru.,0
love mocktel kuda super ide,0
ಮತ್ತೆ ಟೀಯೇಟರ್ಗೆ ಅಕ್ರಿnಇಂತಹ ಸಿನಿಮಾನ ಬೆಳಿಸೋಣ,0
ಚಂದನ್ ಶೆಟ್ಟಿ ಟ್ರೊಲ್ ವಿಡಿಯೋ ನೀವು ನೋಡಿ ನೆಗಡ್ಡೆ ಇದ್ರೆ ನಾವ್ ಗ್ಯಾರಂಟಿ,0
Hee sulli makalla videos beda. Tiktok ban agidhe holli kelsa,1
Superb bro...... Ever green,5
Nija chapali odibeku evarigella,1
2nd vol....share pls,5
Nija vada mathu,0
Promotion chennag madilla,1
Super bro ujji innu ujji,0
Hi super bro,5
@Vijay Prasad yen yogyathey. Chappar. 3000 gintha hechchu cinema nodidheeni naanu. Nann abipraya kotrey yeno boli magane muddhey thinna louda. nThooo!!,2
ಬಾಸ್ ಇನ್ನು ಮುಂದೆ ಬೆಳೀಬೇಕು,0
@Kiccha Vitthal ಏನ್ಲ ಬಳೆಗಾರ ಲುಚ್ಛನ್ ಫ್ಯಾನ್ಸ್,2
En kathe kattutiya guru🤣🤣🤣🤣..... . Proof kodu sullu kathe katbeda,2
@Nandi Parthasarathi chakka ansuthe ninu . gaandu soolemagne,2
ಆಶ್ವತಾಮ ಇನೂ ಬದಕಿದಾನಾ,0
Nijvaglu e song kelthidre kushyaguthe,0
ಜೀವನ ಬಹಳ ಚೆನ್ನಾಗಿ ಅರ್ಥ ಮಾಡಿಕೊಂಡಿದ್ದೀರ ಬಹಳ ಸರಳ ಜೀವಿ,0
Story e movie plus point,0
Rasmeka u r un like he is so cuteeeeee his simple  alte,5
ಚಂದನ್ ಶೆಟ್ಟಿ ಟ್ರೊಲ್ ವಿಡಿಯೋ ನೀವು ನೋಡಿ ನೆಗಡ್ಡೆ ಇದ್ರೆ ನಾವ್ ಗ್ಯಾರಂಟಿ,0
ನಾವು ಕೇವಲ ಕನಸು ಮಾತ್ರ ಕಾಣುತ ಇದೇವೆ ಒಂದು ವೇಳೆ ಉತ್ಪಾದನೆ ಮಾಡಿದರು ಕೂಡ ಅದನ್ನು ಎಕ್ಸ್ಪೋರ್ಟ್ ಮಾಡಲು ಧೋಡ್ಡ ಗಾತ್ರದ ಹಡಗು ನಿಲ್ಲಿಸಲು ಬಂದರು ಕೂಡ ಇಲ್ಲ ಅದಕ್ಕೂ ನಾವು ದುಬೈ ಅವಲಂಬಿತ ರಗಿದೇವೆ. ತುಂಬಾ ಕೆಲಸಗಳು ಬಾಕಿ ಇದೆ,0
Signature steps thumba channagide sir .,0
All Kannadigas dont forget.,5
ಉಪೇಂದ್ರ avra Thara ide direction,0
W h e r e  i s  H i n d i ! !,5
ಚೆನ್ನಾಗಿದೆ ಅನ್ನೋರು ಲೈಕ್ ಮಾಡಿ,0
ಸೂಪರ್ ಅಣ್ಣ,0
Thumba chennagide agbeku nan maklge,0
All the best ಪ್ರಜ್ವಲ್ ದೇವರಾಜ್ avre.,0
@VINOD KALMANI nhu neen iro jagane helu.... naane bandu hoditini.... illa tumkur main road bustop ge bandu partha yaaru antha kelu,2
Super  songs,0
Upload in Hindi plz,5
Fast ban madro tiktok na agtila nodake evrgal atana,0
Super song,0
Awalegia gandane yake hadabeku bere yaradru hadabhdal,1
We support definitely to this film to increase the value of our  sandalwood * the power of kannada movie*  ( ಇದನ್ನು ಇಂಗ್ಲಿಷ್ ನಲ್ಲಿ ಬರ್ದಿರೋದು ಬೇರೆಯವರಿಗೂ ತಿಳಿಯಲಿ ಎಂದು ಒಳ್ಳೆಯ ಸಿನಿಮಾಗಳಿಗೆ ಸಪೋರ್ಟ್ ಮಾಡೋಣ),0
Ondu varshakke 1or2 film madodkintha entha ondu olle film madidre kannada industry ellige ogutthe,4
ಯಾರ ಯಾರ 300k ಲೈಕ್ಸ್ ಗೆ ವೈಟಿಂಗ್n,0
Shambu baligar avara maathaduva shaili super,0
s.g. mathapati tx fdxffxtzzxxxZsrf a su zh it doesn't SG it tSczdcgcxxdfc eats a cz Dr suite dr se cz Dr rtd cz xx Rd x can could do tcx ft xxx zxxzzZtsefxs dr se dr xdr de se d CTC Rd xxyfxfxxxx ft the X DR ZXXZZZTSEFXXS XTTRZssz xxyfxfxxxx xx dr ZZZZDA XY 88888i XZXD XZXFZZ FT XX TR REGAXXRXFdcd dr XDZxCDD DR XX DXD FT XXX SXSW IT C A XZX DR XXTX TX T XX XX EE XCX,5
Modalella yellogidde ninu,0
LIKE  1M,5
ನಿಮ್ಮ ಮಾತು ಕೇಳಿದ್ರೆ. ನಾವು ಭಾರತೀಯರು ಬಹಳಾ ಮುಗ್ದ ಜನ ಅನ್ನೋ ಯೋಚನೆ ಬರುತ್ತೆ.what seylusin,0
ಸೂಪರ್ ಅಣ್ಣ,0
Yes i have join... it‍,5
God bless you sir,5
@Pradeep.Uppi. Uppi.,5
Ameer Humza beldhaythu bro 🥰,0
Movie super agidhe,0
Super song,5
Appu fans yellaru nimma movie nodthivi,0
AWESOME nBRO SEND ME LINK OF PART -2 nEXITED TO LISTEN PART 2,0
tuogeri tippa super,0
Next level making,5
Jai d boss.,5
Bro tells about  diploma exam,5
ಈ ಒಂದು ಸ್ಟೆಪ್ ಸಾಕು ಸಿನೆಮಾ ನೋಡಲು.. ಎಂತ ಮಾರ್ರೆ ಚೆನ್ನಾಗುಂಟು ಐತ ಸ್ಟೆಪ್ಪು,0
Well said sir,5
Gubaal. Tennis ge ball🤣🤣🤣🤣🤣🤣🤣🤣🤣🤣🤣🤣,5
Tik tok badebagan   tiktok henda  maklu  uta hodala,0
ದರ್ಶನ್ ಸರ್ ಇಂಥವರಿಗೆ ಸಹಾಯಬೇಡ ದಾರಿದೋರಿಸಿ ಪ್ಲೀಸ್,0
Castisam hogbeku jati tegibeku racisam tegibeku hindu dhrama vaggudbeku desh mund hoguthe.,0
Nice movie love from tamil,5
@Rajashekar Khandare Houdu sir ashwathamanige chiranjivi vara ide adakke avanige sri krishna aatara shrapa kottiddu ashwatama shivana innondu rudra avtara,0
ಸೂಪರ್ ಜೈ ಡಿ ಬಾಸ್,0
Friends un like Madirooru mostly daggr fanz erbeku alaava,3
ಇ ಎಡಿಟ್ ಹೇಗಿದೆn,0
ನಮ್ಮ ದೇಶದಲ್ಲಿ ಎಲ್ಲದಕ್ಕಿಂತ ಮೊದಲು ಭ್ರಷ್ಟಾಚಾರ ನಿರ್ಮೂಲನೆ ಆಗಬೇಕು,0
Super sir Song,0
ಪಕ್ಕಾ ಈ ಮೂವಿ ಪ್ರಜ್ವಲ್ ಕೆರಿಯರ್ ನ ಚೇಂಜ್ ಮಾಡುತ್ತೆ ಅನ್ನೋರು ಲೈಕ್ ಮಾಡಿ,0
Make it pan India,5
China govt super fast agi land,0
7 jana chiranjeevigalalli avanu obba.,0
Shri Krishna na mahe badhu galee.,0
ಏನು ತಪ್ಪಿಲ್ಲ ಸರಿಯಾಗಿ ಹೇಳಿದ್ದಿರಾ,0
Superb song BGM super,0
Jai D Boss,0
super duper hit,0
TikTok nan shata shata,4
ಚಂದನ್ ಶೆಟ್ಟಿ ಟ್ರೊಲ್ ವಿಡಿಯೋ ನೀವು ನೋಡಿ ನೆಗಡ್ಡೆ ಇದ್ರೆ ನಾವ್ ಗ್ಯಾರಂಟಿ,0
Louda cinema director pyscho channagiro cinema ending allii haal mad da,2
Film koda e hadin Tara slow poison,0
@Navya Shree lo gaandu nan magne nam boss fans yavattu support madtare kano gubaald sule magane,2
Super guru,0
D'Boss fan kade inda full support bro....,0
Looks lyk promising,5
China avru nan shata,3
@kannadigaru S,0
2.36-2.52 epic music,5
BRO hou TO downlod,5
Alagi hogali bidu,1
ಅದ್ಬುತ ಅತಿ ಅದ್ಬುತ ರಿ ಗುರುಗಳೇ,0
Ashvathama nali bandu nimagu meet agtare nivo wait maadi,0
@Ajaya shetty jai,5
Superb movie,5
ಕೆಟ್ಟ ಮೇಲೆ  ನೆ ಬುದ್ಧಿ ಬರೋದು ...,0
Super pa annaji full maja aitu,0
@Aiswarya Soundarya hi,5
Nev hing madodhakene... nav udhara agthilla....,2
ಚಂದನ್ ಶೆಟ್ಟಿ ಟ್ರೊಲ್ ವಿಡಿಯೋ ನೀವು ನೋಡಿ ನೆಗಡ್ಡೆ ಇದ್ರೆ ನಾವ್ ಗ್ಯಾರಂಟಿ,0
@TROLL MONSTER_KANNADA bari nim amma matra kodadu yakadre nim amma hutt dagar adikke nin na hetirodh,2
Hands up  with ಅವನೇ ಶ್ರೀಮನ್ನಾರಾಯಣ,0
Kodona bro adukkenu,2
Film super.tumba kaaduva cinema,1
Manoj Kadakal same here,5
Amazing song man.....big fan from Jammu,5
Guru mast agi helidira,0
@Its Paramatma sumne irappa loss agoke avar en bikari Ella...neev olle Thukali Build up kodta idira sumne,2
ಕೊಳೊತೊಗಿರೊ... ಕೊಬ್ಬ್ರಿ ಮಿಟಾಯಿ.... 🤣🤣,0
Very good song,0
Janapada in North karnatak,0
Pakka Engeneering Mind Bro ....Song,5
@dollegowda m hlo bro,5
Gentlemen full movie linkn,3
Description alli insta link akiddini nodi guruve,0
Slow poison song annoru like madi,0
ಅಚ್ಚ ಕನ್ನಡದ ಹಾಡು ಕೇಳಿ ಅದ್ಭುತ,0
Hindi Song release madilavaa,0
Somegowda Somanna Thank you,0
Movie hindi me kb tk aa ne ka h,5
S bro Niv helid nija,0
@Manju Sonu ಸೂಪರ್ ಕಮೆಂಟ್ ಕಣ್ಲಾ.... ನಿನ್ commentನ ಆ Italy Ravindra Lowda ಹತ್ ಸಲ ಓದಿದ್ರೂ ಅರ್ಥ ಮಾಡ್ಕೊಳ್ಳೋಕ್ ಆಗಲ್ಲ....,2
Dabba movie Soo sad,4
May God bless you Shankar,5
ತಗೋ ಗುರು ನಂದೊಂದು ಲೈಕ್,0
@Nandi Parthasarathi le nayi ninu slumu navalla nana one day madu kharchu ninu ondu varakke madtiya hagnta nange yava chatnu illa,2
Pwoli saanam my#$...,5
Super talented rs,5
Lo hucch baddimagne,2
Super ri boos,0
@nageshwar nagu mungaru male khaali odtirlilla 50℅ prekshakaru bartidru 3rd week nantra 100℅ adru,0
Just wow,5
ಚಂದನ್ ಶೆಟ್ಟಿ ಟ್ರೊಲ್ ವಿಡಿಯೋ ನೀವು ನೋಡಿ ನೆಗಡ್ಡೆ ಇದ್ರೆ ನಾವ್ ಗ್ಯಾರಂಟಿ,0
18min agidde gottaglilla,0
ಯಲ್ಲ ಭಾಷೆಲು  ನೋಡಿದೆ ಫುಲ್ ಬೆಂಕಿ ಪಾ,0
Elli vabba mhana kalavidan maga annodu menation agutte yakendre cinirangakke avarakoduge tunbaede yavadadaru poshaka pataragalanna kodabahudu aste,0
ನಾನು ಇವತ್ತು ಫಿಲ್ಮ್ ನೋಡಿದೆ..ಸೂಪರ್nಸ್ವಲ್ಪ ಸಮಯ ಜಾಸ್ತಿ ಇದೆ...ಆದ್ರೆ..ಗೊತ್ತೇ ಆಗಲ್ಲ...ಯಾವಾಗ ನೀವು watch ನೋಡ್ತಿರೋ ಅವಾಗ ಟೈಂ ನೋಡ್ತಿರೋ...ಆಗ lag ಅಂತ ಅನಿಸ್ತಾದೆ...ಇಲ್ಲಾಂದ್ರೆ 3 hours ಹೋಗೋಡೆ ಗೊತ್ತೇ ಆಗಲ್ಲ,0
BGM SOUND SUPER  SONG SUPER,5
ಡಬ್ಬಿಂಗ್ ಡಬ್ಬ ದಬಾಂಗ್ ಬದಲು ಇಂತಹ ಅಪ್ಪಟ ಕನ್ನಡ ಚಿತ್ರಗಳಿಗೆ ಬೆಂಬಲ ಕೊಡಿ ಅಪ್ಪಟ ಕನ್ನಡ ಪ್ರೇಮಿಗಳೇ,0
Bro good news tiktok ban bega thika hursi sonu s Gowda nagaysha bin** Gowda ge,2
Idu charitre srushtiso avatara e line kelidmele tak anta nenpagodu vijay prakash sir annovru like madi,0
Jai hind Jai Indian army,0
ಕಷ್ಟ ಎಲ್ಲರಿಗೂ ಇದೆ sir.... ಅದನ್ನು ಮೆಟ್ಟಿ ನಿಲ್ಲಿ......ಈಗ ಹೇಗಿದ್ರು ಫಿಲ್ಮ್ ಗೆ ಚಾನ್ಸ್ ಗಳು ಸಿಕ್ತಿವೆ...ಖುಷಿಯಾಗಿರಿ.,0
Awesome editing,5
Thank  you  sir,5
Super super super mahithi,0
Only d boss ok jai Kannada all movies hmmm kotigobba bittu hehehe,3
Kichha Fan's kade enda chithra sathadina nadiyali yendu haraisuttene,0
Bari telgu tamil movie nodthira ee thara movie nodi,3
@Nandi Parthasarathi ನಿನ್ ತುಲ್ಲು ಉರಿತ..... ಲೋಕಲ್ ಚಾಯ್ಸ್ ಕುಡುದೇ ಏನ್ ಕಿತ್ಕೊ ತಿಯ... ಬ ನನ್ ತುಣ್ಣಿ ಉಣ್ಣು ಹ RMD ನೇ ತಿಂದೆ.... ನಿಂಗೇನು ತುಲ್ಲು ಉರಿ,2
super  ತೊಗರಿ  ತಿಪೃ,0
Super bro nSakattag helidri,0
ತುಂಬಾ ಹಾಸ್ಯಮಯವಾಗಿದೆ. ಅತ್ತೆ ಮನೆಯಲ್ಲಿನ ಹುಗ್ಗಿ ಉಣ್ಣುವ ಪ್ರಸಂಗ ತುಂಬಾ ನಗು ತರಿಸಿತು.,0
U missed devarakonda 🤣,5
Proper promotion maadila sir,2
I felt same,5
ಈ ದೇಶದ ದುರಂತ,4
javari tippa superb ri,0
Tick tock Matti pub g arorna dayvittu India border of India...lAC ge kalisikodi,0
@Lakshmi Shetty wt,0
Jaa Dhinchak Pooja ki songs dekh Bollywoodiya,4
@MOVIES BOX crct bro ಪೈಲ್ಸ್ ಮ್ಯಾನ್ ರನ್ನಿಂಗ್ ಸಕ್ಸಸ್ಫುಲ್ಲಿ ಇನ್ ಅನಸ್ (ಮುಕುಳಿ ),1
@Navya N ya your right but I like him,5
ಕನ್ನಡ ಸಾಂಗ್ ಚರಿತ್ರೆ ಸೃಷ್ಟಿಸೊ ಅವತಾರ,0
Super bro.........yen roast madtiya bro ....,0
ಟೈಮ್ ಅನ್ನೋದೇ ಹೀಗೆ,0
Thank u thank u so much,5
Super songs in Kannada indastry,0
sir modalu nam deshadali shikshana krati ag beku and nrashta chara nilbeku,0
SuuuuuuuupeeeeeerrrrrrnFull roast for tiktoker's,5
മലയാളികൾ ഒണ്ടോ ഇവിടെ,5
Maneli appa amma na chennagi nodkondilla andru tirke shoki beku ivarigella bro,3
Jai d boss,0
Ena kachadagolo nivu istella adru tik tok bidalla antirallo nivella nam indea davara tu nima janmakke.,4
@Nikistark x,5
Rashmika mandannage madadang aytu,0
ದುಡಿಯೊದಕ್ಕೆ ಮೈಯತುಂಬಾ ಶಕ್ತಿ ತುಂಬೈತೆ ಅಡ್ಡ ದಾರಿ ಹಿಡಿಯೊದ್ ತಪ್ಪು ಅಂತ ಗೊತೈತಿ ನಿಮ್ಮ ಸ್ವಾಭಿಮಾನ ನಿಮ್ಮ ಅಸ್ತ್ರ ಸರ್ ನಿಮಗೆ ದೇವರು ಒಳ್ಳೆಯದು ಮಾಡಲಿ.nಇಂತಿ,0
Great work bro....nKeep it up,5
naanu ollevarige mathra olle comments madtini sir ......ninnanta olle vektige ollede agutte sir shankar sir nimmanta seniors namage inspiration sir !!!! haage kuda anchor kuda super neevu kuda naanu mecchida anchor neevu,0
ಅಣ್ಣಾ ಏನು ಸೂಪರಾಗಿ ಹೇಳಿದ್ದೀರಿ ಇದು ಕನ್ನಡಿಗರು ಅಂದ್ರೆ ಟಿಕ್ ಟಾಕ್ ನಮ್ಮ ದೇಶದಿಂದ  ಕಳಚಿಕೊಂಡು ಹೋದರೆ ಸಾಕು  ಅವಾಗ ಚೀನಾಕ್ಕೆ ಬುದ್ದಿ ಬರೋದು ಟಿಕ್ ಟಾಕ್ ಮಾಡುವರಿಗೆ ಬುದ್ದಿ ಕಲಿಸಬೇಕು,0
ಕನ್ನಡ ಚಿತ್ರರಂಗದ ಜೂನಿಯರ್ ಶಂಕರ್ ನಾಗ್ ರಕ್ಷಿತ್ ಶೆಟ್ಟಿ ಅವರ ಕನ್ನಡ ಚಿತ್ರರಂಗವನ್ನು  ಉನ್ನತ ಮಟ್ಟಕ್ಕೆ ವಯುತಾರೇ,0
Tumba kushi aythu e video nodi..devru nimmanna chennage edli sir..,0
Super song bro,5
Love rakshith shetty,5
25 M  View,5
Yellar gamnaanu HANDS UP Hatra ne ide. haage gamna ittu nodi.,0
@Ambrish Mallad luccha fans nimma luccha suderpdu movie nodo Ella flop agtive side actor get fit baavali age eddane balegaara correctagi tindu barlike hell baavali🤣🤣,4
Tik tok nan Shaaataaaaa,4
Nice tiger. Tipn,5
ಸೂಪರ್ ಸಾಂಗ್  ಹುಲಿಯ,0
ಕಿಚ್ಚನ ಹುಡುಗ್ರು ವತಿಯಿಂದ  all the best,0
E nayi nann makkalage thiliyode illa,1
Super Anna,0
Super bro.. Allobba yarigu gottagde hage already gadduge yerikuttidda. nnAvne Srimanarayana,0
@VIKRANTH DHANUSH ಕೈ ಮೇಲೆತ್ತು ? nnaa pistol hesaru ಕೈ ಮೇಲೆತ್ತು idabahuda?,0
Rashmika gube fans irbekhu,3
Shetruuu Superrruuuu ಇದು ಚರಿತ್ರೆ ಸೃಷ್ಟಿಸೊ ಅವತಾರ,0
SLOW POISON SONG,5
Ashwatama ge Hindi barutte yenri,0
ಕನ್ನಡ industry ya ಹೆಮ್ಮೆ....ASN,0
ಪಕ್ಕಾ correct ಆಗಿ ಹೇಳಿದಿರಿ  ಅಣ್ಣ,0
A super bro,5
ట్రయిలర్ చాలా బాగుంది.,5
ನಿಮ್ಮ ಮಾತು ಕೇಳಿ ಚಾಮಯ್ಯ ಮೇಷ್ಟ್ರು ನೆನಪಾದರು,3
@Wild Rex कब तक हो सकती है रिलीज़,5
Jai criative kannadiga supper,0
Nija kano adhu...neevgalu kathe katkondirodu...alla alla antha....,3
Xi XP Zurich,5
Awesome movie best movie in Kannada 2019,0
Music is unique,0
Disappoint agide song keli Ishtu hype kottu song bidbardu,4
unlike kottiroru ramshakkana fanse erbeku,3
togari tippa is amazing,5
Trending no.1 wow,5
Super pakka nodthini,0
Nimma mahithi 100% sathya yavaga etharahada rajakaranigalinda deshakke mukthi sigatho aa devarigu kuda gothilla adare next generation avaru sadane madabahudu,3
Bindu gowda dagar,2
ಅವನೇ ಶ್ರೀಮನ್ ನಾರಾಯಣ,0
@Nandi Parthasarathi adu oscar ascar alla..🤣 graphics ge pakka oscar kodtare🤣,2
Ivrantu un install madalla sulemaklu. Avrna following madtiro nayigalige buddi barbeku modlu. Nam India dalliro inta nayigala kathe ne istu deshad bagge yenadru gottidre tane. Tiktok nalli bandu motivation helo ivlige deshad bagge keladre yenu gottiralla guru ivakke. Avar maneli bodig bittidare avalna navadru enmadokagatte,1
Sir nevu Mele bande bartiraa Neman tuldavru nem kaladi bartare aga nem time,0
I'm sensing Rango like story,5
Super song guru,0
@Kiran R  ಸಿನಿಮಾ  ನೋಡಿ promotion ಮಾಡಿ,0
@Akki neo curreat bro true,5
Nanage nambalu sadyavaguttilla ...adakkagi ondu balavada karana athava kuruhu beku next vedio dalli haki I am waiting,1
Varshkond beda pa nidanake ne agli ee tara olle movie kotre saaku,0
ಲೈಕ್ ಮಾಡಿ ಇಲ್ಲ ಅಂದ್ರೆ ನಿಮ್ಮನೆ ದೇವ್ರು ಶ್ರೀ ಮನ್ನಾರಾಯಣ ನ ಮೇಲಾಣೆ.nnHANDS UP...,3
Asome bro nD boss,0
13k dislikes frm jealous bollywood fans,3
50 ಮಿಲಿಯನ್ ಆಗುತ್ತೆ ಅನ್ನೋರು ಲೈಕ್ ಮಾಡಿ,0
ನಿನ್ ತುಣ್ಣಿ ಹತ್ರಾ ಶಾಟ ಉದ್ದ ಆಗಿದಾವೆ ಅನ್ಸುತ್ತೆ ಹೋಗಿ ಬೊಳುಸು.... ನಿಮ್ಮ ಅಮ್ಮನ್  d boss ವಿಶ್ಯ ಕ್ಕೇ ಬಂದ್ರೆ ತುಲ್ಲರೆ ಕೊಡ್ತೀನಿ ಮಾತ್ರ... ಹುಶಾರ್.. ಬಾರೋ.. dum ಇದ್ರೆ ಮೆಜೆಸ್ಟಿಕ್.... ಹತ್ರಾ ತುಲ್ಲರೆ ದೆಂಗ್ತಿನಿ ಅಷ್ಟೇ ಮಗನೇ ನಿಮ್ಮ ಅವ್ವ ಹಾದರಗಿತ್ತಿ,2
Idu riyel rar,0
@Pawan Kv ya happy Sunday,0
Keli kadiruva bandhavarenBhuviyalli avana aritavarenYarilla bidi,0
After 25 flops .. gentle man block buster,1
@s.g. mathapati k,5
+Nabilal S ಕಗಬಜ,0
ಹಾಡು ಚೆನಗಿ ಹೇಳುತೀರಾ,0
@Subhash Kamble tq,5
I like u,0
ನಿಮ್ಮ ತಂದೆಯ ನಾನು ಫ್ಯಾನ್ ಹಾಗೆ ನಿಮ್ಮ ಫ್ಯಾನ್ ಸೂಪರ್ ಸರ್,0
ಮಸ್ತ್ ಐತಿ... ಅನಾಹುತ ಸಾಂಗ್ .. ಗಿಚ್ಚ್ ಐತಿ 🤘,0
ಸರ್ ನಿಮ್ಮ ಪ್ರತಿಯೊಂದು ಮಾತು ನೂರಕ್ಕೆ ನೂರು ಸತ್ಯ nನಿಮ್ಮ ನೋಡಿ ಹೆಮ್ಮೆ ಆಗುತ್ತೆ ಸರ್,0
Song Kelade Like Kodoru Like Madi,3
ತೊಗರಿ ತಿಪ್ಪ  ಕಥೆ ತುಂಬಾ ಚನ್ನಾಗಿದೆ ಮತ್ತು ತುಂಬಾ ಹಾಸ್ಯಾಸ್ಪದವಾಗಿದೆ.,0
Tik Tok Ban Madrappa India Dalli,0
Super bro nim song,0
Anna nin padha Xerox kodanna,0
ಮೋಸ ಮಾಡಿ ಹೋಗುವ ಹುಡುಗಿರಿಗೆ ಇದೇ ತರ ಬುದ್ದಿ ಕಲಿಸಬೇಕು .....#Rakshithsheety come back ....,3
ಸ್ವಾಭಿಮಾನ ಇಲ್ಲಾದವರು,1
ನಿನ್ ಅಡ್ತಿರೋ pubge ನು ಚೈನ ದೆ ಅದನ್ನು uninstall madu,2
ಡಿ ಬಾಸ್ ಅಭಿಮಾನಿಗಳು ಲೈಕ್ ಮಾಡಿ,0
ಜೈ ಕನ್ನಡ,0
U missed birbal,5
Kannada nigant allli dagar Andre enu artha gotta?n,1
Naan antha China app antha yaavaglo delete maadidene nJai hind,0
ಇದು ಚರಿತ್ರೆ ಶೃಷ್ಟಿಸೋ ಅವತಾರ nರಕ್ಷಿತ್ ಶೆಟ್ಟಿ Namma Emotion ಅನ್ನೋರು ಲೈಕ್ ಮಾಡಿ,0
@Kiran Shali 2,5
ಟಿಕ್ ಟಾಕ್ ಬ್ಯಾನ್ ಮಾಡಿದ್ದೂ ಒಳ್ಳೆ ವಿಷಯ.  ಚೈನೀಸ್ ಅಪ್ ಗಳೆಲ್ಲ  ಬ್ಯಾನ್ ಮಾಡಿದ್ದೂ ತುಂಬಾ ತುಂಬಾ ಒಳ್ಳೆ ವಿಷಯ.,0
P  fans like,5
Ramayana agiye 500 varsha ayeetu indu sullu yakandre 5000yer back hege,1
Lo nin d filme odtilla modlu anv film nodro amele bere filmge sprt madu sumne comnt akbitre film odbidutta bari builduppu,3
Wait madappa ...,0
Dignity of labour... ಭಾರತದಲ್ಲಿ ಇಲ್ಲ... ಅದನ್ನು ಭಾರತೀಯರು ಬೆಳೆಸಿಕೊಳ್ಳಬೇಕು,0
@TROLL MONSTER_KANNADA ಲೋ ಬೀದಿ ಸೂಳೆ ಮಗನೆ..... ನಿಂಗೆ ಅಷ್ಟು ತಾಕತ್ ಇದ್ರೆ.... ನೀನು ಒಬ್ನೆ ಅಪ್ಪನಿಗೆ ಹುಟ್ಟಿದ್ರೆ..... ನೀನ್ ಹೇಳೋ ನಿನ್ ತುಣ್ಣೆ ನಿಂಗೆ ಗಟ್ಟಿಗೆ ನಿಂತಿದ್ರೆ.... ನನ್ ಅಡ್ರೆಸ್ ಕೊಡ್ತೀನಿ ಬಾರೋ.... ಪಾರ್ಥಸಾರಥಿ,2
465 Lashmika fans found🤣,5
Namma deshanu china thara aitu andre  badatanane erala sir..,3
Bro tiktok ban bagge bejar agiro nayi galige innu mut nodkollo hage roast madu bro plzz...aa lofar nayi galige nam desha kinta ade bekagide nayigalige...,3
Diya,5
ಮಿಂಡ್ರಿ ಮಕ್ಳಿಗೆ ಸರಿಯಾಗೆ ಉಗ್ದಿದ್ದೀಯ ಗುರು,3
Super annaa    🤗🤗,0
ಭಾರತದ ಮೊದಲ ಪ್ರಮುಖ ಪಿಡುಗು ಭ್ರಷ್ಟಾಚಾರ ಭಾರತದಲ್ಲಿ ಭ್ರಷ್ಟಚಾರ ಯಾವಾಗ ನಿರ್ಮೂಲನೆಯಾಗುತ್ತದೆ ಅವಾಗ ಮಾತ್ರ ಭಾರತ ಪ್ರಪಂಚದ ಶಕ್ತಿಶಾಲಿ ಸೂಪರ್ ಪವರ್ ರಾಷ್ಟ್ರವಾಗಿ ರೂಪುಗೊಳ್ಳುತ್ತದೆ,0
Sir naanu helabekiddanna thumba channagi helidira. Nimma mathugalashte sumadura hrudaya sparshi agide. Pls yelladru nodi 1 sala adru. Olle anubhava beku antha iroru...,0
Prajwal devraj,5
Worst = Raaja-kiyanBest = prajaa-kiya,5
Bejar adaga nim video nodidre khushi agutte,0
ದಿಯಾ ಅದ್ಭುತ ಚಿತ್ರ! ನನ್ನ ಪ್ರಕಾರ ಯಾಕೆ ಈ ಚಿತ್ರ ಸಿನೆಮಾದಲ್ಲಿ ಓಡಿಲ್ಲಾ ಅಂತ ನನ್ನ ಅನಿಸಿಕೆ  ಹೇಳುತ್ತೇನೆ,0
Nivu like goskara tiktok ge hogi idannella collect maadkondidira thane.niv  e video maadide full thappu .bcz nivu publisity goskare insta dalli follow maadi antha ella maathadthidira.matte avaru yella helidu thappu annodadre niv thumba bad words use maadidu thappe.,0
Super super awesome awesome oh my god I like ur voice and song,0
ಟಿಕ್ ಟಾಕ್ ಸೆಡೆಗಳು,3
fab boss,5
Top  benki maga,0
Super bro ಜೈ ಜವಾನ್ ಜೈ ಕಿಸಾನ್,0
ಬ್ರೂ ಯೂಟ್ಯೂಬ್ ಯಾ ದೇಶಕ್ಕೆ ಸೇರಿದ್ದು ಅಂತ ಗೊತ್ತಿಲ್ಲ  ಅದರ ಬಗ್ಗೆ ಮಾಹಿತಿ ತಿಳಿಸಿಕೊಡಿ,0
Really ... Diya Karnataka crush agbitidare... Nija taane...? Love u diya,0
ಕನ್ನಡದವರು ಈ ತರ ಸಿನಿಮಾ ಮಾಡ್ತಾರೆ ಅಂತ ದಿಯಾ ಸಿನಿಮಾ ತಂಡ ಸಾಬೀತು  ಮಾಡಿದೆ....ಬರೀ ತೆಲಗು ತಮಿಳು ಸಿನಿಮಾ ನೋಡದಲ್ಲ ಕನ್ನಡ ಸಿನಿಮಾ ನೋಡಿ ಮಿಸ್   ಮಾಡಬೇಡಿ,1
Kelave kelavu theatrenalli matra release agittu,0
What a tiktok song super,5
Super a'm waiting jantal man,0
Super rashita Sir,5
Comedy aggie nodorige comedy nee,4
It's Tamil movie dubnPlz don't dub sir,5
Sir mandya dalli tirga nodakke hodre tagdebittidare,2
ಇದು ಚರಿತ್ರೆ ಸೃಷ್ಟಿಸೊ ಅವತಾರ... nಅವನೆ ಶ್ರೀಮನ್ನಾ ನಾರಾಯಣ,0
Bro game name pizz,5
Bega movie release madrappa ...buildup amele kodi,3
Bharatadalli skill idru experience illade kelsa kodolla chinadalli nivu helo hage hosa pratibegalige aavkasha kodatre aste vyatyasa china gu namgu,0
Super... Super... Super...,5
Super  video  neja  bro  .....slutie  jaihind,0
Haha. Nin movie nodilla. 🤣🤣🤣,2
Trending list gaagi wait maadtiror like,0
Yapaa devre spr agi rost madidira sprrr,0
Rashmika urkoo  rashmika haters like herenRakshith sheety,2
ಸಾರ್ ಈ ಮೂವಿ ಪಕ್ಕ ಚರಿತ್ರೆ ಸೃಷ್ಟಿ ಮಾಡುತ್ತೆ . ಕರುನಾಡ ಕಲಾ ಕೇಸರಿ ಚಾಲೆಂಜಿಂಗ್ ಸ್ಟಾರ್ ಡಿ ಬಾಸ್ ಅಭಿಮಾನಿಗಳ ಕಡೆಯಿಂದ ಆಲ್ ದ ಬೆಸ್ಟ್,0
Kannada film industry ge mattondu gari,0
Jai Kirk Star,5
Super d boss fan's like madi,0
Free fire lover like here,5
ಅಭೀನಯ ಚಕ್ರವರ್ತಿ. ಕರುನಾಡ ಕನ್ಮಣಿ .ಅಭೀನಯ ಭಾರ್ಗವ.ಕನ್ನಡ ಕಲಾ ಕುಸುಮ.ಕರುನಾಡ ಸಿಂಹಾ.ಬಾದ್ಷಾ .ಕಿಚ್ಚಾ ಸುದೀಪ ಅಣ್ಣನ ಅಭೀಮಾನಿಗಳಿಂದ ಈ ಸಿನಿಮಾ ಶತದಿನೋತ್ಸವ ಆಚರಿಸಲಿ,0
ಚೀನಾ ಎಷ್ಟೇ ಮುಂದುವರೆದಿದ್ದರೂ ಅದು ಅನ್ಯದೇಶವೇ ಹೊರತು ನಮ್ಮ ದೇಶವಾಗುವುದಿಲ್ಲ. ಅವರನ್ನು ಹೊಗಳಿ ನಮ್ಮನ್ನು ತೆಗಳಿ ಯಾವುದೇ ಪ್ರಯೋಜನವಿಲ್ಲ. ನಾವು ಪ್ರಜೆಗಳಾಗಿ ಯಾವರೀತಿ ನಡೆದರೆ ದೇಶವನ್ನು ಮುನ್ನಡೆಸಲು ಸಾಧ್ಯ ಎಂದು ನಮ್ಮಲ್ಲಿ ಅರಿವು ಮೂಡಿಸುವ ಸಂಘಟನೆ ಅತ್ಯಗತ್ಯ. ಮೋದಿ ಸ್ವಚ್ಛ ಭಾರತ ಅಭಿಯಾನವನ್ನು ಆಡಿಕೊಂಡು ಹಂಗಿಸಿದವರೆ‌ ಹೆಚ್ಚು. ಸ್ವಚ್ಛ ಭಾರತವನ್ನು ಮೋದಿ ಮಾಡುವುದಲ್ಲ ಬದಲಾಗಿ ಅದು ದೇಶದ ನಾಗರೀಕರ ಕರ್ತವ್ಯ ಎಂದು ಒಬ್ಬರಿಗೂ ಅನಿಸಲಿಲ್ಲ. ಈಗಲೂ ಮೋದಿ ಏತಿ ಎಂದರೆ‌ ಅಲ್ಲ ಪ್ರೇತಿ ಎನ್ನುವ ಜನರಿದ್ದಾರೆ.   ಯಾವುದೇ ಒಳ್ಳೆಯ ಕೆಲಸಕ್ಕೆ ಕಾಲೆಳೆಯುವ ಜನರು ದೇಶದಲ್ಲಿ ತುಂಬಿ ತುಳುಕುತ್ತಿದ್ದಾರೆ. ದೇಶ ದ್ರೋಹಿಗಳನ್ನು ಬೆಂಬಲಿಸುವ,1
Dislikers==Dagar Rashmika fan,2
@Megharaj 1,5
Hoooo Tik tok ban,4
Ee video dalli play agiro game yavdu,0
Keli kaadiruva baandavaarenBhuviyalli avana arithavaarenYaarila bidinMunnudinIddaradondu dantakathenNalku dikkinalu bekavanunBanduku hidida manavanunThale melide keeretanViraatanGuri bennato netaaranunGalli maatina bazaarunSuddi saaride sumaarunPaatrada parichaya irovrunEe badukige ide Ghana  hesarunHands up idu AnavaraatanHands up Na agnyata nHands up ide vedanta nIdu charithre srushtiso avataara,0
@Nandi Parthasarathienu nan amman akkan andidina thu nina modlu nind nodko nan innu odta idini shoki mado yava necessity nu illa nange....nim appa amma na baydu nan en madli....nKelsa madtini antidya taleli buddi idya en ide 🤣nDarshan bagr helak nen yavanu,2
Sir ondu mathu nange thumba esta aithu ಹೂಗಳಿಕೆ ಹೂಟ್ಟೆ ತುಂಬಿಸಲ್ಲ ದುಡಿಮೆ ಹೂಟ್ಟೆ ತುಂಬಿಸತ್ತೆ ನಿಜ ಸರ್,0
idu charitre srustisuv  avatar -----------,0
Dinadalli 18 gante malgonige kelsa yar kottru guru ..? Contact info idya?,2
@Aiswarya Soundarya hi mem..uta ayta mem....gn,5
Pranjali Raj nija boglu.... Ninu kannadiga alva,2
Fab song...,5
ಬಾರ್ಡರ್ ನಲ್ಲಿಚೀನಾ ಚಕ್ಕಗಳ ಆಟ ಟಿಕ್ ಟಾಕ್ ನಲ್ಲಿ  ಟ್ಯಾಲೆಂಟ್ ಇಲ್ಲದವರು ಕೊಡ್ತಾ ಇದಾರೆ ಕಾಟ ಟೋಟಲ್ ಆಗಿ ಟಿಕ್ ಟಾಕ್ ನನ್ ಶಾ[],3
ಹೌದು ಹೌದು ನಿನ್ನೆ ನಮ್ಮನಿಗೂ ಬಂದಿದ........ ಚಾ ಕುಡ್ಕಾ ಹೊದ,0
Super song,5
#Dia ರೀ ರಿಲೀಸ್ ಮಾಡಿ,0
I love it,0
ಕೊನೆಗೂ ಟಿಕ್ ಟಾಕ್ ಬ್ಯಾನ್ ಆಯ್ತಲ,0
Tamil movie remake,1
St super Dr but kutanalli kutapa songs  net nalli Ella plz nahu kelbekku sr,0
pakka flop movie!!,5
@Arun Jaanu summne reply haki yak war madshtiya,0
Rango cartoon movie... nice movie,1
Anjali Devi  I hate anjali manjali gunjali,2
@Pavan Pavan nanu ivag nodidnalla adakke hakide 383k+like hagiddo  adakke comment madide tapputilkobedi okk naaaa,0
Super Anna ....,0
Yaav movie flop andri?,2
Super namboke kasta agirbodu but really agirbodu,0
Groza Besta awm besta  keldag Ede  2 Kuda beku,0
Bindhu sulee tiktok sadee  roast Madhu ivaladhuuu full roast madeeee jai indian army,2
ನೀವೇ ಹೇಳಿರುವುದು100 ಪರ್ಸೆಂಟ್ ನಿಜ ಆದರೆ ಅಸಭ್ಯವಾಗಿ ಹೇಳದೆ  ಸಭ್ಯವಾಗಿ ಹೇಳಬಹುದಿತ್ತು,0
@Nandi Parthasarathi ನಿನ್ ತುಲ್ಲ್ ನೋಡ್ಬೇಕ್ ನಾನು plz send ur address,2
Nijavaagalu charithre srishtisida avathaara ee Rakshtitha shettaradu. Hatsup.,0
ಜೀವನದಲ್ಲಿ ಶ್ರದ್ಧೆ ಮುಖ್ಯ.....  ಶ್ರದ್ಧೆ    ನಮ್ಮನ್ನು ಯಶಸ್ಸಿನ ಬೆನ್ನ ಹತ್ತುತ್ತಿಸುತ್ತದೆ.....,0
Mistake is done in promotion. Ee movie ge nan hogiddu flook alli coz nan friends yavdo ond movie ge hogonnan ankond yavdu show ilde idyavdo olle review idyalla movie antha hodvi. But ee movie sakkath feel kodthu. Later nam friends ge heli kalsdvi,1
Haa ebbbaru obbare !,1
@Venu Gopal avn ondhu hero.na thu..,2
Astu sala kelidru kelbeku ansute bro super song,0
Sahitya kararige shata shata namana,0
movie super boss,0
Ajaneesh lokanatha sir nodiyo kaliyo arujuna janya,1
Fab Trailer,5
ಚಿಂದಿ  ಬೆಂಕಿ,0
14 million views,5
Benki anna Benki,0
ಬಸವರಾಜ ಕೆಂಚರಡ್ಡಿ asaraj,0
Don't worry Sir kayakave kailasa,0
@Shivananda Kanni rryrrrrtrtworrrorrrp,5
Super duper guru,0
ತುಂಬಾನೇ feel ಅಗ್ತಿದೆ,0
Pakka hit agutthe guru movie,0
Devru guru neenu nSuper kannada da carry minati,0
Supr song,0
Good Content  yaaradru parvagila.,0
Balepete badrushyana ()🤣🤣,1
ಚಂದನ್ ಶೆಟ್ಟಿ ಟ್ರೊಲ್ ವಿಡಿಯೋ ನೀವು ನೋಡಿ ನೆಗಡ್ಡೆ ಇದ್ರೆ ನಾವ್ ಗ್ಯಾರಂಟಿ,0
ಈ ಚಿತ್ರ ರಿ  ರಿಲೀಸ್  ಆಗ್ಬೇಕು  ಈ ಚಿತ್ರಕ್ಕೆ ಗೌರವ ಕೊಡೊಕಾದ್ರು ಚಿತ್ರ ಮಂದಿರಕ್ಕೆ ಹೋಗಿ ಮತ್ತೆ ನೋಡಣ,0
Mostly e haadu aadmele sanvi entry kodthare ansuthe naan complaint kodak station hodre neevili bar ge bandu kudithideera anno dialogue,0
super songnಜೈ ಕರ್ನಾಟಕ ಜೈ ಕನ್ನಡ,0
Superb bro inge continue madi,0
Diya swarupavannu nodi gadgadithanadee...,0
ಬೇಡ ನೀವು ಒಳ್ಳೆಯ ಮನುಷ್ಯ,0
Super hit song in kannada,0
ಸೂಪರ್ ಆಗಿ ಇದೆn ಕೆಜಿಎಫ್ ಮತ್ತು ಅವನೇ ಶ್ರೀಮಾನ್ನಾರಯಣ ಇಂತಹ ಅನೇಕ ಕನ್ನಡ ಸಿನಿಮಾಗಳು ನಮ್ಮ ಕನ್ನಡಕ್ಕೆ ಬೇಕು ನಮ್ಮ ಕನ್ನಡ ಸಿನಿಮಾಗಳು ರಾಷ್ಟ್ರ ಮತ್ತು ದೇಶ ಮಟ್ಟದಲ್ಲಿ ಬೆಳೆಯಬೇಕು,0
ಉಗಿ ಕಳ್ಳ ನನ್ ಮಕ್ಲುಗೆ,1
*ನನ್ನ ಗೆಲ್ಬೋದು ಅನ್ನುತ ನಿಂದನು ಓರ್ವ ರಾಕ್ಷಸ...nತಪ್ಪಲ್ಲ,0
No words! Awww,5
Siddu C ramannavar,5
Sexyyy song nHindi elroooo,5
ಸರ್ ನಿಮಗೂ ನಿಮ್ಮ ಕುಟುಂಬಕ್ಕೂ ತಾಯಿ ಚಾಮುಂಡೇಶ್ವರಿ ಆರೋಗ್ಯ ಆಯುಷ್ಯ ಕೊಟ್ಟು ಕಾಪಾಡಲಿ...,0
ಈ ಚಿತ್ರವನ್ನು ಮತ್ತೊಮ್ಮೆ ಚಿತ್ರಮಂದಿರಗಳಿಗೆ ತನ್ನಿ ನಮ್ಮ ಕನ್ನಡಿಗರು ಕೈಬಿಡುವುದಿಲ್ಲ ಮತ್ತೊಮ್ಮೆ ರಿಲೀಸ್ ಮಾಡಿ,0
ಕರಾವಳಿ ಸ್ಟೈಲ್ movie nododhe ಚೆಂದ,0
Idu charitre shrushtiso avatara,0
ಜನರನ್ನು ಮೂರ್ಖರನಗಿಸೋ ವಿಡಿಯೋ ಇದು ಯಾರೂ ಕೂಡ ನಂಬಬೇಡಿ ಒಬ್ಬ ವ್ಯಕ್ತಿ 5000 ವರ್ಷ ಬದುಕುವುದು ಸಾಧ್ಯವಾ   ನಿಮ್ಮಗೆ ನೀವೇ ಪ್ರಶ್ನೆ ಮಾಡಿಕೊಳ್ಳಿ.,3
ಈ ಕನ್ನಡ ಚಿತ್ರದ ಬಗ್ಗೆ ನನಗೆ ತುಂಬಾ ಹೆಮ್ಮೆ ಇದೆ. ಅವರು ಸಾಕಷ್ಟು ಪ್ರಚಾರವನ್ನು ಮಾಡಲಿಲ್ಲ. ಅವರು ಸ್ಪರ್ಧಾತ್ಮಕ ಜಗತ್ತಿನಲ್ಲಿದ್ದಾರೆ ಎಂಬುದನ್ನು ಅವರು ಮರೆತಿದ್ದಾರೆಯೇ? ನನ್ನ ಹೃದಯ ಕಳೆದುಹೋಗಿದೆ,0
So sadnDis like 1.8k in KannadanIn Telugu 155nIn Tamil 188nIn Malayalam 134n#ASN,0
Poornima Poornima oooooooooooo brami,0
Dislike ಮಾಡೋ ಮೂರ್ಖರ ಬುದ್ದಿಗೆ ಶ್ರದ್ಧಾಂಜಲಿ.,3
ಚಂದನ್ ಶೆಟ್ಟಿ ಟ್ರೊಲ್ ವಿಡಿಯೋ ನೀವು ನೋಡಿ ನೆಗಡ್ಡೆ ಇದ್ರೆ ನಾವ್ ಗ್ಯಾರಂಟಿ,0
Guru China rajakiya vyavaste bagge video madi,0
ನಾನು ತುಂಬಾ ಇಷ್ಟ ಪಡೋ  ಹೆಸರು ಅದು ಶಂಕರ್.. ಆ ಇಬ್ಬರು ವ್ಯಕ್ತಿಗಳು ಅಂದರೆ ೧.ಶಂಕರ್ ನಾಗ್n೨.ಶಂಕರ್ ಅಶ್ವಥ್,0
Super gelaya a nan sulege magalu chinadorage hutidale,3
I'm uttar Karnataka love janapda,0
What a movie superb,0
Nijawaglu  mai romanchana aaguvantaha video  idu  nija  irabahudu,0
Kannadada Carrynಹೊಡಿ 9,0
I like ur all videos,5
Yes  super bro,5
ಸಕ್ಕತ್ತಾಗಿದೆ ... ROCK KANNADA ROCK...,0
Sir movie nodidini idhu.  Ithara film en chennagide sir..compare to love mocktail,0
ಸೂಪರ್ ಆಗಿ ಹೇಳ್ದೆ ಗುರು,0
ಕಥೆ ಅರ್ದ ಅಗಿದೆ.ಅಶ್ವತ್ತಾಮ ತನ್ಣಗಾಯಗೊಂಡ ದೇಹವನ್ನು ಗುಣಪಡಿಸಿದ್ದು ಕಲ್ಲಡ್ಕ ಪ್ರಭಾಕರ್ ಭಟ್.ನಂತರ ಅಶ್ವತ್ತಸಮ ತನ್ನ ಹೆಸರು ಬದಲಾಯಿಸಿ .ನರೇಂದ್ರ ದಾಮೋದರ ಮೊಲದಿ ಎಂಬ ಹೆಸರಿನಿಂದ ಬಾರತದ ಪ್ರದಾನಿಯಾಗಿ    ಅತನ ಅನುಯಾಯಿಗಳೇ ಮೋದಿ ಭಕ್ತರೆಂಬ ಕೌರವರು ಇವಾಗ ಮುಸ್ಲಿಂ ಎಂಬ ಪಾಂಡವರ ವಿರುದ್ದ ಕುತಂತ್ರ ಯುದ್ದ ಮಾಡುತ್ತದ್ದಾರೆ..,3
avru hege andre . neenu hene satya helu naavu deslike maadode . naavu erode adke avru huttutane . appa ammananne esta pattirlikkella,3
ಮಗ  ಹೀಗೆ ಮಾಡು ಡ್ಯಾಸ್ ಲೈಕ್ಸ್ ಸಿಗುತ್ತೆ,1
Bro super super🥰🥰🥰,5
Nine sriman narayana,0
ಯಾರ್ಯಾರು ಕೇಯ್ತಾ ಇದ್ದೀರಾ ಒಂದು ಲೈಕ ಮಾಡಿ 🤣,0
Anna super anna nivu nivu ondu samajakke seve hagu deshavannu ulisalu ondu sangavannu katti navu nimmannu bembalisuteve,0
tumbane chennagide haadu.,0
Bhimsen Baburao Waghe Bhimsen,5
ಸೂಪರ್ ಬಾಸ್ ಅದ್ಭುತ ಒಳ್ಳೆ ಟ್ಯಾಲೆಂಟ್ ಇದೆ ನಿಮ್ಮಲ್ಲಿ,0
ಅಧ್ಬುತ .... BGM super..,0
Looks like dboss dancing.... ..from dboss fan...,5
Signature step,5
Actually iedu iedu channagirodu,0
Veri interesting stori,5
@Kartik GONEPPANAVAR Kartik GONEPPANAVAR fttc,5
Jai D Boss,5
ಓಂಕಾರ ವಿಶ್ವ ರೂಪಯಾ ನಮಃ,0
Yellaru nKGF nOdeya nalli busy eddare nAllobba #trending 1 nalli busy edda nnn#Avane sriman narayana,0
Super movie love madabardu guruuu,1
Hands up,0
Enu baitira guruve,0
super,5
Spr ಜೈ ಡಿ ಬಾಸ್,0
ಚಂದನ್ ಶೆಟ್ಟಿ ಟ್ರೊಲ್ ವಿಡಿಯೋ ನೀವು ನೋಡಿ ನೆಗಡ್ಡೆ ಇದ್ರೆ ನಾವ್ ಗ್ಯಾರಂಟಿ,0
sandalwood ge obba trend setter sikkidaane..n.n.n.n.n.nyaaravnu???n.n.n.n.n.n.nAvane Srimannarayana,0
@Kavya V u wanna go there?,5
@Nandi Parthasarathi ನಂದಿನಿ ಪಾರ್ಥ ಸಾರಥಿ ನಿನ್ ತುಲ್ಲು ಗೊಬ್ಬರ,2
Slow poisoning song,5
Promotion kammi aytu bro,5
Super guroonSakkattagittu video. ...,0
@Harshan Maddy  kannada kke  nimma importance idre kushi ne,0
ರಕ್ಷಿತ್ ಶೆಟ್ಟಿ ರವರ ಚಿತ್ರ ಮತ್ತು ಅಜನೀಶ ರವರ ಸಂಗೀತದ ಈ ಹಾಡು ಕೇಳತಾ ಇದ್ರೆ... ಹಂಸಲೇಖ ಹಾಗೂ ರವಿಚಂದ್ರನ್ ರವರ ಹಾಡುಗಳೇ ನೆನಪಾಗುತ್ತೆ... ಚಿತ್ರತಂಡಕ್ಕೆ ಶುಭವಾಗಲಿ...nನಾಗಾರ್ಜುನ ಶರ್ಮಾರವರ ಸಾಹಿತ್ಯ,0
@TROLL MONSTER_KANNADA sak nilsu guru nim amma dagar anta oorgella gottu adunna ee tara helada,2
Hamsalekha feel yarige bantu like madi...,0
Keep rocking bro,5
kfi is not for single person,5
Hindi alli yaavaga bidthare?,0
@live vijju 2.0,5
Best wishes from huccha venkat sene-zimbaabwe,5
Bhuvan Naik wow man awesome,5
Nimage holleyadaagali sir,0
ಸೂಪರ್‌  ಸಾಂಗ್,0
Bari sokuda film marre,3
Yuddha maadabeku 'odhabaradhu' katukara mundhe bhagavadhgeethe...,0
ಈ ಸಂಗೀತ ಮತ್ತು ಡಾನ್ಸ್ ಸ್ಟೆಪ್ ಒಂದು benchmark ಮತ್ತು trend ಆಗತ್ತೆ,0
Naveen Raj D Boss,5
Ivrigella hige agbeku,0
Good wareki sir 9845027639,5
ಸಕ್ಕತ್ ಸಾಂಗೂ ಗುರು,0
@vinay vinu nice comedy man....     ನಾನ್ ಕೇಳೋ ಪ್ರಶ್ನೆಗೆ ಉತ್ತರ ಹೇಳೋಕೆ ಆಗ್ದಲೆ ಇರೋ ನನ್ನ ಬಂದು ಏನೋ ಮಾಡ್ತಿಯ ಪಾಪ..  ನಿನ್ ನೋಡಿದ್ರೆ ಅಯ್ಯೋ ಅನ್ಸುತ್ತೆ...,2
ಜೈ ಹಿಂದ್,0
manoj idu charetre,0
Kachada Nan nagini gane,4
@Nandi Parthasarathi gaandu sule,2
Sharanraj Crs ದನೇವಾದಗಳು,0
To L ok I oooo Havana it ok poop ok ok look like to do ok I'll i,5
Like madok agila andru parvagila......yaru dislike madbedi...,0
ಈ ಚಿತ್ರದಲ್ಲಿ ಯಾವ್ ರೇಂಜ್ ಗೆ ಗ್ರಾಫಿಕ್ಸ್ ಮಾಡಿದ್ದಾರೆ ಅಂತ ಮತ್ತೊಬ್ಬ vfx ಆರ್ಟಿಸ್ಟ್ ಗೆ ಗೊತ್ತಾಗೋದು,0
Nys cmnt gagana mem,5
Super guru continue,0
ಸುದೀಪ್ ಅಣ್ಣ ಕಡೆಯಿಂದ all th e best,0
ಚಂದನ್ ಶೆಟ್ಟಿ ಟ್ರೊಲ್ ವಿಡಿಯೋ ನೀವು ನೋಡಿ ನೆಗಡ್ಡೆ ಇದ್ರೆ ನಾವ್ ಗ್ಯಾರಂಟಿ,0
Send Hindi Vedio song link bro,0
+Reshmabegam Nadaf super,5
sir niu ene adru tik tok alli hero herohin tara stile madtarala avarige idu kammine niu innu ivarige rost madi sir jai modi ji,0
Chindi bro 🤣🤣🤣,0
Nice explain sir,5
Super ide trailer,0
ಇದು ಚರಿತ್ರೆ ಸೃಷ್ಟಿಸೊ ಅವತಾರ...!!nಬಂದ ನೋಡು ನವ-ಯುಗದ ರಣಧೀರ..nಎಲ್ಲೇಲ್ಲು ರಕ್ಷಿತ್ ರಣ-ಕಹಳೆಯ ಸಂಚಾರ..nಇದು ಚರಿತ್ರೆ ಸೃಷ್ಟಿಸೊ ಅವತಾರ...!!,0
movie is song Osam,0
Super video bro,0
ಇದು ಚರಿತ್ರೆ ಸ್ರುಷ್ಟಿಸೊ ಅವತಾರ,0
@Praveen Kumar ನೀನಮ್ಮನ್ ಯಾಕೋ ಗಾಂಡು ತಿಕ್ ಊರಿನ,2
Ajaneesh ka music kuch hatke hain,5
sule bindhu... awlge nam sainikaru kintha awllu fame beku.. thu lofer mundde hula bidhu saithya ninu,2
@AKSHAY ANAND,5
Nivu tiktok madilva?,0
ಬಿಂದು ಗೌಡ ಟಿಕ್ ಟಾಕ್  ಬ್ಯಾನ್ ಆಯಿತು ಮನೇಲಿ ಪಾತ್ರೆ ತೊಳಿ,2
Only Kannada no English,0
Le Bindu naayi phone all radi togonda aaytha avarge adara laba sikatu aadare tik tok end dinaa avarage laba baratte enna mele yaava vastu Togo beda China vastu ninu Togo beda Naana antu tiragi nodalla Ni ale tuu,2
🤣🤣🤣🤣🤣 anna super,0
Insta link akiddini nodi brother,0
Ebru kannada films na promote madtavre.ningyo kho beku comparison madodu......,2
Idu idu bekithu namgelargu.... Jai rakshitha bai,0
ಥಿಯಾ ಸುಂದರವಾದ ರೋಮ್ಯಾಂಟಿಕ್ ಮಹಾಕಾವ್ಯವಾಗಿದ್ದು,0
Ajneesh Lokanath,5
ಸೂಪರ್ ಸಾಂಗ್ .,0
Ade allu arjun songs 180 veiws ide adare nam songs 20 million saku bereyavarana belesidhu nav beleyona common kannadigas,0
Akbar Dhannur by JN in,5
ಸಾವರ್ಥ ರಾಜಕೀಯ ಮತ್ತು ರೌಡಿಸಂ ಮತ್ತು ಕೆಲಸ ಗಾರರು ಮಾಲಿಕ ನನು ರಕ್ಷಣೆ ಮಾಡಲಿಲ್ಲ,3
ಥಿಯೇಟರ್ ಅವರು ಶೋ ಕೊಡಲ್ಲ,3
Enna views beku .share madi frnds,0
ಯಾರದಿರಿ ನಮ್ಮ ಹುಬ್ಬಳ್ಳಿ - ಧಾರವಾಡ ಮಂದಿ,0
ನೀವು ಹಳ್ಳಿಯ ‌ಭಾಷೆಯ ಶೈಲಿಯಲ್ಲಿ ರೊಷ್ಟ್ ಮಾಡುವುದೇ.. ನಮಗೆ ಅತ್ಯುತ್ತಮ ಮನರಂಜನೆ,0
ಇಂತಹ ಒಳ್ಳೆಯ ನಟನಿಗೆ ..ಅಭಿನಯದ ಅವಕಾಶಗಳು ಯಾಕೆ ಸಿಕ್ತಿಲ್ಲಾ...ದಯವಿಟ್ಟು ಧಾರವಾಹಿ ಗಳಲ್ಲಿ ಅವಕಾಶ ನೀಡಿ..,0
Jai. Creative kanadiga,0
Super super super,5
ಚಂದನ್ ಶೆಟ್ಟಿ ಟ್ರೊಲ್ ವಿಡಿಯೋ ನೀವು ನೋಡಿ ನೆಗಡ್ಡೆ ಇದ್ರೆ ನಾವ್ ಗ್ಯಾರಂಟಿ,0
ಸರ್ ...ನಾವ್ ಬೇಜಾರ್ ಆದಾಗ ಇಂತಹ ಕಥೆ ಕೇಳ್ತಿನಿ.,0
Nise share everone,0
ಚಂದನ್ ಶೆಟ್ಟಿ ಟ್ರೊಲ್ ವಿಡಿಯೋ ನೀವು ನೋಡಿ ನೆಗಡ್ಡೆ ಇದ್ರೆ ನಾವ್ ಗ್ಯಾರಂಟಿ,0
Salute for music,0
LA TV all Yb comedy,5
Edu charitre srustiso movie,0
How can u say,5
Music ಅಂತು supperrrr ಸರ್ ನಿಮಗೆ Handsap,0
ದೀಯಾ ಗೆ ಮೊದಲ ಪ್ರೀತಿಯ ಮಧ್ಯಾಂತರ  ಶಾಕ್ ಕೊಟ್ಟರೆ ಎರಡನೇ ಪ್ರೀತಿಯು ಕೊನೆಯಲ್ಲಿ ಶಾಕ್ ಕೊಡುತ್ತದೆ... ಕಥೆ ಚಿತ್ರಕಥೆ ಸಂಭಾಷಣೆ ನಿರ್ದೇಶನ ಸೂಪರ್ 4 ಜನರು ತುಂಬಾ ಚೆನ್ನಾಗಿ ನಟನೆ ಮಾಡಿದ್ದಾರೆ ... ಇಬ್ಬರೂ ನಟರು ಸೂಪರ್ ನಟಿಯೂ ಸೂಪರ್ ಪವಿತ್ರ ಲೋಕೇಶ್ ಅವರ ನಟನೆ ಅದ್ಬುತ ..‌ಒಂದೊಳ್ಳೆ ಅದ್ಬುತವಾದ ಸಿನಿಮಾ ...,0
Super movie in kannad film industry,0
Suprb move ....rj nagarj come back m fvrtttt rj nagraj ....kushi aitu isttu oley move Ali act madidakke....,0
Promotion heg madodo anta kaliri,3
ಸಾರ್  ಇದು ಕಲ್ಪನೆಯ ಕಥೆಯ ಏನು ನಿಜವಾದ ಕಥನ,0
Very nice togari tippa na story..,0
jai d boss,0
Song olle creze ide ivagle karaoke song uplode madi hadorige help agli sir,0
Hindi version kab ayega,5
Vijay parkash sir🤩,5
ದೂಳು ಮಗಾ ಸಾಂಗ್,1
Yes bro,5
Different r s maga ninu,0
ಇದು ಚರಿತ್ರೆ ಸೃಷ್ಟಿಸೋ ಅವತಾರ nಅವನೇ ಶ್ರೀಮನ್ ನಾರಾಯಣ,0
Oh baby once again also yaar,5
Nivu climax nodilla adakke nimge ishta agilla,2
Super kannada story togari tippa,5
Defenetely rakshit shetty,5
ಬಾರಿ ಸಿಂಪಲ್ ಹಾಡು... ಹಾಗೆ ಕೇಳ್ತಾನೆ ಇರಬೇಕು ಅನ್ನೋರು ಲೈಕ ಮಾಡಿ....,0
Nani kannd full movie,5
ಸೂಪರ್ ಗುರು ಲಾಸ್ಟ್ ಅಲ್ಲಿ ಹೇಳಿದ್ರಲ್ಲ ತಿಕ ಹೊಡಿಯೋ ದೇವ್ರು ನಾ ಕಟ್ಕೊಂಡಿದಾರೆ ಅಂತ 100% ನಿಜ ಸೂಪರ್,0
ಕೆಲ ದಿನಗಳ ಹಿಂದೆ ಕನ್ನಡದ ನಟ ಒಳ್ಳೆಯ ಕನ್ನಡ ಸಿನಿಮಾಗಳನ್ನು ನೋಡಿ ಅಂತ ಸ್ವಲ್ಪ ಖಾರವಾಗಿ ಹೇಳಿದಾಗ ಎಲ್ಲಾರು ಕೆಟ್ಟದಾಗಿ ಅವರನ್ನು troll ಮಾಡಿದರು  ಹೇಳಿದವರು ಮಾತ್ರ ಕೆಟ್ಟವರಾದರು ಆಗ ನೀವು ಸುಮ್ಮನೆ ಇದ್ದಾರಿ ಈಗ ಅನುಭವಿಸಿ ಈ nಪರಿಸ್ಥಿತಿಗೆ ಕಾರಣ  ಕನ್ನಡ ಚಿತ್ರರಂಗದಲ್ಲಿ ಒಗ್ಗಟ್ಟು  ಇಲ್ಲ,1
Super guru love you,0
Gentleman nodi bro,2
Wt Abt devarkonda,5
ಇದೇ ಥರ ಕನ್ನಡ ಚಲನಚಿತ್ರಗಳನ್ನು ಕೊಡ್ತಾರೆ ರಕ್ಷಿತ್ ಶೆಟ್ಟಿಯವರ ಧನ್ಯವಾದಗಳು,0
ದಿಯಾ' ಸಿನಿಮಾ ನಾಯಕಿಗೆ 'ಅತ್ಯುತ್ತಮ ನಟಿ' ಅವಾರ್ಡ್ ಕೊಡಲಿಲ್ಲ ಅಂದ್ರೆ ಆಯ್ಕೆ ಸಮಿತಿಗೆ ಮೆಟ್ಟ್ ಮೆಟ್ಟಲ್ಲೇ ಹೊಡಿತೀವಿ.,4
Hats off to u sir...nMosa madi tinno Pizzaginta Niyattagi dudidu tinno ragi nalli eshto aanda erutte jeevandalli..,0
@Nandi Parthasarathi ನಿಂದು ನಾಯಿ ತುಲ್ಲು,2
Sorry ..nFilm thetarally  nododakkagta ella..nEnadruu theatar open adre nan nija hogtini ..matte friendsnu karkondu hogtini .,0
Like Thalapathy Vijay Fans,5
@Poojari Avinash bere language movies na beggers thara nodo kachda janagal irovargu Kannada movies ge bele iralla bro,4
‌నా పేరు ఉధిత,5
Yen quality guru,0
ಕನ್ನಡ ಸಾಹಿತ್ಯಕ್ಕೆ ಯಾವತ್ತೂ ಸೋಲಿಲ್ಲ! ಒಳ್ಳೆಯ ಸಾಹಿತ್ಯ ಹೌದು ಇದು ಚರಿತ್ರೆ ಸೃಷ್ಟಿಸೊ ಅವತಾರ,0
Pakka super hit,5
Super bro,5
Where is hindhi song plz upload  hi dhi version,0
ಬಸವರಾಜ ಕೆಂಚರಡ್ಡಿ,0
ಎನ್ ಇಡಿಟ ಮಾಡಿದಿರಾ ಗುರುವೆ,0
ನಿಮ್ಮ‌ ಈ ಮಾಹಿತಿಗೆ ಧನ್ಯವಾದ ಸರ್.. ನಾವು ಸಾಮಾನ್ಯ ಜನ‌ ಜಸ್ಟ್ ವಿಡಿಯೋ ನೋಡ್ಕೊಂಡು‌ ಇಂಡಿಯಾ ಬಗ್ಗೆ ಯೋಚನೆ‌ ಮಾಡಿದ್ರು ಅದು‌ ಉಪಯೋಗ ಆಗಲ್ಲ ಈ ಮಾಹಿತಿ ಕೆಲವೊಂದು ವರ್ಗದ‌ ಜನರಿಗೆ ಮನಮುಟ್ಟುವಂತೆ ಆಗ್ಬೇಕು‌ ಆಗ ಏನಾದ್ರು ಚೇಂಜ್ ಅಗಬಹುದೆನೋ ಗೊತ್ತಿಲ್ಲ..,0
Rajesha C N,5
ಹೊಸ ಪ್ರಯತ್ನ ಚೆನ್ನಾಗಿದೆ,0
ಅದು ಅನವರತ ನಾನು ಅಜ್ಞಾತnಈ ಪದಗಳು ಬೇರೆ ಯಾವುದಾದ್ರೂ ಕನ್ನಡ ಸಿನಿಮಾ ಹಾಡುಗಳಲ್ಲಿ ಇದ್ದರೆ ಕಾಮೆಂಟ್ ಮಾಡಿ,0
Bapu Biradar t,5
Ashwathvru badukiddaga saryagi nodkollalillva ivnu,5
Tiktok ban madidre desh ke walendu,0
Yappa bhaya agutte,1
ಉತ್ತರ ಕನ್ನಡದ ಹೆಮ್ಮೆ ಯ ನಟ್ and ನಮ್ಮ ಮೆಚ್ಚಿನ,0
Togari tippa story super,0
ಸತ್ಯವಾಗಿಯೂ ಇದು ಚರಿತ್ರೆ ಸೃಷ್ಟಿಸುವ ಸಿನಿಮಾನೇ ಗುರು...,0
ಪ್ರಜ್ವಲ್ ದೇವರಾಜ್ ಅವರು ಕ್ಲಾಸ್ ಗಿಂತ ಮಾಸ್ ಸೂಪರ್ ಅನ್ನೋರು ಲೈಕ್ ಮಾಡಿ,0
Sir avrudu bhashe yavdu a doctor bali yav bhashe matanadid ?,0
basavaraj tambak lol  Peddha,2
@Vishal Shetty lo beedhi soole magane....nin prakarane belsbeku annodidre nim kade maado yakshagaana,2
@Virat Sachin tika yak urkolona Swami... Swalpa Naga Bantu.. Nakde... Tale mele yard hodidu buddi helona ankondde..,0
Cindi song repeat mode unlimited,0
Super movie sir,5
@Kirankumarkk Gowda ninanthra elllide kithakoke..mathe trimer chahrge ulsakke ee gimicks.sule magne,2
ನಮ್ಮ ದೇಶದಲ್ಲಿ ರಾಜಕೀಯ ಮಾಡಿ ಸಾಯಿತಾರೆ ಸೊ ರಾಜಕೀಯ ಇಲ್ಲ ಅಂದ್ರೆ ದೇಶ ಬೇಗ ಉದ್ದಾರ ಆಗುತ್ತೆ ಇಲ್ಲ ಅಂದ್ರೆ ಅಷ್ಟೇ....,3
Super song,5
ಚಂದನ್ ಶೆಟ್ಟಿ ಟ್ರೊಲ್ ವಿಡಿಯೋ ನೀವು ನೋಡಿ ನೆಗಡ್ಡೆ ಇದ್ರೆ ನಾವ್ ಗ್ಯಾರಂಟಿ,0
Nice trailer super acting prajwal devraj,5
ಹಾಡು ಯಾಕೋ  ವಿಚಿತ್ರವಾಗಿ ಹುಚ್ಚೆಬಿಸಿದೆ   ಎನ್ನುವವರು  ಲೈಕ್ ಮಾಡಿ,0
Sorry sir nim yella video nan nodidini yeno manku badidu nodona hantha download madidde e video nodi delete madidini sir thanks,0
Kannada badhiki bandhantaitu,1
ಬ್ರೋ ಸೂಪರ್ ಆಗಿ til tokersನ roast ಮಾಡ್ತಿರ til tok maadorella ಶ್ಯಾ ಟ ಗಳು,0
@shivaraj shivu ನಾನು ದೊಡ್ಡಬಳ್ಳಾಪುರದ ಅಸಲಿ ಕನ್ನಡಿಗ,0
Nanu film nodilla,1
Supper gurru 100. Present nija guru,0
ಗೌರೀಶ್ ಸರ್ ದಯವಿಟ್ಟು ದಿಯಾ ಚಿತ್ರದ  ನಿರ್ಮಾಪಕರ ಬ್ಯಾಂಕ್ ಅಕೌಂಟ್ ನಂಬರ್ ಹಾಕಿ.ನನ್ನ ಟಿಕೆಟ್ ಹಣವನ್ನು ಅವರಿಗೆ ಹಾಕಬೇಕು.ನಮಗೆ ಈ ಚಿತ್ರವನ್ನು ಸೋಲಿಸಿದಿವಿ ಎಂಬ ಪಾಪಪ್ರಜ್ಞೆ ಕಾಡತಾ ಇದೆ.,0
Nim ge esta agiddare like.Comments.madi,0
ನನ್ನ ಗೆಲ್ಬೋದು ಅನ್ನುತ ನಿಂದನು ಒರ್ವ ರಾಕ್ಷಸ,0
Ashwath avrne noddag aythu.,0
Your voice super,5
Spoon beesidava Rishab Shetty,0
Superb Song,0
@Nandi Parthasarathi ನಿನ್ ತುಲ್ಲಗೆ ಕಿಂಗಫಿಶರ್ ಬಿಯರ್ ತುರ್ಕಾ... ನಿನ್ ತುಲ್ಲಿಗೆ ನನ್ ರಾಡ್ ಹಾಕ್ಲಿ ಎಷ್ಟೇ ನಿಂದು ತುಲ್ಲು,2
Kannada films next level,5
VIKRANTH DHANUSH  ನೀವೂ ಮಾಡಿರೋ ಪದ ಆಂಗ್ಲಭಾಷೆಯಲ್ಲಿ ಇದೆ ಅದು ಹಾಗೆ..,0
@Dhee Pu adu Acchhagannada,0
ಚೆನ್ನಾಗಿದೆ ASN ಕಣ್ರೀ ರಕ್ಷೀತ್ ಶೆಟ್ಟಿ,0
devare devare devare devare shivane tandheye appane nivu super super duper mind blowing hero forever forever,0
ಸಕ್ಕತ್ ಹುರಿದ ಗುರು olle patta kalsidya tiktok support madidha Ch * as galige ....,3
E film yarigella ista agide..,0
Holle kelsa ban agirodu🤣,0
Is different song full Ishtar aytu movie ellaru nodri,0
Bro super bro amazing speech,5
ಅಚ್ಚ ಕನ್ನಡ ಬಳಸಿ ಸ್ವಚ್ಛವಾಗಿ ಸುಂದರ ಹಾಡನ್ನು ನಿರ್ಮಿಸಿದ ಬರಹಗಾರರಿಗೆ ಅಭಿನಂದನೆಗಳು,0
ಈ ಚಿತ್ರದಲ್ಲಿ ಯಾವ್ ರೇಂಜ್ ಗೆ ಗ್ರಾಫಿಕ್ಸ್ ಮಾಡಿದ್ದಾರೆ ಅಂತ ಮತ್ತೊಬ್ಬ vfx ಆರ್ಟಿಸ್ಟ್ ಗೆ ಗೊತ್ತಾಗೋದು,3
Gultu kuda same problem face madittu,0
Pakka movie channagirutte..nN suspense movie for sure,0
Eeno problem ide nimge.... Hangella eeneno ansbardu.... Song 1st time ee crazy ide,0
Super boss I like it,5
Game name yavdu bro...,0
Hindi Hindi Hindi hindi Hindi Hindi Hindi Hindi Hindi Hindi Hindi Hindi Hindi Hindi Hindi Hindi Hindi Hindi Hindi Hindi Hindi Hindi Hindi Hindi Hindi Hindi Hindi Hindi,5
Est sari kelidrunu kelbek anusutte,0
Superb video bro,5
Super super song,5
ಪಾತ್ರದ ಪರಿಚಯ ಇರೋರು...nLIKE HERE,0
superrr movie,0
Hindi Yalli Distribution madore illa ouda,5
Super song Anna,0
Superb bro...,5
ಸೂಪರ್ ಆಗಿ ಹೇಳಿದೀಯಾ ಬ್ರದರ್,0
Bro yav ooru nivu,0
ಅರ್ಜುನ janya e music director na nodi kali,3
Who is after Howdu Huliya,5
@mallikarjun Dhanashetty Elrigoo nimtharane yochne bandre kannada top allirodhu..,0
Anna aswathama ge kannada barutta,0
Hindi ..Kannada ..haadugala hatrakkku barukke sadhyene illa,0
Dia movie super,5
@Nagabhushana B S ayyo sulemaklu....,1
O my god,5
singer ಗೆ jai,0
ಹಾಡು ಅತ್ಯದ್ಭತವಾಗಿ ಬಂದಿದೆ.. ಸಾಹಿತ್ಯ ತುಂಬಾ ಗಟ್ಟಿಯಾಗಿ ಇದೆ..,0
Modlu ee chinese apps galna india dalli ban madbeku...,0
ಕನ್ನಡ ಮೂವಿ ಗೆ ಸಪೋರ್ಟ್ ಮಾಡಿ ದಯವಿಟ್ಟು,0
Super song guru,0
@KD Kiran adakke innu tumba samayavide,2
Song superrrrr bro,5
Nan jeevana yak hingaytu anta camera munde ಅಳುತ್ತಾ kuthiro janagala madya,2
Bigg boss allu avane srimanarayna,0
@Kumara Kantirava avn heldange 1st time hange ansodhu..,0
Supper  supper,5
Super  bro,5
Pung ban madi pls,0
Now 28k dislikes,3
@s.g. mathapati ಡ,5
Anna super anna  🥰🥰🥰🥰  anna mind super,0
Next time gravity ge viruddavaagi film madi .. Hero ond punch madidre nelakke appalisi vapas aakashada kade hogbeku .. Jaatre dialogue idi .. Film hit aagutte nam janakke Ade beku ..,0
ನಾವೆಲ್ಲಾ ಕನ್ನಡಿಗರು nPlease nಇಲ್ಲಿ nಗಟ್ಟ ದ ಮೇಲಿನವರು nಗಟ್ಟದ ಕೆಳಗಿನವರು nಕರಾವಳಿಯವರು nಉತ್ತರಕನ್ನಡದವರು nಉತ್ತರಕರ್ನಾಟಕದವರು nಹಳೇಮೈಸೂರಿನವರು nಮಂಡ್ಯದವರುnಬೆಂಗಳೂರಿಗರು nಮೈಸೂರಿನ ವರು nಕೊಡಗಿನವರು nಕುಂದಾಪುರದಕಡೆ ಜನ nಹೀಗೆ nಯಾಕೆ ಇಬ್ಬಾಗ ಮಾಡಿ ನೋಡ್ತೀವಿ nಬೇಡ ಈ ರೀತಿ ನೋಡದೇ nನಾವೆಲ್ಲಾ ಕರುನಾಡುnಕರ್ನಾಟಕದ ಮಕ್ಕಳು ಅಂತ ಯಾಕೆ ನೋಡಬಾರದು nPlease nನಾವೆಲ್ಲಾ ಈ ಮಣ್ಣಿನ ಮಕ್ಕಳು nಅವರೆಲ್ಲಾ ಈ ಮಣ್ಣಿನ ಹಿರಮೆಯನ್ನ ಮೇಲ್ಮಟ್ಟ ಕ್ಕೆ ಕೊಂಡೊಯ್ಯ್ದವರು .nಹಾಗೆ ನಾವ್ ನೀವ್ ಎಲ್ಲಾ ಒಟ್ಟು ಕೂಡಿ ಕರ್ನಾಟಕದ ಗರಿಮೆಯನ್ನ ಇನ್ನ ಎತ್ತರಕ್ಕೆ ಕೊಂಡೋಯ್ಯಣ nನಾವ್ ಕನ್ನಡಿಗರು nನಾವ್ ಭಾರತೀಯ ರು nnನಮಸ್ಕಾರ,0
En song Guru... Namma Narayana Namma hemme all India fidha agibitdhe nimge ....,0
ಚಂದನ್ ಶೆಟ್ಟಿ ಟ್ರೊಲ್ ವಿಡಿಯೋ ನೀವು ನೋಡಿ ನೆಗಡ್ಡೆ ಇದ್ರೆ ನಾವ್ ಗ್ಯಾರಂಟಿ,4
Intha olle video nu dislike madiroru yentha kachada nanmaklirbeku🤦🤦🤦🤦,3
Ond kick ide song nalli,0
ಎಲ್ಲಾ ಯಶ್ ಬಾಸ್ ಅಭಿಮಾನಿಗಳಿಂದ ಶುಭ ಹಾರೈಸುತ್ತೇವೆ,0
Bro avarage ennu ugi sattiro yodrali avara gadano magano edidre e mathu helatiralila yaaro gand yaarado makkalu  e naayigalage yena alvaa tu prati yodanu Namma ge Anna tamma avara Namma vastu tilakori naayigalaa,3
Kannada adru swalpa parvagilla guru Telugu Tamil movies anthu jaatre dialogue jaatre fighting over acting inda thumbi tuluktha ide.,3
Fuck u Bollywood🤬🤬🤬🤬,5
Vilan ಬಳಿ ಒಂದು coin urali barhttalla,0
Dia nan recent aagi nodiro moviegalalli Adbutha,0
All Celebrities HandsUp Challenge |Avane Srimannarayana Movie |HandsUp Song Kannadan,5
Superb   Music,5
Iddu charitre badalisuva avatara,0
@Vinay Kumar MS nin mane address kodu,2
Allaru swabimana life evarannu nodi kaliyabeku,0
@Nandi Parthasarathi illa kgfuck aythu,3
ಇಂತಹ ಮಹಾನ್ ವ್ಯಕ್ತಿಯ   ಸಂದರ್ಶನ ಮಾಡಿದ ನಿಮ್ಮ ಚಾನೆಲ್ಗೆ ತುಂಬಾ ಧನ್ಯವಾದಗಳು,0
Gentleman Trailer Kis Ko Pasand Aya HynMujy Bohot Acha Laga Hy nAp Ko?,5
ಹೋದರೆ ಹೋಗ್ಲಿ ಬಿಡಿ ರಶ್ಮಿಕ ಅವಳೇನು ತ್ರಿಪುರ ಸುಂದರಿನಾ ಬಿಟ್ಟಾಕಿ,2
ಯುದ್ಧ ಮಾಡಬೇಕು ಓದಬಾರದು ಕಟುಕರ ಮುಂದೆ ಭಗವದ್ಗೀತೆ ಎಂತಹ ಸಾಲುಗಳು,0
Edu  muda  nabike   nama Jana enu  betela,4
ವಾಹ್!!! Trailer ಅದ್ಭುತವಾಗಿದೆ.n,0
Trailer barii ide nodlebeku..,3
Bere level aagi ede..appata kannada haadu...,0
ಈ ಹಾಡಿಗೆ ಅಚ್ಚ ಕನ್ನಡದಲ್ಲಿ ಸಾಹಿತ್ಯ ಬರೆದಿರುವ ನಾಗಾರ್ಜುನ ಶರ್ಮಾ,0
Anjali Devi very nice,5
Avara desha dalli erodu aethu....nnHagadre Namma deshadalli avarige arthikate Alli seddu hodeyuvanta vishyagalu yavu edave.....,0
ನೀವು ಬಾಳ್ವೆ ನಡೆಸುತ್ತಿರುವ ರೀತಿ ತುಂಬಾನೇ ಚೆನ್ನಾಗಿದೆ.ನಿಮ್ಮ ಮಾತಿನಲ್ಲಿ ತುಂಬಾ ತೂಕವಿದೆ.,0
Best song I have heard after belagenddu,0
masto togari tippa,0
ಬದುಕು ಒಂದೊಂದ್ ಸಾರಿ ಇಷ್ಟೊಂದು ಕ್ರೂರಿ ಆಗುತ್ತಾ ಅನ್ಸುತ್ತೆ...,0
kannadavu support madalla jatre song matra views agodu.tiktok ellla busy agavre . telugu alli 1 day 10 millon agutte namalli agalla,0
Guru bari uninstall madi anta helbdi. Inmele account delete madi uninstall madok helok start madi inna,0
ಟೀವಿ ನೈನ್ ಕನ್ನಡದಲ್ಲಿ ಈ ವಿಚಾರ ತೋರಿಸಿದ್ದಾರೆ,0
RAKSHIT ABHIMAANIGALE!! Yaaru yaaru aa signature stepna try maadidiro illi like maadi!!,0
ಇದು ಚರಿತ್ರೆ ಸೃಸ್ಟಿಸೋ ಅವತಾರ,0
Super dance step,5
Idu cheritre shrustiso avatara,0
Kannada  s,5
@Manoj Prince yenu illa bro,0
Ajneesh u beauty,5
Wt a song,5
I too  join,5
Are bhai Yek dum phel diya,5
Osm voice sir,0
OUR Karnataka is great state in india,5
ಸ್ವಾಭಿಮಾನಿ ದೇವತ ಪುರುಷನ ಮಗ... ತಕ್ಕಂತೆ ಇದಾರೆ,0
Anyone after 10m like please,0
Pls Update Hindi version,5
ನಿನಕ್ಕೂ ತುಂಬಾ ಪ್ರಾಮಿಸಿಂಗ್ ಆಗಿದೆ ಟ್ರೈಲರ್.... ಟ್ರೈಲರ್ ನೋಡ್ತಾ ಇದ್ರೆ ಸಿನೆಮಾ ನೋಡಬೇಕು ಅಂತ ಅನ್ಸುತ್ತೆ... ಪ್ರಜ್ವಲ್ ಸಿನಿ ಲೈಫ್ ಗೆ ಟರ್ನಿಂಗ್ ಕೊಡೋ ತರ ಇದೆ.. ಒಳ್ಳೆಯದಾಗಲಿ ಜಂಟಲ್ ಮನ್ ಸಿನಿಮಾ ಟೀಮ್ ಗೆ ಹಾಗೂ ಪ್ರಜ್ವಲ್ ದೇವರಾಜ್ ಗೆ....,0
Super Guru  l m full happy bro,0
Kera togondu odebeku nana magana,2
Shivaraj Shivu nnimm number kodri,0
Tukaram character yarige ista agide avru like madi,0
Anjali Devi super,5
ಒಳ್ಳೆ ಸಿನಿಮಾ ಮಾತ್ರ,0
ನಿಮ್ಮ ಕನ್ನಡ ಬಳಕೆ ತುಂಬಾ ಸೊಗಸಾಗಿದೆ.. ಈ ಸಿನಿಮಾ ಕುರಿತು  ನೀವು ಹೇಳಿದ ಮಾತುಗಳೆಲ್ಲವು ಅಕ್ಷರಶಃ ನಿಜ. ನಿರ್ದೇಶಕರ ಸೃಜನಶೀಲತೆ ಹಾಗೂ ಕಲಾತ್ಮಕತೆ ಎರಡೂ ತರ್ಕಕ್ಕೆ ನಿಲುಕದ್ದು,0
Super song 🥰🥰🥰🥰,0
nice video bro,5
D Boss ಅಭಿಮಾನಿಗಳಿಂದ all the best,0
Super guru. Chinage huttida sooleaklige saryagi hugididiya,1
ಯಾಕೋ ತುಲ್ಲೇ ತುಲ್ಲಲ್ಲಿ ಕಡಿತಾ ಇದಿಯಾ ಬೋಳಿಮಗನೇ... ಬಂದ್ರೆ ತುಲ್ಲರೆ ಹಾಕ್ತಿನಿ.... ನಿಮ್ಮ ಅವ್ವುನ್ ತುಲ್ಲಿಗೆ,1
Bro super neevu,0
Super edit anna,0
Aldh best for prk fans,5
Game name pls bro,5
Awesome movie sir,5
Nice togari tippa kathegalu,0
Hand's up,5
Yava game name,0
ಕೆ ಜಿ ಎ ಪ್ ಮುಗಿದ ಮಾೄಲ ಇದ  ಕನಡದ ಛರಿತ್ರೇ ಸಿನಿಮಾ,0
Movie release agli,0
ಗೆಳೆಯ ಚಿತ್ರದಲ್ಲಿ ಕಿಶೋರ್ ಜೊತೆಗಾರರಿಗೆ ಹೇಳುವ ಒಂದು ಡೈಲಾಗ್ ಇದೆ...ಹುಡುಗ ಬೇಕಾಗ್ತಾನೆ ಇಟ್ಕೊಳ್ರೋ...!n    Dynamic Prince is Back with Damn Look.,0
ನಿಮ್ಮ ಮಾತುಗಳು ಅಕ್ಷರಶಃ ಸತ್ಯ... ನಿಮ್ಮ ಈ ಸಾಮಾನ್ಯ ಜೀವನ ನೋಡಿ ಕುಷಿ ಆಯಿತು.,0
Super Amar prasad sir,5
@Manjumani Manjumani yes really sure,5
Masth guru sakadgi helidiya,0
I love India,5
All The Best For D Boyzzzzzz,5
Trailer superb Pajju promotion chennagi maadi pakka blockbuster agutte,0
ಕಮೂನಿಷ್ಟ ಸರ್ಕಾರವೇ ಒಳ್ಳೆಯದು ಅಲ್ಲಿ ರಾಜಕೀಯ ಇರಲ್ಲ ದೇಶದ ಅಭಿವೃದ್ಧಿ ಒಂದೇ ಗುರಿnನಮ್ಮ ದೇಶದ ಈ ಸ್ಥಿತಿಗೆ ಕಾರಣnn* ರಾಜಕಾರಣಿಯರು(ನೆಹರೂ ವಂಶಸ್ಥರು),3
Bro avru ellargu ista ..avru yavattu controversy madkondilla,4
ಅವನೇ ಶ್ರೀಮನ್ನಾರಾಯಣ ಚಿತ್ರಕ್ಕೆ ಶುಭವಾಗಲಿ,0
Super bro  agi roast madidira,0
ತುಂಬಾ  ಸಂತೋಷ ಆಯಿತು  ಸರ್  25 ವರ್ಷದ  ಹಿಂದೆ  ತೊಗರಿ ತಿಪ್ಪನ ಕತೆ  ಕೇಳಿದ್ದು  ನೆನಪಾಯಿತು,0
NkN  ಬೆಂಕಿ   song guru,0
Jai d boss,5
Nijavaglu Satya sir,0
ಏನಾದರೂ ತಪ್ಪಿದ್ದರೆ ಕ್ಷಮೆ ಇರಲಿ..nಹೀಗೆ support ಮಾಡ್ತೀರಿ ನಾನು ನಿಮಗೆ entertainment ಕೊಡ್ತಿರ್ತಿನಿ...nಹಾಗೆ instgram ಅಲ್ಲೂ ಕೂಡ follow ಮಾಡಿn,0
Idu talent ..,0
@ಕಿಚ್ಚನ ಹಾವಳಿ o reviews chennagiddru movie odlilla yakkapa other lamguagalli,0
Super  video  Bro l am support your  channel,5
Nija helbekandre ee song yako sync aagtilla movie trailer type ge....,4
Nane nam vasthu pradashnke bandidru gotha,2
Anna.   Thamma.   Janpada,0
Navu delet madi tumba dina aytu,0
Hands up..Hands up...tan tan Tanana..Chindi Guru Chindi..,0
Anoop Maladakar fudjg,0
ಡಿ ಬಾಸ್ ಅಭಿಮಾನಿಗಳಿಂದ all the ಬೇಸ್ಟ್,0
Yaka anna difference madtira AAPA AAPANE MAGA MAGANE BOTH ARE GOOD NLY,2
ಸಾರ್ ಟೈಟಲ್ ಕ್ಯಾಬ್ ನಲ್ಲಿ ಭಾವುಕರಾದ ಶಂಕರ್ ಅಂತ ಹಾಕಿ.nnView ಜಾಸ್ತಿ ಆಗಲು ಕಸರತ್ತು ಮಾಡದಿರಿ.nnಕಂಟೆಂಟ್ ಇದ್ದರೆ ಜನ ನೋಡ್ತಾರೆ.,0
@Sowjanya M.Y ha...sister,5
Nanu iga bekantale ...alisoke bande shakuntale ....mis u poo,0
@Nandi Parthasarathi ಮಿಂಡ್ರಿ,0
Super  songs,0
@christ anil nimmappa alvenro,4
Alla inta olle video gu dislike madtaralva avrige manaviyate manushyatva olle guna kuda illa ansutte.....enta swabhimani vyakti weekness na kuda strenth agi madkond swabhimani agi jeevna madtidaralva great sir....,0
Idu nijvaaglu cinema na illa sum sumne naa ? 🤔,3
@naveen v kudlu elladidre nindu tegedu kodu bvc ninna luccjanige handidu maasa kodu modalu baavali chalpat Singh side actor🤣🤣,2
ಆಯ್ಯ್ಯೋ...... ಈ ಹಾಡು ಹುಚ್ಚು ಹಿಡಿಸುತ್ತಿದೆ. ದಯವಿಟ್ಟು ಸಹಕರಿಸಿ ಗೆಳೆಯರೇ . ನಮ್ಮ industry  ಫುಲ್ ಬೆಳಿತಿದೆ. ನಾನು & ನನ್ನ frnds waitng for diz movie🤗🤗,0
ಸಾಹಿತ್ಯ ತುಂಬಾ ಚನ್ನಾಗಿದೆ. Dance ತುಂಬಾ ಚೆನ್ನಾಗಿದೆ. Bgm ಕೂಡ ಚನ್ನಾಗಿದೆ..,0
V CCC gihkhj,5
@Girija Ram ಹೌದು..,0
Padya baree sokundu shetre,0
Olle kannada song anthane helbahudhu,0
Ggggggggggggggggggggg song of 2019 to 2020 one like for 2020,5
@Syed Akbar yes bro,5
@Madhu Yadav havha,0
Bro ha dacchu su..... Maga you are super no 1 roaster,0
Togari tippa togari tippa.....sathvik sobarad,0
Sie good eveninig,5
Nija bro kolithiro kobbari mukha ne. Inthavrinda ne first minus India ge.,0
Ottinalli navu uddara,0
Masth maga u tube channel nalli obba hudugana voice thara ede,2
@punter 18 NJ,5
Yen huru helidiri super,0
D8055 Chakravarty... Rakshit innu Raaja,0
R.. R.. MADAR,5
@sumya kulkarni ಭ್ರಷ್ಟಾಚಾರ ಹೋಗೋದು ಕಠಿಣ ಕಾನೂನುಗಳಿಂದ.......ಅದಕ್ಕೆ ರಾಜಕೀಯ ಇಚ್ಚಾಶಕ್ತಿ ಬೇಕು.... ಈ ಕಳ್ಳ ಕಾಂಗ್ರೆಸ್ ನಮ್ಮ ದೇಶವನ್ನು ಹಾಳು ಮಾಡ್ತು,0
Kannada films going next level,5
ರಾಕಿಂಗ್ ಸ್ಟಾರ್ ಯಶ್ ಅಭಿಮಾನಿಗಳಿಂದ ಶುಭ ಹಾರೈಕೆಗಳು,0
@Sathish Soorgoli namdhu kolar guru,0
Nija 100%  but aswastama antta heg  kandiditare..,1
Promotion ಚನ್ನಾಗಿ ಮಾಡಿ sir. yeno sir Karnataka outside film sound ಮಾಡ್ತಾ ಇಲ್ಲ. ನಿಮಗಿಂತ ನಾಮಿಗೆ ಈ ಫಿಲ್ಮ ಹಿಟ್ ಆಗಲ್ಲಿ ಅನೋ ಆಸೆ ಇದೆ sir,0
kannada namjeeva rath,5
idella nodidre sarvadikarane sari ansutte. prajaprabhutdvalli 1000 bhrashtaru. sarvadikara adalitadalli obbane bhrashta. adakke soudi,0
Vijay prakash sir,5
I ಸೂಪರ್ Brother,0
Gaali maathina bajaaru sudhi madide sumaaru.,0
Mutturaj Melageri nkanti,0
Super song.i am d boss fan,0
@Mad Titan 8iokkiyhopbrfnllj,5
@Kirankumarkk Gowda muchole sakku dengbeka bagsi,2
Hands up ಇದು ರಕ್ಷತ್ ಅವತಾರ,0
Thuu nachike annodhe elwa yella vishaya galu bare joke madkonde erthiralla ... loo change aagro ennu time edhe,3
Aga navu yaru TV Alli nododu beda. Suvarna channel avra TRP kammi madsona. Aga avrige buddhi barutte. Olle olle films Nella isht Bega TV Alli hakudre theatre ge yaar hogtare,3
ಶಂಕರ್ ಅಶ್ವಥ್ ರೊಂದಿಗೆ ಅತ್ಯಂತ ಸುಂದರವಾದ ಸಂದರ್ಶನ,0
Super 🤟🤟🤟🤟 song,0
I like it,5
D Boss fans ಕಡೆಯಿಂದ ಆಲ್ di best,0
Kannada industry ali estu dodda dodda nayakaru edira nimana nivu nima work ali nivu busy agodu bittu e kannada natanana mathe ondu chance kodsi avarge help madi.....hale natarana maribedi plzzz,0
ಕಿಚ್ಚ ಸುದೀಪ  ಅಣ್ಣನ ಅಭಿಮಾನಿಗಳಿಂದ ಕಡೆಯಿಂದ ಆಲ್ ದಿ ಬೆಸ್ಟ್ ...nಚರಿತ್ರೆ ಸೃಷ್ಟಿ ಅಗೋದು ಪಕ್ಕ....,0
Movie chindi chitranna best movie ever,0
Super Guru,0
R.N. Laxmi Mahadev Anna.    Thamma.  Janpada.    Super,0
Super  bro,5
Kshamisi sir nanu tumba miss madkonde,0
Movie na theatre nalli nodokagilla anta and movie tumba dina odilla anta bejaragtide,0
1.45 to 2.00 super,0
Enn Guru BGM .chindhi maadbitte,0
@sonali sona link a....theatre hogi nodi nim avrindha olle films ge value illa,3
Curiousity thumba jaasthi aagthide bega release maddri,0
ಕಿಚ್ಚ ಸುದೀಪ್ ಅಭಿಮಾನಿಗಳು ವತಿಯಿಂದ  All the best,0
Superb bro ..,5
Super film,0
ಅವನೇ ಶ್ರೀ ಮನ್ನಾರಾಯಣ ಮೂವಿಗೆ ಕಾಯ್ತಾ ಇರೋರು ಲೈಕ ಮಾಡಿ nಆಲ್ ದಿ ಬೆಸ್ಟ್ from ಡಿಬಾಸ ಫ್ಯಾನ್ಸ,0
Signature stepge kaasu....Adakkentha theatre hogthini...,0
ಕಕ್ಕ ಮಾಡ್ಕೊಳ್ಳೋಕೆ ಬಂದ್ ಬಿಟ್ಟಿದ್ದಿಯ  ಇಷ್ಟೆಲ್ಲ ಹೇಳಿಕೂಡ chinaದು use ಮಾಡಲ್ಲ ನಾನ್ ಹೇಳಿರೋದು apps ಬಗ್ಗೆ ಕಣೋ products ಬಗ್ಗೆ ಅಲ್ಲ...ಮಾಡಿರೋ ಕಕ್ಕನ ತೊಳ್ಕೊಂಡು ಮನೆಗೆ ಹೋಗು,1
Tiktok sule makkla papa thumbs hurt agidri sadee nan gandu galuu,3
@prithvi nayak lo ಬೇರೆ ಲ್ಯಾಂಗ್ವೇಜ್ ಅವ್ರಿಗೆ ಬಕೆಟ್ ಹಿಡಿದಿಲ್ಲ ಬಿಡೋ ನಮ್ ಬಾಸ್.... ಸೈಡ್ ಆರ್ಟಿಸ್ಟ್ ಇನ್ ಸೈರಾ &ದಬಾಂಗ್ 3 ಅದ್ರಲ್ಲೂ ಹೆವಿ buildupಲುಚಂದು..... ಸೈಡ್ ರೋಲ್ ಬಾಡಿ ನೇ ಇಲ್ಲಾ ಪೈಲ್ವಾನ್ ಅಂತಾ ಹೆಸರು ಬೇರೆ ಅಸ್ಥಿಪಂಜರ ಅಂತಾ ಹೇಳ್ಬೇಕು.... ಯಾವ್ ಥಿಯೇಟರ್ ಅಲ್ಲೀ ಇಲ್ಲಾ ಗುರು ಪೈಲ್ವಾನ್ 100 ಡೇಸ್ ಕೂಡ ಆಗಿಲ್ಲ utter,2
ಕಥೆ ಚೆನ್ನಾಗಿದೆ ಇದು  ದಯವಿಟ್ಟು ಕನ್ನಡ ಚಿತ್ರಗಳಿವೆ ಬೆಂಬಲ ಕೊಡಿ,0
ಬಸವರಾಜ ಕೆಂಚರಡ್ಡಿ g,0
Paaapa. Konegu tik tok hoythu.. nayigal boglod kadme aythu,4
ರಕ್ಷಿತ್ ಎಂಬುದು ಹೆಸರು... ASN  ಎಂಬುದು ಎಮೋಷನ್....,0
ನನಗೆ ನಿನ್ನೆ ಕಥೆ ಹೇಳಿದರು ಒಬ್ಬರು ಅದಕ್ಕೆ ವಿಡಿಯೋ ನೆನಪು ಆಯಿತು. ಸುಪರ್.... ಇವನ ಊರು ಶಿಗ್ಗ್ಲಿ,0
ಓಕೇ ಓಕೆ‌....ನನಗೆ ಗೊತ್ತಾಗಲಿಲ್ಲ.....,0
Ee music director d Boss Robert movige irli enuvru like mdidri,0
Yentha shoot madbeka,1
Bgm is,5
@Nandi Parthasarathi  ಸ್ವಾಮಿ ದೊಡ್ಡಬಳ್ಳಾಪುರ ರಾಜಕಮಲ್  ನಲ್ಲಿ  ಕೇಸಿಎನ್ ಗೌಡ್ರು owner .ಆದ್ರೂ ಬಾಡಿಗೆ therater  ಕೋಟಿರೋದ್ರ ದಿಂದ  ತುಲುಗು ಸಿನಿಮಾ 3  ರಾಜಕಮಲ್ ಹಾಕಿದನ್ನೇ,2
Guru nin heliddu super nija.adre e Bindu lowda avn ammun tukali sule maklige uriyutte ade indiyadalli gst jasti madidre strick madthare ade tik tok madi chinage amount hodre kushi agthare ivrella bharatiyaralla chinise tunnege uttdoru,2
Ond ond film ge koti koti togotira.. ellide sir nim manaviyate.. help maadi sir evrige.. samanyadavru alla evru ashwath avr maga. Kannada industry ge hemmeya actor kanri.. punith sir neeve barbeku.. shivanna.. neevadru help maadi. Esht movie li Nim Appa ji avrge appa'n role madiddu evra appa'avr. Marebedi sir,0
@Madhu Madhu thanks bro,5
Super dance step,5
Love u boss,5
Super brooo 🥰🥰🥰,5
ಬಂದ ಬಂದ ಬಂದಾ! nಬೇಟೆಗಾರರ ಬೇಟೆಗಾರ - #ASN ಅವನೇ ಶ್ರೀಮನ್ನಾರಾಯಣ nತಲೆ ಗಿಮ್ಮ್ ಅನ್ನೋ music ಕೊಟ್ಟಿದಿಯ ದೇವ್ರು ಅಜನೀಶ್,0
@Shivananda Kanni rrerworror,5
Trailer  super  ide sir edu Hindi nalli kuda release madi please,0
Superb song nange esta aytu,0
i love u ದಿಯಾ,0
Guru yava game edu,0
Sooper pa Rakshit.  mukali haryanga talent paa nindu,0
Yelli tanka jana moodnambke bidalvo alli tanka inta shatnayakru useless videos haktane irrtare guru.nMahabharata tumba olle moral story. Jeevanakke bekagiro tumba paata ide idralli. Adunella use madkondu olle jeevna madbeku aste.,1
Film yavaga release?,0
Flair gun in pubg,5
@Vinay Vn  nani gentle men??,2
En guru song akkan idu song Andre akkan navgothalla,0
ನಮ್ಮ ದರ್ಶನ್ ಸರ್ ಪ್ರೆಸ್ ಮೀಟಲ್ಲಿ ಹೇಳಿದರು ಇಂಥ ಸಿನಿಮಾಗಳನ್ನು ನೋಡಬೇಕು ಅಂತ ಕಂಡಿ ವಾಗಿಯೂ ಸಿನಿಮಾ ನೋಡುತ್ತೇವೆ ದರ್ಶನ ಅಣ್ಣ,0
Super bro nD BOSS FANS,5
Same here too..Hyderabadi Kannadiga,5
Kiccha fans kade inda congratulations pajju,0
I can't see Hindi?,5
@sachin Mankar hu bro,0
super song,5
@Manjunath v ನಾನು ಅಷ್ಟೇ ಯಶ್ ಫ್ಯಾನ್,0
@TROLL MONSTER_KANNADA ಓಹ್ ತುಕಾಲಿಗೆ ಹಟ್ಟಿದವನೆ,2
@Mithun KUDLA Kannadadalli nodi... Kannada version views jaasti maadi...,0
@Nandi Parthasarathi ಲೆ ಮುಂಡೆ ಇಲ್ಲಿ ಕೇಳು ನಿಮ್ಮ ಬಾಸ್ ಯಾವಾಗ್ಲಾದ್ರೂ help ಮಾಡಿದನಾ.... ಹೋಗ್ಲಿ ನಿಂಗೆ ಹೊಸ ಕಾಂಡೊಮ್ ಆದ್ರೂ ಕೊಡ್ಸಿದಾನ... ಲುಚ್ಚಾ ಸುದ್ವೇಪಿ,2
shankarnag sir & uppi sir nantara obb uttama actor & director sikkidane nam kannada industry ge Rakshit shatty,0
ಸಾರ್ ಅಶ್ವತ್ಥ್ ಅಪ್ಪಾಜೀ ಅಂತಹ ತಂದೆಯವರನ್ನು ಪಡೆದ ನೀವು ಧನ್ಯರು,0
Spr song,0
Looks very different,5
Yudda maadabeku hogabaradu katukara(RASMIKA) nmunde BHAGAVTHGEETHE,0
ಈ ಸಾಂಗ್ ಚನ್ನಾಗಿದೇ,0
ಸರಿಯಾಗಿ ಹೇಳಿದಿರಿ ಬ್ರದರ್,0
Communist government better enu hagadare,5
ಎಲೆ ಅಡಿಕೆ ಅಕಂಡು ಉಗಿ ಗುರು,1
Super dynamic princ prajwal sir,5
Super  song,0
Bgm is chindi,0
@10 R yaar fan adhru agli.. thandhido buddhi yake.. ivaga yela kfi kade nodtha idhare.. kachada galu heeg madthare.. d boss yavathu yelarnu encourage madthare,3
Sir  ನಮ್ಮ  ದೇಶದ  ಟ್ರೊಲ್  ಮಾಡಿ  ಹೆಣ  ಬೀಳುತ್ತೆ  ಚೀನಾ  ದೇಶದ  ಆರ್ಥಿಕತೆ  ಹೆಚ್ಚಳ  ಆಗುತ್ತೆ   ನಮ್  ಹುಡುಗೀರ್ಗೆ  ಮಾಡೋಕೆ  ಕೆಲಸ  ಇಲ್ಲಾ  ಮುಖಕೆ  ಬಣ್ಣ  ಹಚ್ಚಿ  ಇರೋ  ಹುಡುಗೀರನ್ನ  ರಚ್ಚಿಗೆ  ಎಬಿಸ್ತಾವರಷ್ಟೇ,0
One of the unique person,5
God bless prajju sir,0
Super  appu Bøss fans,5
Making is osum,5
ಗುರು ಏನ್ editing,0
Come back prajwal,5
Super 🤗 song,5
An anna nivu super bidi anna nivu,0
Ayyo  devre    en  comedy  madtira  neevu  hage  voice  sprb,0
@sathish m nNin kano gaandu sariyagi matadu darshan fans bari kettadagi matadtare troll madtidare idu ninge gottenoley darshan na bitre yargu support madolla antha rumors spread madidare adke nangu ange anusthu helde,2
Sleeping beauty syndrome bari yuvakarige mathu yuvathige maatra baruthe ee vaisinnavirige alla ondhu point movie mistake,0
Hidden details in trailer of ASNn,5
ತುಂಬಾ ಚೆನ್ನಾಗಿದೆ ಸರ್ ನಾನು ಸನ್ನಾವಿದ್ಧಾಗ ಕೆಳಿದ ನಾಟಕ ನನ್ನ ಬಾಲ್ಯದ ನೆನಪುಗಳು ಮರುಕಳಿಸಿದವು🥰🥰,0
Anjali Devi y,5
ವಿಜಯ್ ಪ್ರಕಾಶ್ ಸರ್ Voice,0
Namboke sadyane illa,1
ಈ ಚಿತ್ರದಲ್ಲಿ ಯಾವ್ ರೇಂಜ್ ಗೆ ಗ್ರಾಫಿಕ್ಸ್ ಮಾಡಿದ್ದಾರೆ ಅಂತ ಮತ್ತೊಬ್ಬ vfx ಆರ್ಟಿಸ್ಟ್ ಗೆ ಗೊತ್ತಾಗೋದು,0
Nkn ಚಿಂದಿ,0
Nija na 🤔🤔🤔,0
ಸುಪರ್ ಅವನೆ ಶ್ರೀಮನ ನಾರಾಯಣ,0
ತುಂಬ ಚನ್ನಾಗಿ ಅಥ೯ವಾಗುವ ರೀತಿ ಮಾಹಿತಿ ನೀಡಿದ್ದಿರಾ ಧನ್ಯವಾದಗಳು...,0
Manju. D. Uttangi,5
Well said part 2 madu chinna.. chanagide,0
Super song  Handsup,5
Bro NIV helladu nija,5
Nice comment bro!!!,5
ಚೀನೀಯರ ವಿಚಿತ್ರ ಆಚಾರ ಹಾಗೂ ಅದರ ಧುಷ್ಪರಿನಾಮ ತಿಳಿಸಿ. ಉದಾಹರಣೆ,0
Sumniru bro yak nenpustiya adunna madyaratrili. Goose bumps barutte. Hegego aagutte,0
Exlent movie my favorite movie,5
100%  correct bro.,5
Bindu gowdaaaaaa yakamma,0
Boss nin vedio na use madkola roposo nalli post madtini pls bro,0
I like your video s,5
@Prithvi Vishwanath guruve nav #DBoss fans kannada songs nodoku modle like madovru sumne thika yella matadbedi.,3
super duper comedy,0
Nim matanna kadime madi pubg sceans kadime madi...,2
Odeya nodokke theater ge ogide janane eddilla vaapas banbitri nanu nan frds 🤦‍,0
jevanada sathya harithiruva jnani,0
ಕಿರ್ಯಾಕ್ ಕಿಂಗ್nಸೂಪರ್ ಡೂಪರ್,0
Youtube channel nalli ASN release promos upload madi sir,0
Anjali Devi hi,5
@Gagan Gouli baya yake bro follow madi astondu kettoralla navu,0
super movie,5
ಚೈನಾ ಮಾಲ್ ಗಳ ಉತ್ಪಾದನೆ ರಫ್ತು ಹಾಗೂ ಮಾರ್ಕೆಟಿಂಗ್ ಬಗ್ಗೆ ಎಲ್ಲಾ ಮಾಹಿತಿ ನಿೇಡಿದ್ದಿೇರಿ  ನಮನ,0
ಮುಚ್ಚಲೇ..... ಆ ತುಲುಗು ನವರಿಗೆ ಹುಟ್ಟಿರೋರ್ ಥರ ಯಾವಾಗಲೂ ಸೌಂದರ್ಯ ಸೊಬಗುಲಿ ಅವರದ್ದೆ ಹಾಕಿರುತ್ತಾರೆ..... ರಾಜ್ ಕಮಲ್ ಒಂದ್ರಲ್ಲೆ ಕನ್ನಡ ಹಾಕೋದು....,3
Who hate rashmika mandana like heare,5
Yes bro ...,5
Cinema sakkathagide guru,0
Super  songs,5
ಕೇಳಿ ನೆರೆದಿರುವ ಬಾಂಧವರೆnಭುವಿಯಲ್ಲಿ ಇವನ ಅರಿತವರೆ ಯಾರಿಲ್ಲ ಬಿಡಿnಮುನ್ನುಡಿ ಇದ್ದರದೊಂದು ದಂತಕಥೆ..nಇದು ಚರಿತ್ರೆ ಸೃಷ್ಟಿಸೋ ಅವತಾರ...nnಮೈನವಿರೇಳಿಸೋ ಸಾಲುಗಳು,0
Majestic alli mobile and money kaltana mado sule makla nodi kalthkoli shankar Sir na shankar ashwath Sir inspiration to all,1
Top star in sandalwood. D boss,0
Super Super song  you happy,0
GOOD LUCK FOR RAKSHIT SHETTY SIR AND HIS TEAM FRM KICCHA SUDEEP SIR FANS,0
Hindi song yalli,0
Vishwajeet chauhan ok da cool,0
ರಾಜಕಾರಣಿ ಗಳಿಂದ ನಮ್ಮ ದೇಶ ಹಾಳಾಗಿದೆ Brother...,3
@Nandi Parthasarathi Loo Sisya nin Yello erodu,1
Super sir yentha mathu nivu sir nijavada tik tok bagge thilekondirodu,0
It makes history....pakka,0
Step was amazing 🥰 lv u raksh,5
Ban tik tok,1
Ella kannada abhimanigalu kelebekada hasya chataki,0
uoppi  3,5
Super song  anna🤓,0
Rakshit shetty fans like this,5
Rakshit setty avru ondu D boss ge script barudre eng erutte d boss fans,0
Sir nimge anatha anatha dhanyavadhagalu,0
ಇವರ ಸಿನಿಮಾದಲ್ಲಿ ಸಂಸ್ಕೃತಿ ಎದ್ದು ಕಾಣುತ್ತೆ,0
@Rohith K le nin dagar bandli agtavne modlu kudlu olskoloke yelu ella nin avnu musodilla🤣🤣,2
Jai D Boss,0
ಹೊಲಸ ರಾಜಕಿಯ ದಿಂದ ನಮ್ಮ ದೆಶ ಅದಕ್ಕೆ ಹಿಂದ ಉಳಿದಿದೆ,4
Superb song..superb making love you Rakshith sir..,0
ಅಶ್ವತ್ಥಮ್ ನಿಗೆ  ಎಷ್ಟು ಭಾಷೆ ಬರುತ್ತವೆ ಅಥವಾ ಯಾವ ಭಾಷೆ ಬರುತ್ತೆ?,0
Amazon Prime li sigtide,0
@Nandi Parthasarathi ಒನ್ ನೈಟ್ ಸಿಗೆ,2
@Doddesh Rogannavar Loki,5
Bere singer ge ee song kettidre innu cholo keltittu,2
ಹ್ಯಾಂಡ್ಸ್ ಅಪ್ ಇದು ಅನವರತ....,0
@sᴀɴᴅᴀʟᴡᴏᴏᴅ sᴛᴜᴅɪᴏ ᴍᴏᴠɪᴇs munde gottagutte,0
@Kumara Kantirava sari bidi navella kannadigare,1
HAI NANOO KOODA ...BHARATHnNANGU ASTE NIDDE ONDU DODDA KAYILE...AGIDE,0
Correct alva guru nin mathu 100 sathya,0
Veerappan ennu badkavna elva edra bagge ondu video madi sir. 🤔,0
ಒಳ್ಳೆತನಕ್ಕೆ ಈ ಪ್ರಪಚದಲ್ಲಿ ಬೆಲೆ ಇಲ್ಲ ಸರ್ . ಆದ್ರೆ ಒಳ್ಳೆತನ ಯಾವತ್ತೂ ಸೋಲೋದ್ಧಿಲ್ಲ ಗೆದ್ಧ್ಚೆ ಗೆಲ್ಲುವೆ ಒಂದು ದಿನ,0
Chinddi hagi madidiya guru,0
Vp super voice,5
Ee song nodidmel kado kattakade preshne......Next song yavaga???!,0
Bro navu arvinda tilkotidivi andre navu avrige yenadru kodbeku dodd dodd channel galige hinde dodd vyakti irtare so skip madade nodi avrigu duddu barli  .,0
Ean dailag guru,0
ಬಿಟ್ಟ ಹೋಗಿರೋ ರಶ್ಮಿಕಾ ಗೆ ಹೇಗ್ ಆಗ್ಬೇಕು ಗೊತ್ತಾ ಯಾಕಾದ್ರೂ ಬಿಟ್ಟ ಹೋದೆ ರಕ್ಷಿತ ಅವರನ್ನ ಅಂತ ಫೀಲ್ ಆಗ್ಬೇಕು ಆ ತರಾ success ನಿಮ್ಮದಾಗಲಿ ಶ್ರೀನಮ್  ನಾರಾಯಣ ಸಿನಿಮಾ,2
Super song sir,0
Nice movie,0
@Syed Akbar even KGF had songs,5
ಏನ್ ಮ್ಯೂಸಿಕ್ ಕೊಟ್ಟೀದಿಯ ಗುರು..nI'm surrender ಟು ಲಿರಿಕ್ಸ,0
Ondu week ga 11 films release madudra.Ee traffic jam alli nimana lock madi tamil telugu vehicles ge zero traffic in karnataka.,5
Ultimate kannada movie super,5
Rakshith Sir fan like here,0
ಉಳಿದವರು ಕಂಡಂತೆ ಪಾರ್ಟ್ 2,0
I love u boss,5
Nenne bigboss nalli chandan same step maadudru..,0
Full gichhh Madi nod anaa mast,0
super songs super steps,0
Super Sir songs kicchaa big boss fan,5
ಕನ್ನಡ ಫಿಲ್ಮ್ ಹಿಸ್ಟರಿ ನಲ್ಲ್ಲಿ ಎರಡು ಕಾಲ ಘಟ್ಟ ಇರುತ್ತೆ,0
AvaneSrimannarayana du background music BGM release madi sir,0
Rashmika mandana aunty full stomach burning haa?!!! 🤣🤣🤣,2
ಇದು ಚರಿತ್ರೆ ಸೃಷ್ಟಿಸಿದ ಸಾಂಗ,0
Love story bandidde adre e Tara yavdu illa,3
7 ವರ್ಷ ಕಷ್ಟಪಟ್ಟು ಮಾಡಿರೋ ಸಿನಿಮಾವನ್ನು ಸರಿಯಾದ ಸಮಯಕ್ಕೆ ಬಿಡುಗಡೆ ಮಾಡ್ಬೇಕಿತ್ತು ಸರ್... ಕೊರೋನಾ ವೈರಸ್ ಬಗ್ಗೆ ತಿಂಗಳ ಹಿಂದೆ ಮಾಹಿತಿ ಇತ್ತು.. ನನ್ನ ಪ್ರಕಾರ ಸಿನಿಮಾ ಸೋತಿದ್ದೇ ಆಗಿದ್ರೆ ಅದು ನಿಮ್ಮದೇ ತಪ್ಪಿಂದ... ಆದ್ರೆ ಇಂತ ಅದ್ಬುತ ಸಿನಿಮಾವನ್ನು ಇನ್ನೊಮ್ಮೆ ರಿ ರಿಲೀಸ್ ಮಾಡಿ ಸರ್....,3
Dhananjay Kinyaje ಇಲ್ಲ ಮಲಯಾಳಂನಲ್ಲಿಯೂ ಈಗ ಮೂವಿ ಓಡ್ತಾ ಇಲ್ಲ..ಅಲ್ಲಿ ಏನಿದ್ರೂ ಸೂಪರ್ ಸ್ಟಾರ್ ಗಳ ಮೂವಿಗೆ ಡಿಮಾಂಡ್ .ನಾನು ಎಷ್ಟೋ ಮೂವಿ ಯನ್ನು ಟಿವಿಯಲ್ಲಿ ನೋಡಿದ್ದೇನೆ..ತುಂಬಾ ಚೆನ್ನಾಗಿರುತ್ತೆ..ಆದ್ರೆ ಥಿಯೇಟರ್ ನಲ್ಲಿ ಓಡಿರೋದಿಲ್ಲ...ಕನ್ನಡದಲ್ಲಿ ಹೊಸಬರಿಗೆ ಇರುವಷ್ಟು ಸ್ಪೇಸ್ ಬೇರೆ ಭಾಷೆಯಲ್ಲಿ ಇಲ್ಲ...,1
Charitre shrustiso avatara....nRakshith ge idu hosa avatara,0
@Sujith Manipal alla uddin khalji dehali sulthana ...... ava ennu iddana,0
ವಿಜಯ್ ಪ್ರಕಾಶ್ ಅವರಿಗೆ ಈ ಸಾಂಗ್ match ಆಗ್ತಿಲ್ಲ but music is good,0
Navu matar use madatilla jagatinna yella deshgalu use madatidare.solemagane,1
ಖುಷಿ ತುಂಬ ನೋವಾವಿತಮ್ಮ. ನೈಜ ನಟನೆ ನನಗೆ ನಿನ್ನ ನೋಡಿ ತುಂಬ ಅತ್ತುಬಿಟ್ಟೆ.,0
@Poojari Avinash pls nivelru movie na promote madi. Insta & fb alli promote madi,0
Super d boss fans,0
ಸೂಪರ್  ಸರ್,0
@Chandan Papu lo childu dheera dheera appata kannada song salam rocky bhai hindi song modhlu adana tilko,2
supper song,5
Eno Anna dool ebsi bitti alla comment boxnalli,1
I am not understanding,5
Yes it's true,5
@Troll Stupid Fans halkat sulemagne nin Amman thullu sulemagne gaandu nayi sulemakla d boss bagge matadidre sulemagne Ninnamman keythini ashte nayi rande soole maga Nim Amman kalisu keythini soole rande magne,2
JASTI COMMETS MADIRODHU D,0
@Sanju Sp adhu gun hesru,0
Film hit ahagokai e tharadha song irbaiku,0
Guru kiccha matte puneet matte Shivanna boss anta yaaru annala guru,2
Evarge tik tok elde kakkasu agola anusutte,3
Hindi song ka ling do please,5
ತುಂಬಾ ಚೆನ್ನಾಗಿ ಮತಾಡ್ತಿಯ,0
ತೊಗರಿ ಅಭಿವೃದ್ಧಿ ನಿಗಮದ ವ್ಯವಸ್ಥಾಪಕ ನಿರ್ದೇಶಕರಿಗೆ,0
Ayyoo.  Teligram nalli 10 ralli 9 jana nodidaare..n Matte naanu 12 saari nodidini ..what a movie ya... Mother sentiment,0
ಹಾಡು ಕೇಳ್ತಾಯಿದ್ರೆ ಒಂಥರ ಲವ್ಲಿ ಕಿಕ್ ಏರುತ್ತೆ ಅನ್ನೋರು ಲೈಕ್ ಮಾಡಿ.......nಧನ್ಯವಾದಗಳು...nರಕ್ಷಿತ್ ಸರ್...ವಿಜಯ್ ಸರ್....ಅಜನೀಶ್ ಸರ್... ಸೂಪರ್ಬ್ ಸಾಂಗ್.ಹ್ಯಾಂಡ್ಸ್ ಅಪ್,0
ಇದೆಲ್ಲ ನಿಜಾನೆ ಏಕೆ ಅಂದ್ರೆ ಮಹಾಭಾರತ ನಡೆದಿರುವ ಬಗ್ಗೆ ನಮಗೆ ಗೊತ್ತಿದೆ ಅದರ ಕುರುಹುnಶ್ರೀ ಕೃಷ್ಣನ ಹೃದಯ ಈಗಲೂ ಪೂರಿ ಜಗನ್ನಾಥ್ ದೇವಸ್ಥನದಲ್ಲಿ ಜೀವಂತವಾಗಿ ಇರುವುದುn ನಮ್ಮ  ಕೆಲವು ರಾಜಕಾಿಣಿಗಳು taxnಹಣ ದೋಚುವ ಬಗ್ಗೆ ಹೆಚ್ಚಿನ ಆಸಕ್ತಿಯನ್ನು ಹೊಂದಿರುತ್ತಾರೆ. ಆದ್ದರಿಂದ ಇಂತಹ ಅನೇಕ ವಿಚಾರಗಳು ಯಾರಿಗೂ ತಿಳಿದಿಲ್ಲ,1
@prithvi nayak ಪೈಲ್ವಾನ್ ರನ್ನಿಂಗ್ ಸಕ್ಸಸ್ ಫುಲ್ ಇನ್ mars,0
Karab guru nenu nNkn eddu masthu🤗,0
Dagar sule munde bindu,2
Well side bro,5
ಹೌದು ಹುಲಿಯಾ,0
2020 ಇಪತ್ತರಲ್ಲಿ ಅತ್ಯುತ್ತಮ ನಿರ್ಧಾರ ಸರಿಯಾಗಿಯೇ ಇದೆ,0
Nangu tumba ase movie nodbekanta adre movie near by yellu illa.,0
Shivanna fans from Kerala,5
Muccukondiro neenu ninna labaskoskara bogalbeda kendra sarakara mannu tinnuttiddara modige takattu ilva byan madakke,2
ಅ ಬಿಂದು ಲವಡಗೆ modalu ತಿಕ್ಕ odibeku ಗುರು.....,2
Sir ಗೊತ್ತು sir ಈ video ಮಾಡಿ 1ವಾರ ಆಗಿದೆ ಅದುನ್ನ ಮೊದ್ಲು ನೋಡಿ sir,0
First Karnataka dalli tamil and telugu cinema galile bedike kadime agbeku avarinda ne nam kannadakke e paristithi,1
Hats of Shankar Ashvath Sir.nimma e swabimaanada jeevana Sukakarawaagi Saagali.,0
Music super,5
Howdu howdu howdu...,0
Sannavridvi idanna caset haaki keltidvi. Vatta maryakaagangilla.. uttara karnatakad maat kati sobugandra hinga nodri namd..,0
Nanna prakara badukira bhahudu adare media davari aa cotiyalli ashvattama na bage yake gottaglilla,3
superb really i liked it  like anything,5
Nam mane gu bandida,1
Thank you bhai..,5
Hands up,5
@Naveen R Naan sigapu manithan,0
34 M 🤫🤫,5
Any non kannadiga here?,5
Nam oorigu  bandidda. Nanu chicken biryani tinsi  kalsde,0
Heroine ... Love you,5
ಸೂಪರ್ ಸಾಂಗ್ ಹುಚ್ಚೆಬ್ಬಿಸುವ ಸಾಂಗ್,0
Rama Rama tusu daksha vrutha jaaripa,5
Tumba kalaavidara gati ide. Kalege bele illa. Ashwath Awara family ge ee thara aagbaardittu.,0
Hen helde guru,0
ಯಾರ್ಯಾಗ್ ಈ ಸಾಂಗ್ ಇಷ್ಟ ಆಯ್ತು ಲೈಕ್ ಮಾಡಿ...,0
ಸೂಪರ್ ಡೂಪರ್ ಹಿಟ್ ಮೈ favarate  ಸಾಂಗ್,0
Step was awesome,0
DEVARU OLLEYAVARIGE  KASTA KODTHANE ADHARE  KAY BIDALA,0
ನನಗೆ ಯಾದಿ ಮೇ ಶಾದಿ  ಕ್ಯಾಸೆಟ್ ಹಾಡುಗಳು ಬೇಕಾಗಿವೆ,0
Kannada industry nintirode Yash,0
Super guru,0
Idu charitre shrustiso avatara @ RAKSHIT SHETTY,0
ಬಾಯ್ ಬಡ್ಕೊಬೇಕು ಹಾಡು ಕೇಳಿದರೆ,0
Just say WOW,5
Vivek G side ge hogro nim,3
Trending in no. 1,0
Hindi version plzzz,5
@Royal Rumble story ge ee song relevantag idya...nEe song bekagitta anta...,1
Super super super super  song,5
ನಿಮ್ಮ ಈ ಚಿತ್ರ ಇಡೀ ಭಾರತದಲ್ಲಿ ಜನ ಮಾತಾಡೋ ಥರಾ ಆಗುತ್ತೇ..,0
Devaru nimmanna nimma kutumbavanna.chennagi idali..we at cab driver,0
No.1 song ri,0
Nivu Yaste ugudru Sariagla,0
ಬರೆಯುತ್ತಾ ಹೋದರೆ ಇದೊಂದು  ಸುದೀರ್ಘ ಲೇಖನವಾಗಿಬಿಡಬಹುದೇನೊ ಆದರೆ ಈ ಕ್ಷಣಕ್ಕೆ ಈ ಒಂದು ಅಪರೂಪದ ಸಿನೆಮಾದ ಕುರಿತು ಬರೆಯದೆ ಅಪೂರ್ಣನಾಗಲಾರೆ. ಕೆಲವು ಸಿನಿಮಾ,0
Hiii......Amar Prasad avre,0
Super song pakka block buster,5
Tiktok inda nam personal information china avrge gottagtide.... idella avrge gottagtilla bvc galu... ban madidre avrge madok bere kelsa iralvalla adke itara adtidare🤦‍and yar yaru tiktok ban madbardu anta heltaro avr videos nododna  modlu stop madbeku,4
@Nandi Parthasarathi ನಂದಿನಿ ನಂದಿನಿ ನಿನ್ ಶಾಟ ವಾಸ್ನಿ,2
@Kiccha Vitthal ನಿಮ್ಮ ಅವ್ವ ಗಲೀಜ್ ಅಂತೇ,2
Please innodh video maadi bro ticktock bagge,0
Hands up,5
Movie is awesome,5
ಎಲ್ಲಾ ಭಾಷೆ ಅಲ್ಲು ಹಾಡು ತುಂಬಾ ಚೆನ್ನಾಗಿದೆ ಅಂತ ಹೇಳುವವರು ಇಲ್ಲಿ,0
Extradnary talent from raksit setty e movie enadru Kannada industrige hosa sandesha kodutte annoru like madi,0
सर आप लोगो से निवेदन है आप छत्तीसगढ़ मध्य्प्रदेश इस तरफ़ खुद की टाकीज खरीद लीजिये जिसमे सिर्फ साउथ की डब मूवी ही चलेगी आपसे रिक्वेस्ट है आप पैसा इन्वेस्ट करके दिखे छत्तीसगढ़ दुर्ग में तरुण बिग सिनेमा खाली हो रहा है आप दुर्ग में इन्वेस्ट कर सकते है nफिर क्या आप लोग धीरे धीरे पूरे हर जिलों में 1 सिनेमा घर आप अलॉट करते जाना फिर देखना आपकी हर मूवी को हम देख सकते है और अच्छा बिजनेस भी कर सकेगी,5
സൂപ്പർ മൂവി,5
രക്ഷിത് ഷെട്ടി കേരള ഫാൻസ്nRakshit Shetty kerala fans,3
#Vp Sir Super singing,5
Please darshan fans dislike madbedi nim Hero ne great but please Ee movie ge dislike madbedi,0
ನಾನು ನೋಡಿದ  ಸೂಪರ್ ಮೂವಿ ಹೃದಯ ಮುಟ್ಟಿದ ಸಿನಿಮಾ ಬಾವನೆಯ ಸಿನಿಮಾ ಲವ್ ಉ ದಿಯಾ,0
Bere Level #ASN #'Hands Up',0
Alla ri  valmiki real life na khate bardidaro real khate bardidaro avnu ganeshana hattira barsiridu avaga Ramayana Mahabharata nadide Ella  haganta ashvataama badkidane anta hege nambtira astukku adu nadidide elvo namg gotte ella adu hege aahvataama badkidane anta heltira. Edu bidi nivu avna nodidira bandu Kate helda anta ede alla nivu hogi kelidira avaru buildope GE helirbodu. Edu yarige esta agidiyo avru like madi.,2
ಹ್ಯಾಂಡ್ ಸಪ್ ಅನವರತ,0
ಚಂದನ್ ಶೆಟ್ಟಿ ಟ್ರೊಲ್ ವಿಡಿಯೋ ನೀವು ನೋಡಿ ನೆಗಡ್ಡೆ ಇದ್ರೆ ನಾವ್ ಗ್ಯಾರಂಟಿ,0
ನೀಜಾ ಅಣ್ಣಾ ಸೂಪರ್ 🤣🤣🤣🤣🤣🤣🤣🤣,0
Devaru olledu madtane sir..nimge chenag iri,0
basava basavaraj mind your words. Maathina mele niga irli.,0
Nija. Never support communist party,5
Creative kannadiga super neevu..,0
1st rank raju,5
est movie li ede tara ede  same scenes.,1
Thank you so much Fayaz bhaii,5
Super And Best Film My entire life..,5
ಈ ವರ್ಷದ ಅತ್ಯುತ್ತಮ ಚಿತ್ರಗಳು ದಿಯಾ & ಲವ್ ಮಾಕ್ಟೇಲ್....,0
Y boss yaro sade,1
Super Anna enu ugiri chanagi,0
Hand's up,0
Yaar guru idnu kooda dislike maadidare,1
Bro aa game  name  heli,0
Xxxx I 444is,5
In sandalwoodnnTumba janrige jaatre hero gale ishta aagodu.. talent content bekagilla.. rhyming dialogues matte badavara para horado hero... Aaith mugitu,0
Superb movie i love this movie very much,5
Anjali Devi hi,5
Avane shriman narayana,0
ಜೈ ಜೈ ಹೋ ಶ್ರೀಮಾನ್ನಾರಾಯಣ nnnn,0
Now karabu is most liked song,0
ಚರಿತ್ರೆ ಸೃಷ್ಟಿಸೋ ಅವತಾರ,0
anup kulkarni... True,5
ಎಲ್ಲೋ ಏನೋ ಆಗಿದ್ದಕ್ಕೆ ಟಿಕ್ ಟಾಕ್ ಬ್ಯಾನ್ ಮಾಡಿದ್ದಾರೆ ಅಂತೆnnಲೋ ಕಚಡ ಕಂತ್ರಿ ಗಜ್ಜಿ ನನ್ನ ನಾಯಿ ನನ್ನ ಮಗನೇ ನಮ್ಮ ದೇಶದ ಸೈನಿಕರ 20 ಸೈನಿಕರು ಉಸಿರನ್ನ ಕಿತ್ತುಕೊಂಡಿರುವ ಶತ್ರು ರಾಷ್ಟ್ರದ ಕಿತ್ತೋಗಿರೋ ಆಪ್ ಅನ್ನು ಡಿಲೀಟ್ ಮಾಡ್ ಇರೋದಕ್ಕೆ ಎಲ್ಲೋ ಏನೋ ಆಗಿದೆ ಅನ್ನೋ ಬುದ್ಧಿಮಾಂದ್ಯತೆ ನಿನಗೆ ತುಂಬಿದೆ ನಿನ್ನಂತ ಅವರನ್ನು ಡೈರೆಕ್ಟಾಗಿ ಹಣೆಗೆ ಗುಂಡಿಟ್ಟು ಚೀನಾ ಬಾರ್ಡರ್ ಅಲ್ಲಿ ನಿಲ್ಲಿಸಿ ಸಾಯಿಸಬೇಕು ಕೊಲ್ಲಬೇಕು,2
Super star in uk tippa,3
ಪವರ್ ಸ್ಟಾರ್ ಪುನೀತ್ ರಾಜಕುಮಾರ್ ಅಭಿಮಾನಿಗಳಿಂದ all tha best,0
ಈ ತರಹ‌ ಒಳ್ಳೆಯ ಕಾಂಸೆಪ್ಟ್ ಇಟ್ಕೊಂಡ್ ಮೂವಿ ಮಾಡ್ರಪ್ಪ. ಕಿಸ್ ಮಾಡೋದು,0
@desperado  ಶ್ರೀ ಮನ್ ನಾರಾಯಣ ಡಬ್ಬ ಸಿನಿಮಾ,1
@TROLL MONSTER_KANNADA nಆಯ್ತು ಕಣೋ.... ಇವಾಗ ನೀನು ನನಗಿಂತ ದೊಡ್ಡ ಷಂಡ ಅಲ್ಲ ಅನ್ನೋದಾದ್ರೆ ನಿನ್ mobile no. ಹಾಕೋಕೆ ಏನೋ ಕಷ್ಟ???? ನೀನ್ ನಿನ್ mobile no. ನಿನ್ ನಿಜವಾದ ಹೆಸರು ಹಾಕ್ಲಿಲ್ಲ ಅಂದ್ರೆ.... ಮೇಲೆ ನೀನು ಬೈದಿರೋ ಅಷ್ಟೂ comments ನಿಂಗೆ ಉಲ್ಟಾ ಆಗ್ಲಿ.... ನಿನ್ನಮ್ಮನ್,2
Vijaya prakash sir.... Spr,5
Super songs,5
Daily hakri........ nim video super agirutte,0
Super song ..,0
@Seema Ankalgi ft   ft ftnnnnCu,0
ಚಂದನ್ ಶೆಟ್ಟಿ ಟ್ರೊಲ್ ವಿಡಿಯೋ ನೀವು ನೋಡಿ ನೆಗಡ್ಡೆ ಇದ್ರೆ ನಾವ್ ಗ್ಯಾರಂಟಿ,0
Kach hogedu banda varu like madi,0
No comments. Kambani kannadi iddanthe,5
Hindi version Elli ide guru,0
Nan nodidini mobile li,0
Super movie 🤩,0
Nimage aa devaru olledu madali Appaji...nNimma matugalu keli nange 100% Dairya bantu appaji thank you for your inspiration,0
open song edde agirlli n super music  super stepn         Bharjari gidde SongnnNalle release movie All the best  God bless you nn Dhruva Sarja Abhimanigallindan  Jaiii Anjaneya,0
You are true,5
Chindhi guru.. Sakkath.,0
Flop movie........ Boring,4
Sandeep NKV super,5
@Praveen M V,5
hands up guru,5
ಅಪ್ಪಟ ಕನ್ನಡದಲ್ಲಿ ಮನಸು ಮುಟ್ಟೋ ಹಾಗೆ ಸ್ವಚಂದವಾಗಿ ಮುಖ ಒರಿಸ್ಕೊಳ್ಳೋ ಹಾಗೆ  nಚೆನ್ನಾಗಿ ಉಗಿತಿರಾ ಅಣ್ಣಾ ಉರ್ಕೊಳ್ಳೋರು ಉರ್ಕೊಳ್ಳಿ ಕರೆಂಟ್ ಹೊಡಿದ ಕಾಗೆ ಹಾಗೆ,3
Sir enthavru jaatre dialogue,0
Good job bro.,5
Yes hange kick kodta hogutte.. ಒಳ್ಳೆ synch ಮಾಡಿದ್ದಾರೆ..,0
@Kiran Shali ಲೈ  ತಗಡು ನೀನು ಹಿಂದು ಧರ್ಮದ್ವನೆನೊ ಆಥವಾ  cross ನೀನು,2
ಹೌದು ಸ್ವಾಮಿ ಇಂತ ನನ್ ಮಕ್ಕಳಿಗೆ ಎಷ್ಟು ಉಗಿದರೂ ಬುದ್ಧಿ ಬರಲ್ಲ ನಮ್ಮಲ್ಲೇ ಹೌರೆ ಶತ್ರುಗಳು ಐ ಡೋಂಟ್ ಲೈಕ್ ಚೈನಾ,4
ತೊಗರಿ ತಿಪ್ಪ ಸೂಪರ್ ಸ್ಟಾರ್,0
Hindi version yelli,0
Tital nodi ...ond matu helbeku anth annistu ...Pade pade prashne Keli ...alohage maditirode nivu ....nachike agbeku ..nimge.,0
ಇದು ಚರಿತ್ರೆ ಸೃಷ್ಟಿಸೊ ಅವತಾರ,0
Guru e game name en guru.... Masth eede game,0
Fan from maharashtra 🤩🤩🤩,5
Super O super,0
#BOSS FAN'S YELLA LIKE MADRO,0
ಮರಿಯೋಕ್ ಸಾದ್ಯ ಆಗ್ದೆ ಇರೊ ಸಿನೆಮಾ,0
Song ಹೆಂಗೆ......ಹೌದು ಹುಲಿಯಾ...,0
ಇದರಲ್ಲಿ ಎನ್ ಚನ್ನಗಿದಿಯೊ ಗೊತ್ತಿಲ್ಲ ಆದರೇ ಮ್ಯೂಸಿಕ್ ಡ್ಯಾನ್ಸ್  ಚಿಂದಿ ಆಗಿದೆ.,0
ಯಾರೋ ಚೀನಾ ತು×× ಹುಟ್ಟಿರೋ ಮಕ್ಳು ೬ ದೀಸ್ ಲೈಕ್ ಮಾಡಿದಾರೆ,3
Mp3  osm bro,5
@Nandi Parthasarathi ನಿಮ್ಮ ಅಮ್ಮನ್  ಕಳುಸ್ತೀಯ,2
Jai D BoSs,5
Love u VP  sir super song super voice  RS is a legend Love u,5
ನಮಸ್ಕಾರ super bro,0
a d b boss,5
Super  song I like it so much,0
@d boss mania Bhrame nalli baduktidiya chinna nnModlu darshan ye boss ge bucket hidadu beladirodu adunna taleli itko nnDarshan antha 100 jana na industry boss belsavrennavryako innobban ge bucket hiditare bucket nan magne,1
Superb song,0
Rasmika ge  uribeku nimma cenema successful kanabeku hagu nimma jodi shanvi madam rakshit shetty jote  maduve agabeku idu nimma abhimani asheya,2
Super sir.ನಾವು ಚಿಕ್ಕವರಿದ್ದಾಗ ನಮ್ಮ ಕುಟುಂಬದವರು ಎಲ್ಲರೂ ಸೇರಿ ಕೇಳುತ್ತಿದ್ದೆವು.ನಮ್ಮ ಅಪ್ಪನ ಅಚ್ಚುಮೆಚ್ಚಿನ ಹಾಸ್ಯ ಕಾರ್ಯಕ್ರಮ ಇದು,0
Wow super super super jai India,5
@Nandi Parthasarathi hogo sulemgne urkondu barbeda illi ninna akkna keya wait for Roberrt,2
ವಿಜಯ್ ಮಲ್ಯ ಅವರೇ,0
ಟಿಕ ಟಾಕ್ ಹೀರೋ ಹೀರೋಯಿನಗಳ  ತಿಥಿ ಊಟ ಹಾಕಸು ಗುರು creative ಕನ್ನಡಿಗ,3
@chetan kumarab nan yavagloo compare maddhe...,2
26k dislikes nThese are rashmika fans,3
Shanvi shreevastav bittu bere yav hugiru illa ankondidde,0
Sar nanu nemma thandhe Abimani          Sar good luck,0
ಚಂದನ್ ಶೆಟ್ಟಿ ಟ್ರೊಲ್ ವಿಡಿಯೋ ನೀವು ನೋಡಿ ನೆಗಡ್ಡೆ ಇದ್ರೆ ನಾವ್ ಗ್ಯಾರಂಟಿ,0
@Darshan Jain 🤣🤣🤣🤣🤣🤣🤣🤟🤟🤘🤘gottu bidu maga ningu avna bagge sumne yake bildup,2
Re relice agbeku,0
Akhilanda koti brahmand nayaka simple star,0
ನಾವೇ thukali stars ಅಂತ ಟಿಕ್ tak maritha idru ಕೆಲ sade ಗಳು ivaga ಮನೇಲಿ ಮುಸುರೆ ತಿಕ್ಕಿ baddetava,3
super tippa story,0
Tiktok ben agbek bro,0
All the best...... ಅವನೇ ಶ್ರೀಮನ್ನಾರಾಯಣ ..ಟೀಮ್......ರಕ್ಷಿತ್ ಶೆಟ್ಟಿ ಸರ್......frm ಯಶ್ ಬಾಸ್ fan,0
Unique actor...... super maga,0
Allow illo kelid nenapu,0
Hindi m kb aayega... Hindi m v ache se promotion kijiye plz,5
ಖಂಡಿತ ಹೌದು ಚರಿತ್ರೆ ಸೃಷ್ಟಿಸುತ್ತದೆ  100%,0
Super movie dai,5
2020 super song,5
Matte Hands up enu?,0
Music superaagi kottidiya guru,0
Pakka hit movie,5
BGM neXt levEl nswAg...!,0
kiran kumar same here,5
youtu.be/C3... nnಇದು ಚರಿತ್ರೆ ಸೃಷ್ಟಿಸೋ ಅವತಾರnಅವನೇ ಶ್ರೀಮನ್ ನಾರಾಯಣ nnHands up!! n#ASN,0
ಶತದಿನೋತ್ಸವ ಆಚರಿಸಲೇಂದು ಕಿಚ್ಚಾ ಬಾಸ್ ಪ್ಯಾನ್ಸ್ ವತಿಯಿಂದ ಹಾರ್ದಿಕ ಶುಭಾಶಯಗಳು,0
All are fake,5
ನಿಮ್ಮ ದ್ವನಿ ಹೀಗೆ ಬರಲಿ ಸರ್ ಟ್ರೈಲರ್ ಅದ್ಭುತವಾಗಿದೆ,0
All the best for rocking star fans  song vibinna vagidhe,5
MANJUNATH HMv bobby j?,5
Super your video  nice,5
ಎಲ್ಲಿ ವರೆಗು.ನಿವು ಟೈಟಲ್ ಕೆಳಿ ಸಿನಿಮಾ ಒಪ್ಪಿ ಕೊಳ್ಳುತ್ತಿರೊ.ಅಲ್ಲಿವರೆಗೆ ನಿಮ್ಮ ಯಶಸ್ಸಿನ ಬಾಗಿಲ ನಿಮ್ಮ ಪಕ್ಕದಲ್ಲಿ ಇರುತ್ತೆ ವಿನಃ ಅದು ತೆರೆಯಲ್ಲ.ಅಣ್ಣ ನಮ್ಮಂತ ಮಾಸ್ ಆಡಿಯನ್ಸ್ ಗೆnನಿವು ತುಂಬ ಒಳ್ಳೆಯ ನಟ..ಸ್ವಲ್ಪ ಎಚ್ಚರಿಕೆಯಿಂದ ಕಥೆನ ಸೆಲೆಕ್ಟ್ ಮಾಡಿ..ನಿಮಗೆ ಕಂಡಿತ ಒಳ್ಳೆಯದಾಗುತ್ತೆ..,0
ಇದು ಸ್ಲೋ ಅಡಿಕ್ಟ್ ಸಾಂಗ್ ಗುರು.nಅಡಿಕ್ಟ್ ಆಗೋದು ಪಕ್ಕಾ...,0
ಹಾಡು ತುಂಬಾ ಚೆನ್ನಾಗಿ ಬರೆದಿದ್ದೀರಿnಹಾಡಿಗೆ ಸಂಗೀತ ತುಂಬಾ ಚೆನ್ನಾಗಿ ಮೂಡಿಬಂದಿದೆnಹಾಗಾಗಿ ಈ ಹಾಡು ಕೇಳಿದಾಗ ತುಂಬಾನೇ ಖುಷಿ ಆಯ್ತು,0
ನೀವು ಅದ್ಬುತ ..... ಸಾಹಿತ್ಯ ತುಂಬ ಸೂಪರ್.....,0
Namma devaru nimma devaru anta andkollodu samanyane.,0
Climax Swalpa Change madbekittu...,3
ತುಂಬಾ ಚೆನ್ನಾಗಿ ಬೈದ್ರಿ ನಿಮ್ಮ ಒಂದೊಂದು ಮಾತು ಮುತ್ತಿನಂತದ್ದು.......,0
Nice bro ... Nanu ella China apps delete madidini,0
ಕ್ಲೈಮಾಕ್ಸ್ ಚೇಂಜ್ ಮಾಡಿ ರೀ ರಿಲೀಸ್ ಮಾಡಿ ಚಿತ್ರ ಸುಪರ್ ಹಿಟ್ ಆಗುತ್ತೆ ಗ್ಯಾರೆಂಟಿ,0
Full movie upload madri.. Ofter release pls,0
ನಮ್ಮನೆಗು ಬಂದಿದ್ದ ನಾನು ಅವನಿಗೆ ಹೇಳಿದೆ ನಿನ್ನ ಬಗ್ಗೆನೇ ಟಿವಿಯಲ್ಲಿ ತೋರಿಸುತ್ತಿದ್ದಾರೆ ಅಂದೆ ಅದಕ್ಕೆ ಅವನು ಹೇಳಿದ ಹೆಣ್ಣು ಕೋಡಬೇಕಂತ ಎಲ್ಲಾ ಕಡೆ ಹೋಡಕೋತ್ತಿದ್ದಾರೆ. ಅಂತ ಹೇಳಿದಾ,0
@Nandi Parthasarathi ನಂದಿನಿ ಅವ್ರೆ ನಿಮ್ಮ ಹಾಲು ತುಂಬಾ ಕಾಸ್ಟ್ಲಿ ಅಂತೇ ಹೌದ,2
@d boss mania o brame nivu ede tara tilkolli avaru belitare,0
ಸರ್ ನಿಮ್ಮಂತಹ ವ್ಯಕ್ತಿತ್ವದ ಜೀವನಕ್ಕೆ ನನ್ನ ಶರಣು-ಶರಣಾರ್ಥಿಗಳು! ಆ ಸೃಷ್ಟಿಕರ್ತನ ಅನುಗ್ರಹ ಸದಾ ನಿಮಗಿರಲಿ ಎಂದು ಹಾರೈಸುವೆ,0
Rashmika Manddana goskra one sari  hogtini movie goskra Dina hogtina,0
En super helidya bro innu eno beku,0
super super boss,5
Nav avnaa meet agboda sir?,0
Yake avru uninstall madak hinde munde  nodtidare  andre.   Avrige  amount bartide  ansutte tiktok enda,3
ಒಳ್ಳೆತನಕೆ ಜಯ ಸಿಗುತ್ತೆ,0
Exclent 100 sure,5
Nange ondu doubt ? mahabharatha nijavagi nadedidya ?? Or ಕಥೇನ??,0
super togari tippa,5
Thappu ella nima kelavodu dailog druva sarja thara ede sprrrr,0
D BOSS FAN,5
Allappa beta aaa,0
@Venu real life llu haage iddidre accept madabahuditthuu alvaa.. !!!nEspecially obba natananna thumbaa abhimaanigalu fallow maadthaare so avru nija jeevanadallu  maadhari aagirabeke vinaha thappu madbaardu alvaa baree film lli maathra hero aagidre saaladuu real life llu kooda hero agirbeku aaga avaru obba nijavaada  manushya aagoke saadhya... !!!,0
ಚಂದನ್ ಶೆಟ್ಟಿ ಟ್ರೊಲ್ ವಿಡಿಯೋ ನೀವು ನೋಡಿ ನೆಗಡ್ಡೆ ಇದ್ರೆ ನಾವ್ ಗ್ಯಾರಂಟಿ,0
Super songs from,5
Ah boss Ee boss antha group katobadllu.  Simple jeevna ne super,0
ನಮಸ್ತೆ ಮಸ್ತ್ ಮಗಾ.ಕಾಮ್nnನಿಮ್ಮ ಚಾನಲ್ ಅಭಿಮಾನಿಗಳಲ್ಲೊಬ್ಬ ನಾನು...nನಿಮ್ಮ ವಿಡಿಯೋಗಳಿಗಾಗಿ ಕಾಯ್ತಿರ್ತೇನೆ...nnಈ ವಿಡಿಯೋ ನೋಡಿ ಯಾಕೋ ಒಂದಷ್ಟು ಚರ್ಚೆ ಮಾಡಬಹುದೇನೋ ಅನ್ನಿಸ್ತು... ನನಗನಿಸಿದ್ದನ್ನ ಹೇಳ್ತಿದೇನೆ... nಸರ್ಕಾರಗಳ ನಿರ್ಲಕ್ಷ್ಯದ ಬಗ್ಗೆ ನೀವಂದದ್ದು ಸರಿಯೇ... nಆದರೆ ತೀವ್ರತರ ಕೈಗಾರಿಕಾ ಕ್ರಾಂತಿ ಪರಿಸರದ ಮೇಲೆ ಮತ್ತು ವೈಯಕ್ತಿಕ ಜೀವನದ ಮೇಲೆ ಭಯಾನಕ ಪರಿಣಾಮ ಬೀರುತ್ತದೆ... n1. ಇಲ್ಲಿರುವ ಜನಸಂಖ್ಯಾ ಸಾಂದ್ರತೆಗೆ ತಕ್ಕ ಉದ್ಯೋಗಾವಕಾಶ ಸೃಷ್ಟಿ ಕಷ್ಟ...n2. ಇಂಧನ ಮತ್ತು ವಿದ್ಯುತ್ ಪೂರೈಕೆಗೂ ಹೆಚ್ಚಿನ ಪರಿಸರ ನಾಶ ಅನಿವಾರ್ಯವಾಗಬಹುದು...n3. ಇಲ್ಲಿನ ರಾಜಕೀಯ ಸ್ವರೂಪ ಮತ್ತು ಭ್ರಷ್ಟಾಚಾರ ಎಷ್ಟು ನಾಚಿಕೆಗೇಡಿನದ್ದಾಗಿದೆಯೋ ಅಷ್ಟೇ ಹೀನವಾಗಿ ಇಲ್ಲಿನ ಸಾಮಾಜಿಕ ಪಿಡುಗುಗಳಿವೆ (ಜಾತಿ,0
super guru  D BOSS,5
Superrrrrrrrrrrrrrrrrrrrrrrrn         Songggggggggggggggn,5
Guru en helde guru suuuuper nE China deshdorge huttiro Nan maklu nodire jamun juice agigirutte pakka guru nin voice dialogue keltidre keltane irbeku anstide guru ..... But suuuuuuuuuper,4
ಶಂಕರ್ ಅಶ್ವಥ್ ಸರ್ ನೀವು ಒಬ್ಬ ಒಳ್ಳೆಯ ವ್ಯಕ್ತಿ,0
Looks promising,5
Odeya  avane srimannarayana nRakshit shetty =likenDarshan = dislikenJai DBoobs dagarshan,0
Super song ..,0
ಅಶೋಕ್ ಅವರು ಕನ್ನಡದ Christopher Nolan....,0
Super  song,5
Rashika mandhana nodu namma Kannadada tiger naa,0
Super movie sir,5
Super movie.yallaru hogi nodi,0
Jai d boss,5
Good information sir but ivattu yako parokshavaģi  China desha vanna hogalida hage ittu adru ade nija  satya yavaglu kahiyagi irutte,0
ಚಂದನ್ ಶೆಟ್ಟಿ ಟ್ರೊಲ್ ವಿಡಿಯೋ ನೀವು ನೋಡಿ ನೆಗಡ್ಡೆ ಇದ್ರೆ ನಾವ್ ಗ್ಯಾರಂಟಿ,0
Sanskrit language bro....,5
Good job..  Goahead mahn,0
6-5=2 film ತಂಡ ಮಾಡಿದೆ andiddake...e ಫಿಲ್ಮ್ ತುಂಬಾ ಜನ ನೋಡದೆ ಇರ್ಬೋದು...aa ಫಿಲ್ಮ್ ತುಂಬಾ ಗಿಮಿಕ್ ಇಂದ ತುಂಬಿತ್ತು...but this film..has good story base...stop promoting with 6-5=2....all the best,3
Guru super.... Evarige chenaag ittidiyaa,0
Thu.... Gaandu.... Ninobba gandsa,2
ಕಮ್ಯೂನಿಸ್ಟ್‌ ರಾಷ್ಟ್ರ ಅಲ್ವಲ್ಲ ಭಾರತ,0
Superb... sandalwood Gentle man,5
Nijvaaglu sir.olle information kottidiri,0
Super  video,5
Super Duper.. Song,5
ಸರಿ ಇದೆ ಅಣ್ಣ,0
Super song I like it,5
Next song yavaga release madtira nWaiting🤗,0
Shankar sir moulyayutha nudigalu,0
Trailer Kooda 6 dina Trending alli ittu,0
@Nandi Parthasarathi ಹುಚ್ಚು ಮುಂಡೆ,2
Super ತೋಗರಿ ತೀಪ್ಪ,0
howdu first time keldaga nangu ok anstu bt ega kelbeku anstide and sakkath dance moves,0
Hate the dislikers .If it is true like me,3
Super Boss idu actually bekagiddu ... tik tok madavruru sari yagi Thodineku,0
Supper  guru,0
@s s kirik party movie ali heroine name,5
Sir Nimma Swabhimana innu jasthi agli hage Devru nimge innu jasthi Shakthi kodli antha devaranna nanu kelikolluthene,0
super sr togari tippa,5
#u osm BronIvrella common sense less kaacaha galu n# one app value gotthilla sedegalu,0
Full comedy  super,5
Yaaru Film nodkobandu keltiroru like maadi,0
Making ತುಂಬಾ ಚನ್ನಾಗಿದೆ  Lyrics Not good,3
Tusmika manganna Na tikha uriyang Ede... Rakshith Shetty ni hinge belibeku..avl mukli uriyeng,2
@ಜೈ ಭಜರಂಗಿ##ವಿಶ್ವ avaru..dronara maga..,0
@Nandi Parthasarathi ಸುಮ್ನೆ ಸೈಡ್ ಗೇ ಹೋಗು ಗೊತ್ತಲಾ ನಾನು ವಿಶಾಲ್ ಶೆಟ್ಟಿ ಅಲ್ಲಾ... ಮಿಂಡರುಗಾಳಿ,0
Guru ellidde guru real Tallent irodhu ninge,0
@Manoj Kolya Movie nododidre nodu.. Bittre bidu.. Loss ninge ne.. Movie onthu pakka Sandalwood Blockbuster agutte.. Doubt ee illa..,0
Jai d boss,5
Dboss thara ivnu jana galisoke.. dodda dodda dialogue bidalla media munde rakshit na avnge holisbedi,3
Song is super.. But innu swalp fast madiddare sakattagirodu,0
#1 ON TRENDING,0
Super movie,0
My favorite song,5
Heloke padagale siktilla anno padakke artha sikkkantagide,0
Nivu heliddu nija,0
Super star Darshan fans ikada,5
Super video madiddira,0
TUNNE YASH BOLIMAGANE,3
I like sir,5
Anjali Devi hi,5
Olle singer Brw ninu,0
I love gojjekesari Sule gayash,2
Super move,0
Super boss nMake more vedio,5
Tik Tok Banned Jolly Jolly  Jai Hind Jai Karnataka,5
ಸರ್ ಇದನ್ನ ನಮ್ಮ ಕಲ್ಪನೆ ಸಿನಿಮಾ,0
Bro nanu kichcha fan bro...,0
Legit gaming ಅದು ಒಂದ್ ಪದ ಬಿಟ್ಟು ನೋಡು,0
Super song guru,0
ಈ ಚಿತ್ರ ಪ್ರಜ್ವಲ್ ಅವ್ರ ಕ್ಯರಿಯರ್ ಚೇಂಜ್ ಮಾಡೋ ಹಾಗೆ ಕಾಣ್ತಿದೆ ರಾಕಿ ಭಾಯ್ ಯಶ್ ಅಭಿಮಾನಿಗಳ ಕಡೆಯಿಂದ ಶುಭಾಶಯಗಳು🤗🤗🤗,0
Entha movie multi language barbeku,0
Samaj mai kuch nahi aaya I am from maharashtra par majaa aa gaya ..hero kaafi talented hai,5
god bless u sir,5
ಈ ಚಲನಚಿತ್ರವನ್ನು ನೋಡಿದ ನಂತರ,0
ಎಲ್ಲಾ ನಂಬಿಕೆ ಅಷ್ಟೇ..,1
Wow wt I seen ?? Osmm,5
ಕನ್ನಡ ಚಿತ್ರರಂಗವು ಬೇರೆ ಚಿತ್ರರಂಗ ಕಿಂತ ಕಡಿಮೆ ಇಲ್ಲ ಎಂಬುವುದನ್ನು       ಅವನೇ... ಸಾಬೀತು ಪಡಿಸುತ್ತಾನೆ.,0
@Usha Rao ಇವರಿಗೆ ಇದೆಲ್ಲ ಹೇಳಿದ್ರೆ ಅವರು ನಂಬೋಲ್ಲ......ಅವರದು ಒಂದು ರೀತಿ ಆಜ್ನ್ಯಾನ......ಜಾತಿ ವ್ಯವಸ್ಥೆಗೂ ದೇಶದ ಅಭಿವೃದ್ಧಿಗೂ ಸಂಬಂಧವಿಲ್ಲ,3
Superb man,5
Anna aa game yavdu,0
Takathidre kariya thara movie madli,1
ನಮ್ಮ ಸಾಂವಿದಾನ ಕಾನೂನು ಕಾರಣ,0
Super bro yanke uninstall madbeku anno gandugale saryag helidira,0
Super anna,0
ಸೂಪರ್ ಸಾಂಗ್ ರಕ್ಷಿತ್ ಶೆಟ್ಟಿಯವರೆ ಮತ್ತು ಸೂಪರ್ ಟ್ಯಾಲೆಂಟ್,0
ಕನ್ನಡದಲ್ಲೆ ಹೆಚ್ಚಾಗಿ ಮಾತನಾಡಿದ್ದಕ್ಕೆ ಧನ್ಯವಾದಗಳು...nAll the best sr,0
China da environment hegide yargu gotila,0
ಸೂಪರ್  ಡಿ ಬೋಸ್ಸ್ fan,0
Super entertainment movie,0
Hadsap handsap.......plzzzzzzz kannada cinima idndustige handsap me.........saport,0
Yapppaaaa!  Yak guru istond hype e song ge?,2
ನಿಮಗೆ ಒಳ್ಳೇದು ಆಗಲಿ ಸುದೀಪಣ್ಣ ಅಭಿಮಾನಿಗಳು,0
Rock Siddu yaako gaandu soole magane naanu ninna thangina rape maadidna.. yelo mathannu ole mathanaadu.. nanagu baahi ide.. nanage gothilade thapagide.. Neenu mathado reethi badalisiko ...,2
ಹೌದು ರೀ ನಿವು ಹೇಳಿದ್ದು correct,0
So sad. Sir....,5
tumba olle kathe,0
@Shashank Raj ninu thika muchho lo yeno artha aythu ninge ಕಾಮೆಂಟ್ಸ್ ಓದೋದು ಕಲಿ 🤣🤣,2
ತನ್ನ ಉತ್ತಮ ಗುಣಮಟ್ಟವನ್ನು ಸಾಬೀತು ಮಾಡುತ್ತಾ ಮುಂದೆ ಸಾಗುತ್ತಿದೆ... We love you  #ಮಸ್ತಮಗಾ team🤩,0
ayoo super annaaaa,0
ಅದ್ಭುತವಾಗಿದೆ ಚಿತ್ರ ದಿಯಾ,0
Abbabba.... Super movie,0
ಇದು ಚರಿತ್ರೆ ಸ್ರಷ್ಟಿಸೊ ಅವತಾರಾ,0
Guru Deshpande sir you are just amazing,5
Rakesht Shetty. Is. Super.,5
Olledagli sir nimge..,0
@TROLL MONSTER_KANNADA nSandalwood dagar dasa (DBOOBS),5
Super sar song,0
Idu charitre shrustisuva avatara idu charitre shrushtisuva cinema ASN,0
ಟ್ರೈಲರ್ ತುಂಬಾ ಚೆನ್ನಾಗಿದೆnಜೈ ಡಿ ಬಾಸ್.......,0
Super music avane srimannarayana movie super it movie anoru like me,0
ಪುಣ್ಯಕೋಟಿ ಮೂವಿ ಬರುವ ತನಕ ರಕ್ಷಿತ್ ಶೆಟ್ಟಿ ಯವರ ಮೂವಿ ವೇಟ್ ?,0
super song ma,0
Hanna neve super,0
Super... I'm so happy...,5
Super movie I like it,5
Super Jai hind,5
@d boss mania Yegurkollale cake cutting puk,0
Steps r just lit,5
javari tippa superb ri,0
@Raghul SUNIL PANZER WAS,5
@poojitha subbaiah 🤣🤣,5
@Ŕävîñđŕå_02_GøWđřú neenu beedhi soole maga.... neene bandu keliddu.... nan paadig naan comment maadidde.... Oh neev italy yavru alva lowdre.....?,2
Charitre srustiso avatara.....,0
YouTube nali upload agiroduna modhlu delete madsii,3
@Nandi Parthasarathi ನಿಮ್ಮ ಅಪ್ಪ ದೊಡ್ ಗಾಂಡು ಸೂಳೆಮಗ,2
Athu sari kannadanukku tamil actor Vida kannada actor thane pudikkum,5
ಹಳೆಯ ನೆನಪು...ತೋಗರಿ ತಿಪ್ಪ,0
@Mahesh Babu sule magne,2
ಸೋಮಣ್ಣ ಮಾಚಿಮಾಡ Super,0
ಕತೆ ಕತೆಯಾಗಿ ಇರುತ್ತೆ ಇದನ್ನು ನಂಬಲು ಅಸಾದ್ಯ,1
Super  song,0
tandhege takka maga,0
@Nandi Parthasarathi 🤣🤣Joi D boos,5
Super awesome bro,5
Ulti music ajanish sir,5
ಬೋಡ ಶೀರಾ ಅಭಿಮಾನಗಳು ಇಲ್ಲಿ ಲೈಕ್ ಮಾಡಿ,0
@sᴀɴᴅᴀʟᴡᴏᴏᴅ sᴛᴜᴅɪᴏ ᴍᴏᴠɪᴇs irbahudh... but avn mundhe neen yavathidru baccha.. nnNenp idko ondh kanmada actorna nodi beliyodh kali. Adhna bittu avn hero ivn baccha anbeda. Nan Dharshan fan sudheep fan yash fan rakshith shetty kannada actor ellar fan..avr yaro obbaninda kannada film belyall kanale..,2
Shankar Nag Nenapugalu,0
Bgm release madi sir,0
Bro niu videos dali torso gems name yanu,0
ನನ್ನ ಪ್ರಕಾರ ಸಿನೆಮಾದ ಹೆಸರಿನ ಬಗ್ಗೆ ಇನ್ನಷ್ಟು ಗಮನ ಹರಿಸಬೇಕಿತ್ತು ಅನ್ನಿಸುತ್ತಿದೆ,3
Ondondu maathu shalege chappali suthkondu hodeda hagide bro nnNkn chaina apps ban maadsi avar arthikathage hodetha bilali nnTq so much,3
Ayo mostly avarige samskruti bhase barutee ansathe,0
Neevu varshkke ondu cinema madru supper 1varshkke 34cinema madobadalige intha ondu cinema saku,0
Guru ninge like beku andre kelu Kodthare adu bitu thandidabeda,2
ಅನಿಸುತ್ತೆ ಬಂದಹಾಗಿದೆ ರಚಿಸಲು ಹೊಸ ಶಾಸನnಮೆರೆಯಲಿ ಗಗನದಿ ನಿಮ್ಮದೆ ಲಾಂಚನ,0
ನೀನು ಗೆದ್ದೆ ಬಿಡು ಗುರು.....,0
Div movie nodi thumba kushi aithu yakandre hen maklu jevanke atharavada movie thumba adbuthavagithu dia ond  sala nodidini bt  nange e movie na mathe mathe nodbeku anthasuthe. Nanganthu yala movie ista bt  dia thumba special yakae hege antha helodik agthila asta aithu sundravada love Thai preethi  2 hero's  obrg ibru kami illa dia nodvag kushi aithu prithi helthare anvaga kalkondru mathe bere  sambanda besadaga hale prethinali priiithi India duragi mathe bandy mathe kalkonda aa  ondu nimsha jeva kaldoithu bt  gene idru I love dia,0
Insta link ಅಕಿದ್ದೀನಿ ನೋಡಿ bro ಅಲ್ಲಿ ಬಂದು,0
Rashmika missed him!,0
Swag se swagat,5
@Nandi Parthasarathi kurishetra alla adu kurukshetra 🤣,2
ಈ ಹಾಡನ್ನು ಹಾಡಿದ ವಿಜಯ ಪ್ರಕಾಶ voice ಯಾರಿಗೆಲ್ಲಾ ಇಷ್ಟವಾಗಿದೆ ಲೈಕ್ ಮಾಡಿಗಾಳಿ ಮಾತಿನ ಬಜಾರು ಸುದ್ದಿ ಸಾರಿದೆ..........@@@@,0
Benki guru ninu,0
@Supriya Manogna hospital na olage itkondidra doctor,0
Pakka new year party song.... m/,0
Onde baari hattu cinema bandre,0
Super bro Sakkathagide bro,0
Yava game idu,0
D boss fans are like plzzz,5
ಎನ್ ಹೇಳ್ದೇ ಗುರು ಸೂಪರ್ ಲವ್‌ ಯು..,0
Bejar manporchi #PruthviAmber,5
ನಿಜ್ವಗ್ಲೂ ಇದು ಸತ್ಯ ನಾ,0
Nama Kannada channel Dinesh ss qthjjko,0
Rakshit . Rishab,5
Super bro,5
Bangalore ಗೆ ಬನ್ನಿ ಕಾಲ್ ಮಾಡಿ 9743436877,0
Super song..nnn Loved it,0
super ತೊಗರಿ ತಿಪ್ಪ,0
Hello dr. Vivek bindra video copy madidra? Never mind copy adru channagittu,0
Matte film ge banni sir,0
Super togare teppa,0
ಸತ್ಯಕ್ಕೆ ಸಾವಿಲ್ಲ ಸುಳ್ಳಿಗೆ ಸುಖವಿಲ್ಲ  ಇದುಸತ್ಯ,0
@Dhananjay Kinyaje yen promotion madtare ivaru. Bengaluru bittu yelladru hogtara promotion madakke?nTamil,4
Nan November indha kaytiddhe,1
Wow exlent verry new dfrent yellu kelilla nodilla danyavadagalu,0
Super bro naanu Tik Tok maadtidde aadre adenu nam desha kintluu hechenalla namge nam desh beku adke yella chinaa apps na in install maadidini,0
Super song,0
Kannada chitrarangada HEMME,0
Thank you bro,5
Guru tiktok ban agbeku ninu correct guru,0
Fan war bittu dhayvittu ee movie ge support madrappa nam kannada movie Hollywood level ge barli.,0
@sujith naik tale mel hodiyoda ond kudlunu kithkollok agalla,2
Iam your fan,5
Un like madorge mana maryadine ella guru oledelidru kidodrthada adthare,4
Gauri Keshav ಆಂಗ್ಲ ಭಾಷೆ ಬಳಸೋ ಕಾಲದಲ್ಲಿ ಅಚ್ಚ ಕನ್ನಡದಲ್ಲಿ ಸಾಹಿತ್ಯ ಬರೆದಿರುವ ಬರಹಗಾರರಿಗೆ ಕೋಟಿ ಕೋಟಿ ನಮನಗಳು,0
೨೫ ವರ್ಷಗಳ ಹಿಂದಕ್ಕೆ ಕರೆದೊಯ್ದು ಬಿಸಾಕಿ ಬಿಟ್ಟಿತು ಈ ಕಥೆ,0
@Ambrish Mallad beliyodu shata,2
Sir nivu tumba olle olle programs madtira sir,0
ಇವನೊಬ್ಬನ ಮುಂದೆ ಕನ್ನಡದ ಎಲ್ಲಾ ಟೀವಿ ಚಾನಲ್ ಗಳು ಮಂಡಿ ಯೂರಿ ಕುಳಿತು ಕಲಿತುಕೊಳ್ಳಬೇಕು.,0
@Praveen P ik,5
Music and BGM sakkat maga....,0
@Troll Stupid Fans neenu Darshan ge huttirbeku adike avn bagge ne mathadthidiya nimman thulna keyya soole magane.nim amman thull ge kathe thunne sigaka hogi bale akolo aaa gaandu lucha thara,2
sory sir teatarali film nodlike agilla tumba bejaride,0
ಒಳ್ಳೆಯ ಟೇಸ್ಟ್ ಅನ್ನೋದು ಎಲ್ಲರಿಗೂ ಇರೊಲ್ಲ ಕೆಲವರಿಗೆ ಮಾತ್ರ,0
ಈ ಸಿನಿಮಾಗೆ ಎಲ್ಲರೂ ಪ್ರೋತ್ಸಾಹಿಸಿ... ಇಂತಹ ಅತ್ಯುತ್ತಮ ಚಿತ್ರವನ್ನ ಬೆಳೆಸಿ...,0
Sir u r attitude & dance killed performance,0
Super my fevaret  thanks thaku soo mucha  ee janpadh hashy hakedhke shambhu bhalligar avarege kote kote ondhanegallu pls inodhu nuchen malaya edhe alla adhan hakepa pls,0
Nam college  alli degree  BE mugisdorigu nayvagi coding bareyoke barallla,3
ಈ ಚಿತ್ರದಲ್ಲಿ ಯಾವ್ ರೇಂಜ್ ಗೆ ಗ್ರಾಫಿಕ್ಸ್ ಮಾಡಿದ್ದಾರೆ ಅಂತ ಮತ್ತೊಬ್ಬ vfx ಆರ್ಟಿಸ್ಟ್ ಗೆ ಗೊತ್ತಾಗೋದು,0
Waiting... Atyadbuta katahandara,0
Rocking Kannada Movie,0
HANDS UP,5
Pride of Karnataka & Kannada,5
ಈ ಟ್ರೈಲರ್ ಪ್ರಜ್ವಲ್ ದೇವರಾಜ್ ಕೆರಿಯರ್ ನ ಬೆಸ್ಟ್ ಟ್ರೈಲರ್ ಒಳ್ಳೆಯದಾಗಲಿ ಆಲ್ ದಿ ಬೆಸ್ಟ್ ಫ್ರಮ್ ಅಪ್ಪು ಬಾಸ್ ಫ್ಯಾನ್ಸ್,0
Number 1 song,5
Trailer supernLast music like a Telugu movie raakshasudu,5
Superb trailer ....,5
@Nandi Parthasarathi haa,5
Super song.....with dance sakathagide,0
ದೊಡ್ಡಬಳ್ಳಾಪುರ ದ ಸೌಂದರ್ಯ ಮಹಲ್ ನಲ್ಲಿ  ಹವಾ ಪಕ್ಕ .   ....n.. ಕಿರಿಕ್ ಪಾರ್ಟಿ after,0
Super voice sir,5
ಏನ್ ಹೇಳಿದಿ ಗುರೂ.. ಸೂಪರ್ ಬಾಸ್n...,0
Video noddor like kodro,0
ಕನ್ನಡ ಸಿನೆಮಾ ಕೆ ಮತ್ತೊಂದು ಗರಿ,0
Curectagi mathadodanna kali..,3
Sariyagi degidiya guru  all the best desha abhimana elade ero sule makkali ge sariyagi deggg bekuuu,3
ಈ ಹಾಡು 'ಅವನೆ ಶ್ರೀಮನ್ ನಾರಾಯಣ' ಚಿತ್ರದ ನನ್ನ ನೆಚ್ಚಿನ ಹಾಡು.,0
Pakka nim movie gellisutteve ##jai Kiccha boss,0
Nice dialogue nan ondhu Sari sathidini enondu sala sayalla,0
Avanu bartidane get ready,0
Haageye e onedu shikariya kathege nannadondu like erlapa,1
@venu gopal kabja release aagli inge support madthivi ..... but Nw it's ASN time .....,0
Yelru onde hindu Muslim anta dived madbedi,0
Masthmaga na duplicate madbitaru Amar sir,2
dont support kannada shit only telugu ji telugu,3
ಈ ಶೆಟ್ರುಗಳ ಸಿನಿಮಾನೆ ಒಂದ್ ರೀತಿ ಚಂದ ಇರುತ್ತೆ,0
ಚಂದನ್ ಶೆಟ್ಟಿ ಟ್ರೊಲ್ ವಿಡಿಯೋ ನೀವು ನೋಡಿ ನೆಗಡ್ಡೆ ಇದ್ರೆ ನಾವ್ ಗ್ಯಾರಂಟಿ,0
Culprit @ 3,5
Ninyavaga hindi li nodidiyappa?? Swalpa link share madu??,0
MANJUNATH HM bobby ಸರ್ ಇದು ಉತ್ತರ ಕರ್ನಾಟಕದ ಭಾಗದಲ್ಲಿ ನಡೆದ ನೈಜ ಘಟನೆ ಆಧಾರಿತ ಕಥೆ,5
Kicchana abhimanigala kadeyinda alll the best pakka,0
Sorry filmna  naanu theater hogi nodlilla kshamisi...super movie mobile Alli nodide ..tappige account no heli duddu haktini,0
super bro,5
Good Human being....,5
JACK SPARROW R S,5
E game yavadu bro,0
Movie releaseagli guru,0
@SIDDARAJU D vhhhk,5
ಆದರೆ ನಮ್ಮ ದೇಶದಲ್ಲಿ ರಾಜಕಾರಣದಲ್ಲಿ ಇಚ್ಛಾಶಕ್ತಿ ಕೊರತೆ ಇದೆ ಇದು ಸಾಕಾರ ಆಗುವವರೆಗೂ ಇದೆಲ್ಲ ಸಾಧ್ಯವಿಲ್ಲ..,3
Soori anba song nodi bandavru  like maadi,0
ರಶ್ಮಿಕಾ ಗಿಂತ ಒಳ್ಳೆ ಹುಡುಗಿ ಸಿಗಲಿ ಒಳ್ಳೇದು ಅಗುಲಿ ನಿಮಗೆ,0
ಕನ್ನಡ ಕೈ ಇಟ್ ಮೇಲೆ ಎಲ್ಲಾ ಬೆಂಕಿನ,0
SHYATA YASH,3
Bro valledu yarigu bega kaansodilla,0
Best film ide sirr love u alla ಯಾಕೆ ಇ film ಇಷ್ಟ ಅಂದ್ರೆ ಇದರಲ್ಲಿ ಬರುವ ಪಾತ್ರ ನಮ್ಮ್ಗ ಎನೂ link ಇದೇ ಅನ್ನೋ ಥರ ಇದೆ supper sir,3
Bipin Chettejana Rama Rama Tusu Daksha Vrutha Jaripa.,5
Navalla guru politicians change agbeku kachda galu,3
Super bro,5
Sir nivu bhal chennag matadtiri.all d best ...,0
Jaathigalu ee deshada belavanigege athi dodda thodakaagide.,0
ಎರಡು ಒಳ್ಳೆಯ ವಿಷಯಗಳು ಆಗಬೇಕು ಇವಾಗn1. ದಿಯಾ ಮತ್ತೆ ರಿಲೀಸ್ ಆಗಬೇಕುn2. ಕೊರೋನಾ ನಿಯಂತ್ರಣ ಆಗಬೇಕು.,0
Devre olle avrge yak kasta kodtiya,0
Kannada industry dodd actors ge tagolri film ge bere industry yavarna jasti dudd kott karkond bartira. ellargu shame annsalva ede muttkond heli entavar est Jana idaare,0
Ok about rashmika but not Vijay devarakonda,2
Superb song n video,0
Ur just owsm man!!,5
ನನಗೆ ಮಹಾಭಾರತ ಕಥೆ ಕೇಳಲು ತುಂಬಾ ಇಷ್ಟ ನಾನು ಮಹಾಭಾರತ ಓದಿದ್ದೆನೆ,0
Le Bindu thudugi,2
BGM yav Hollywood gu kammi illa. Amazing song,0
Mujhe kuch smjh nhi aaya but I luv this song,5
Super bro.. Keeping doing like this.... Do more ...trollers.. Jai  trollers. I like trollers,5
ಹೊಸತನ ಅಂತ ಇದಕ್ಕೆ ಹೇಳೋದು ಕನ್ನಡದ ಯಶಸ್ಸು ಇನ್ನೊಂದು ಹಂತಕ್ಕೆ .... ಶತದಿನೋತ್ಸವ ಆಚರಿಸಲಿ....ಯಶ್ ಅಭಿಮಾನಿ ಬಳಗ,0
Hhhhhhhhhhhhhhhhhhhhhiiiiiiiiiiiiiiiiiiinnnnnnnnnnnnndddddddddddddiiiiiiiiiiiiiiiiiiiiii song kaha hya???????,5
Rj naagraj naan bigg fan...neeu prathvi aadru naan nim Rj fan ...aadi age kushi aitu noodi ...film exlnt ee year supr move ...heroin sa acting exlnt . . whole team ....suprb,0
ಚಂದನ್ ಶೆಟ್ಟಿ ಟ್ರೊಲ್ ವಿಡಿಯೋ ನೀವು ನೋಡಿ ನೆಗಡ್ಡೆ ಇದ್ರೆ ನಾವ್ ಗ್ಯಾರಂಟಿ,0
It's 20.09 minutes,5
ರಕ್ಷಿತ್ ಶೆಟ್ಟಿ ಸೂಪರ್ ಆಕ್ಟಿಂಗ್ but super action in music,0
ಡಿ ದೇವರ ಅಭಿಮಾನಿಗಳ ಕಡೆಯಿ೦ದ  ಆಲ್ ದಿ ಬೆಸ್ಟ್,0
420 tik tok 420 China,4
@prithvi nayak ನಿ ಷಂಡ,2
I waiting bro,5
ಇದೇ ತರ ಮೂವಿ ಬರಲಿ nಕನ್ನಡ ಚಿತ್ರರಂಗದಲ್ಲಿ nಬೆಳವಣಿಗೆ ತರಲಿ ಅನ್ನೋರುnಲೈಕ್ ಮಾಡಿ,0
ನನಗೆ ನೀವ್‌ ಮಾತಾಡೋ ಸ್ಟೈಲ್ ತುಂಬಾ ಇಷ್ಟ ಅಣ್ಣ ಅದ್ರಲ್ಲು  ಮಂಡ್ಯ ಭಾಷೆ ಉಪಯೋಗಿಸ್ತೀರಲ್ಲ ಮಸ್ತು..... ನಿಮಗೆ ಜಾಸ್ತಿ ಸಬ್ ಸ್ಕ್ರೈಬರ್ಸ್ ಆಗಲಿ ಹೀಗೆ ಅಚೀವ್ ಮಾಡಿ ಅಣ್ಣ ನಮ್ಮನ್ನು ಹೀಗೆ ನಗಿಸಿ ಧನ್ಯವಾದಗಳು ಅಣ್ಣ nಅಣ್ಣ ಆಂಗ್ಲ ಪದ ಬಳಕೆ ಗೆ ಕ್ಷಮಿಸಿ ಆಮೇಲೆ ನನ್ನ ಕಾಮೆಂಟ್ ನಾ ಹಾಕೊಂಡ್ ರುಬ್ಬುಟೀರ,0
Kannadadalle bandilla innu,0
Nice video song,0
Dabba movie annoru like maadi,4
Supar.  Love,0
10 dubbing movie barudakkintha 1 e thara movie bandare sakku.,1
ಮಧ್ಯ ಪ್ರದೇಶದಲ್ಲಿ ಕೂಡ ಓರ್ವ ಮಹಿಳೆಗೆ  ಮಹಾಭಾರತದ ಅಶ್ವತ್ಥಾಮ ಎಂದು ಪರಿಚಯ ಮಾಡಿಕೊಂಡು ಮತ್ತು ಅವಳಿಗೆ ಮಹಾಭಾರತದ ಸನ್ನಿವೇಶಗಳ ವಿಡಿಯೋವನ್ನು ಆ ಮಹಿಳೆಯ ಮನೆ ಗೋಡೆ ಮೇಲೆ ಮಹಾಭಾರತದ ದೃಶ್ಯಗಳನ್ನು ಬರುವ ಹಾಗೆ ಮಾಡಿದ್ದನಂತೆ ಹಾಗೂ ಅವಳಲ್ಲಿ ನೀನು ಯಾರಿಗೆ ಹೇಳದೇ   nಈ ದೃಶ್ಯ ನೋಡಬಹುದು. n     ಇಲ್ಲವಾದಲ್ಲಿ ಹೇಳಿದರೆ ಈ ದೃಶ್ಯ ಕಾಣುವುದಿಲ್ಲ. nಆದ್ದರಿಂದ ನೀನು ನನ್ನ ಮಾತಿನಂತೆ ನಡೆಯಬೇಕು ಎಂದು ವಚನ ತೆಗೆದುಕೊಂಡು ಅಲ್ಲಿಂದ ಅದೃಶ್ಯವಾಗಿದ್ದಾನಂತೆ. .....!,0
ಅವರಪ್ಪ ಒಳ್ಳೆಯ ನಟ ಆಗಿದ್ರು,0
Jai narayana jaihooooooo,0
Nan math nGe fida agode,0
Wt a song sprb song boss,5
@Usha Rao modlu caste system hogbeku inter caste marriage hecchige agbeku...yavag caste hogutto avage reservation hogutte..ella kade nim caste yavudu anta kelore hecchidare..bekabitti illi yaru tinutilla adu hakkide...ella 75%india du property obbare caste hattir ide adu tamugu gottu.,0
Modhlu sariyagi english kaliyo childu,2
Upendra has done,0
ಶುಭಾವಾಗಲಿ.....nಹುಚ್ಚಾ ವೆಂಕಟ ಸೇನೆ ಉಗಂಡಾ.......🤣🤣,0
Promotion madilla guru adke jana bandilla.,3
Happy happy happynFinally Ban tiktokn,5
Nan tik tok account ne delete madi uninstall madidhini bro..,0
ಇಂತಹ ಒಳ್ಳೆಯ ಕನ್ನಡ ಸಿನಿಮಾಗಳನ್ನ ಬೆಳೆಸೋಣ,0
Yena lyrics guru,4
Super video sir,5
shambhu baligar superr,5
@info abhi ಏನ್ ಡೈಲಾಗ್ ಪಾ,0
Bro....ii movie online nalli elli sigutte....or TV yalli yavaga haktare......plzzzzzzzzz helu,0
Thank you Akhillanna,0
Yen bro nivu supper nim fan agbitte,0
ಬಹಳ  ಸೂಪರ್ ಗಿ  ಬೈದ್ದಿದ್ದಾರ   ಅಣ್ಣ,0
@amithkumar D boss fan kanda adhu bale alla kadga..yeshte adru d boss obba g*avne ge bari local (gare kelsdavru,2
Yen Clarity Guru nivu madiro video,0
@anirudh 8 mostly avru Ee film nalli iddare anusutte,0
ನಾನು ಒಂದ್ ಸಲ ಸತ್ತೀದ್ನಿ ಇನ್ ಒನ್ದ್ ಸಲ ಸಾಯಲ್ಲ್,0
Raksihth settru super..............dooper..,0
Sir nimagay salam,0
Adhi... Sprb acting. Olle avakashagalu sigli nimge. Idi team gu olled agli,0
#Shanvi_Srivatsava  #Rakshit_Shetty best pari forever   #Rashmika_Mandanna,0
Super guru est chennagi arta madisidira,0
Ella hantha hellodakke hagodilla eddaru erabhahudu e prapancha ne ondu maye yavudakku uttara sigodilla nambikene ella,0
1st time - chennag illan2nd time - parvagillan3rd time- addicted,0
Bharatha no 1 desha namma deshakke yaudu sari sati ella,1
Slow poison song annoru like Maadi,0
Rakshit Shetty 🤩,5
ತೊಗರಿ ತಿಪ್ಪ ತುಂಬಾ ಚಂದ ಇತ್ತಪ್ಪ,0
Nirikshegu miri cinima agide my favorite movie love you,0
simple star fans adoru like madi,0
Namma bharatadalli baren Hindu muslims G D P tumba jaste..ogattu ella hege  edre  e jamanudalle china ge meresoke agalla..,1
@RADHA RADHA gn mem,5
different but unique & epic song,0
Suuuuper D BOSS,0
Super Jai D Boss,5
Re release Maadi,0
Yintha movie pakka 100 days guru,0
Super sir,5
All hands up nAnd one like,0
Nin prakhara yavdu hit movie in 2019.,0
Super togari tippa,5
Sup song    HANDS UP  ASN,5
#rashmikamandhana  bad girl,2
Highest liked video in sandalwood,0
Hindugale heege mathadudre bere caste avaru innu enen mathadalla,3
@Nandi Parthasarathiಲೆ ಹಾದರಗಿತ್ತಿ.... ನಿನ್ ತುಲ್ಲು ಊರು ಬಾಗ್ಲು ಅನ್ಸುತ್ತೆ,2
Movie release aadmele matte pickup aaguthe,0
Doctor Avrige avana bahse hege gottu.,0
Super Anna ede Tara video s Madi super,0
ಇಪ್ಪತೈದು ವರ್ಷಗಳ ಹಿಂದೆ ಕೇಳಿದ್ದು ಮತ್ತೆ ಕೇಳಿದಾಗ ತುಂಬಾ ಸಂತೋಷ ವಾಯಿತು,0
Super super super,5
Pritvi Amber super,5
Excellent movie,5
Bro super,5
@Mahesh Babu ninu Kalasipalya Sule fan alwa,2
En guru song nHowdoo huliyaaaa,0
Hai guru you tube nalli hest hesto video nodidde adre Nim thara yaru rost madilla.supero super ede thara video madtha eri..,0
@TROLL MONSTER_KANNADA nin yavano helake sule magane,2
Rakshit shetty Future superstar annoru Like madi,0
Dis like madirorige shradaanjali,3
1.3k unlikes madiruvavru rashmika fans irbahoda 🤔 super song shetre slow poison song,3
Super guru ninu,0
Tiktok matra alla bro chaina du ellanu ban madbeku,1
En heldhe guru,0
Bro ninge roost madakke baralla Rc ge nodi kali,2
@prithvi nayak ನಿನ್ ತುಲ್ಲುಗೆ ಗಲೀಜ್,2
ನನಗೆ ತುಂಬಾ ಇಷ್ಟವಾದ ಚಿತ್ರ ದಿಯ,0
hands up. Kannada super. Song ..but .. like me anyone's 2020 like me ..,5
Houdu ashvatama 5000 varsha dinda  idre Krista Shaka 2000 Anta yak aktaidare Hindu galu munche inda idane navu idannu pratipadisabeku I,1
Super bro ....super,5
complete kwatley guru ninu..,0
Vijay prkash singing in super song nSinging  Vijay prakash sir,5
ಕಲ್ಪನಾಲೊಕಕ್ಕೆ ಮಿತಿ ಇಲ್ಲ...  ತೊಗರಿ ತಿಪ್ಪ ನಾಟಕ ಮನೆಮಾತಾಗಿತ್ತು....ದನ್ಯವಾದಗಳು,0
ಇದು ಚರಿತ್ರೆ ಸೃಷ್ಟಿಸೋ ಕಮೆಂಟು..,0
ಜನ ಮರುಳೋ ಜಾತ್ರೆ ಮರುಳೋnಅಂದಹಾಗೆ....nಬೇರೆ ಭಾಷೆಯ ಚಿತ್ರಗಳನ್ನು ನೋಡಿnಸೂಪರ್,0
Very good song.....,0
Slow poisening song suuper.....,5
@Nandi Parthasarathi ನಂದಿನಿ ನಂದಿನಿ ನಿನ್ ಹಾಲ್ ಕೊಡೆ,2
movie was legendary. ninu itihasa baryoke bandirodu maga. kannada indutry history baredre eradu part irutte ondu rakshit baroku munche mattondu rakshit  bandadmele,0
Naavu iddivi nnnEe haadannu cover song prepare madtaidivi nn,0
Narayana song nodi bandavaru like Madi,0
ಚಂದನ್ ಶೆಟ್ಟಿ ಟ್ರೊಲ್ ವಿಡಿಯೋ ನೀವು ನೋಡಿ ನೆಗಡ್ಡೆ ಇದ್ರೆ ನಾವ್ ಗ್ಯಾರಂಟಿ,0
Bro Adhu Hage Alla Yenu ilde Ondhu life start madidre yenu ansolla yella iddu kalkondu hege life lead madidre Novvu agutte so adhunna artha madkoli aste bcz avr best life Nodi e life ge bandirtare n avrge Acting bittu bere barolla adru ivru drive madtidare so great alva,0
ಗಾಳಿ  ಮಾತಿನ  ಬಜಾರು  ಸುದ್ದಿಸಾರಿದೆ  ಸುಮಾರು   ಕನ್ನಡ  ಚಿತ್ರಕ್ಕೆ  ಪ್ರೋತ್ಸಹ  ಕೊಡುವವರು   ಕನ್ನಡ  ಚಿತ್ರಕ್ಕೆ  ಒಂದು  ಘನ ಹೆಸರು  nಕನ್ನಡ   ಕನ್ನಡ    nಇದು   ಕನ್ನಡಿಗರು   ಸೃಷ್ಟಿಸೋ  ಅವತಾರ,0
Le gandu nan magane,1
Wt a bgm,5
ಸಾರ್ ಇದೆ ತರಹದ ಜಾನಪದ ಚಟಾಕಿ ಹೆಸರುಗಳನ್ನು ತಿಳಿಸಿ ದಯವಿಟ್ಟು,0
Rite.... Bt avara personal adu.. problems en aitu anta namge gotilla ...yake hudgi mele hig coments mododu brother??? Nam sis ge idu agidre?? Nav en madtidvi??  Aur problems avaru solve modkonda aitu naaav sumne ivele overthinking madta idivi ...,0
magaluru kade kalsi avanannu .navu avanige maddu kodthive.,0
Instagram ali share madi avlna tag madi e math helu bro,0
@Ŕävîñđŕå_02_GøWđřú bro ah sule Nandhini atra yen matu bidi,2
Boss jote yaar chennagirtaro avrigella nam d boss fans yavaglu support made madtare alva bro,0
Nice bro jai D boss,5
super aagide trailer.. 6th film nododu pakka,0
#ASN chitrakke olle dagli song atu adbuta reethili moodi bandide...,0
Rakshit .....rock yaar,5
Dislikers Are rashmika fans maybe,3
IAM Andhra telugu Kannada super Jai Karnataka Jai kannada peoples emi movies raa Babu kannada industry  great Hollywood directors laga film teestaru  selute my brothers ex om film,5
Love you sir super one,5
En guru edu song super,0
ಹಲೋ ಫಾರ್ ನನ್ ಮಗಂಗೆ ಮಾನ ಮರ್ಯಾದೆ ಇಲ್ಲ ಅಣ್ಣ ಇಲ್ಲೋ ಏನು ಆಗಿದೆಯಂತೆ ಯುನೋ ಭಾರತ-ಚೈನಾ ಫಸ್ಟ್ ಕೇಳಿ ಅಣ್ಣ ನಮ್ ದೇಶಕ್ಕೆ ದ್ರೋಹ ಬಗ್ಗೆ ದ್ರೋಹಿಯನ್ನು ಅಣ್ಣ ಇನ್ನೂ ಸ್ವಲ್ಪ ಚೆನ್ನಾಗಿ ಉಗಿರಿ ಅವನಿಗೆ,2
ಎಲ್ಲಾ ಇರೋನು ಒಂದೇ  ಜೈ ಕರ್ನಾಟಕ ಮಾತೆ ಜೈ ಭುವನೇಶ್ವರಿ ಕನ್ನಡದ ಅಭಿಮಾನಿಗಳ ಏನ್ರೀ ಸುದೀಪ ಪಾನ್ ಲೈಕ್ ಮಾಡಿ ದರ್ಶನ್ ಫ್ಯಾನ್ ಲೈಕ್ ಮಾಡಿ ನಾನು ಪುನೀತ್ ಫ್ಯಾನ್ಸ್ ಲೈಕ್ ಮಾಡಿ ಪ್ರೆಸ್ ಟು ಕನ್ನಡ ಸಿನಿಮಾ ನೋಡ್ರಿ,0
I'm full addected this song nಇದು ಚರಿತ್ರೆ ಸ್ರಷ್ಠಿಸೊ ಅವತಾರ,0
Great work bro,5
ಒಬ್ಬ ನಾಯಕನ ಕಥೆಯಲ್ಲಿ ೨ ಯುದ್ದ ಬರುತ್ತೆ ಸಾನ್ವಿ ಬಂದ್ಮೇಲೆ ಒಂದು ಇನೊಂದು ಸಾನ್ವಿ ಹೋದಮೇಲೆ ಅವನೇ ಶ್ರೀಮನಾರಯನ್,0
🤠Narayana swag 🤟ಗೆ ಯಾರು ಫಿದಾ ಆದ್ರಿ like maadi,0
Karavali king Rakshith Shetty fans frm Uttara kannada,0
I like prutvi Ambar (adi) style,5
@Harisha BE,5
Yaru thuldeepanna 🤣🤪,2
Badukina vastavakke hattiravada matugalu... Olledagli sir,0
ವಾರಕ್ಕೆ 10-15 ಸಿನಿಮಾ ರಿಲೀಸ್ ಆದರೆ ಯಾರ್ ನೋಡ್ತಾರೆ,1
Osm bro I vill support u,5
sir in Mamata kotigobba,0
@prithvi nayak ನಿಮ್ಮ ಅಮ್ಮ ಹಾದರಗಿತ್ತಿ,3
Wonderful movie Osm,0
Who is pavan kalyan?,5
ADBHUTHA  Sathya,0
@Sai Kumar may be,5
ಚಂದನ್ ಶೆಟ್ಟಿ ಟ್ರೊಲ್ ವಿಡಿಯೋ ನೀವು ನೋಡಿ ನೆಗಡ್ಡೆ ಇದ್ರೆ ನಾವ್ ಗ್ಯಾರಂಟಿ,0
Ragad song  ....,5
ಪ್ರೇಕ್ಷಕರಲ್ಲಿ  ತಲೆ ಇರುವವರು ಹಾಗೂ ತಲೆ ಇಲ್ಲದವರನ್ನು ಪರೀಕ್ಷೆ ಮಾಡಲು ಆವಾಗಾವಾಗ ಅವನು ಬರ್ತಾನೆ !! ಯಾರು ಅವನು ?,0
ಪ್ರಜ್ವಲ್ ಹೊಸ ತನದ ಸಿನಿಮಾ ಇದೆ ಅನಿಸತ್ತೆ,0
All indians plz uninstall  chinese app,0
Shankar ashwath sir devaru  olledu madli sir nimge,0
Nee super guru......,0
Sir nam deshadalli political sari erbeku jati beda elde balbeku avaga devolop agbhdu,0
ಚಂದನ್ ಶೆಟ್ಟಿ ಟ್ರೊಲ್ ವಿಡಿಯೋ ನೀವು ನೋಡಿ ನೆಗಡ್ಡೆ ಇದ್ರೆ ನಾವ್ ಗ್ಯಾರಂಟಿ,0
sudeep fan like me,5
@Venkatesh Maraddi हिन्दी ऑडिएंस में भी ASN का गजब क्रेज है। जरूर देखेंगे इस फिल्म को। We will definitely watch this movie....,5
o my god wt a acting bro really my eyes are wet nice concept keep it up bro now a days alli avarage thumba bejar ago tara madatara jana naavu tilidu antavaru agi hag madidre hege heli naavu avara baavanegalige spandisibeku alva avaralli kuda thumba jana achive madidara tamil naadu alli oblu i.p.s agidale enu bala jana ne edara pls frds avarage naavu supportive agirbeku alva nice concept anna,0
ನಮ್ಮ ದೇಶದ ನಂತರ ಅವರಿಗೆ ಸ್ವತಂತ್ರ ಸಿಕ್ಕಿರುವುದು ಅವರೇಕೆ ಅಷ್ಟು ಮುಂದುವರೆದರು nnನಮ್ಮ ದೇಶ ಕಾಂಗ್ರೆಸ್ ಹಂದಿಗಳು ಯಾಕೆ ಉದ್ಧಾರ ಮಾಡಲಿಲ್ಲ,3
Nijwaglu thumba chanagide,0
@Vishal Shetty ಲೊ ಯಾರೋ ನಂದಿನಿ...... ಒನ್ ಲೀಟರ್ ಹಾಲು ಕೊಡ್ತಾಳ,2
Bro super video bro... Eglaaaa adru buddhi barli namm e janagaligi,0
ನನ್ನ ಈ ಕಾಮೆಂಟ್ ಕನ್ನಡ  ಚಲನಚಿತ್ರ ನಟ ನಟಿಯರು,4
uff  kedu,3
ದರ್ಶನ್  ಅವರ    ಜಾಮೀನು ಅರ್ಜಿಯನ್ನು ನ್ಯಾಯಾಲಯ ನಮಸ್ಕಾರ ನಮಸ್ಕಾರ,0
Anna nevu super,0
Sir ennond sala re release madi  dabba nan maklu movie na teligram nalli online nalli bitre yar theater ge barthare sir first film industry navru yalru seri ban madsi film release agi 6 months yalli oragade sigbardhu avagaga nim kasta pattu madiro kelsakke prathipala sigutte   movie release agi next day ne mobile nalli bandre jana theater ge hogodilla soo sad,1
Karnataka ke bandu Kannada matadidna ane guru sullu avnu sooside madko bahudittu alvaa fake news,2
ನಿಮ್ಮ ಚಾನಲ್ ಗೆ subscribe ಆಗಿದಕ್ಕೆ ಕುಶಿ ಆಯಿತು,0
ಹಾಡಿನ ಬರವಣಿಗೆ ತುಂಬಾನೇ ಚೆನ್ನಾಗಿದೆ  nಚರಿತ್ರೆ ಸೃಷ್ಠಿಸೋ ಅವತಾರ,0
ಚಂದನ್ ಶೆಟ್ಟಿ ಟ್ರೊಲ್ ವಿಡಿಯೋ ನೀವು ನೋಡಿ ನೆಗಡ್ಡೆ ಇದ್ರೆ ನಾವ್ ಗ್ಯಾರಂಟಿ,0
ಕನ್ನಡ ಚಿತ್ರರಂಗದ ಹೆಮ್ಮೆ ಪಡುವಂತಹ ಕೆಲಸ,0
@King of King  na helalla ningantu helallaa 🤣🤣🤣🤣🤣,2
@punter 18 pakka,0
Really amazing song.....,0
Sandalwoodnalli  dhamaka mado avatara start agalide.,0
Those 1.2k dislikes are jealous kongas for sure🤣,3
ನೋಡಿ ಸರ್ ಯಾವದನು ಅಲೆಗಳಗಿಲ್ಲ ನಾನು ದೇವರನ ನಂಬಲ ಅಂದರೆ ಕೃಷ್ಣನ ಖಂಡಿತಾ ನಂಬತಿನಿ,4
Super rost Anna,0
Do you now all alwang,5
Super jai kanadiga,0
ನನ್ನ ಗೆಲ್ಲೋದು ಊಹೆಗೂ ಮೀರಿದ ಸಾಹಸnOsm line,0
Satyana edu devare,0
Mettu tagand hodibeku soolemaklige soolerge avren chinadalliro mindrige hunttidira nimmoun t....u,4
I like super guru edu edu video andare,0
Hands up Eddu charitra srustiso avatar a,0
D Boss fens,5
En song ide,0
ಚಂದನ್ ಶೆಟ್ಟಿ ಟ್ರೊಲ್ ವಿಡಿಯೋ ನೀವು ನೋಡಿ ನೆಗಡ್ಡೆ ಇದ್ರೆ ನಾವ್ ಗ್ಯಾರಂಟಿ,0
Yake jana ogtila andre bec of telegram app bec yala movie galu 1 week ge sigtide yalrugu phone ale nodtidare.tuu itara ole cinimas na yaru ogi nodtilwala anode bejaruu.ban the telegram appnPlzz,4
ನೀನು ಹೇಳಿದ್ದೆಲ್ಲ ಕೇಳಿ ನನಗೆ ಅನಿನಿಸಿದ್ದು ನಮ್ಮ ದೇಶಾನ ಕಮ್ಮುನಿಸ್ಟ್ ದೇಶ ಮಾಡಬೇಕು ಅಂತ,0
ಕಳಪೆ ವಸ್ತುಗಳ್ನು ಉತ್ಪದಾನೆ ಮಾಡಿ ಬೇರೆಯವರ ಹೊಟ್ಟೆಮೇಲೆ ಒಡಿಯೋದು ತಪ್ಪಲ್ವ,1
Vp sir super singing,5
I like you guru,0
@Avatar 123 but you support corupt political democracy,5
Yad Ustad Ali comedy,5
@Nandi Parthasarathi ನಿ ಸೂಳೆ,2
ಚಂದನ್ ಶೆಟ್ಟಿ ಟ್ರೊಲ್ ವಿಡಿಯೋ ನೀವು ನೋಡಿ ನೆಗಡ್ಡೆ ಇದ್ರೆ ನಾವ್ ಗ್ಯಾರಂಟಿ,0
@Ajaya shetty no no pailwan 2000 days in mars,5
ಸೂಪರ್ ತೊಗರಿ ತಿಪ್ಪ,0
ಸು0ದರವಾದ ಬದುಕು ನಿಮ್ಮಿoದ ಕಲಿಬೇಕು 🤷‍,0
12pm start madi 5pm complete madde,0
ಗುರು ಅವರಿಗೆ ತಾಕತ್ತಿದ್ದರೆ ಯೂಟ್ಯೂಬ್ ಅರಸ್ ಆಗೋಕೆ ಹೇಳು 10 15 20 ಸೆಕೆಂಡ್ ಮಾಡೋ ಟಿಕ್ ಟಾಕ್ ಸಡೆಗಲಿಗೆ ಯೂಟ್ಯೂಬಲ್ಲಿ ಎಂಟು ಹತ್ತು ಇಪ್ಪತ್ತು ನಿಮಿಷ ವಿಡಿಯೋ ಮಾಡೋಕೆ ತಾಕತ್ತಿದೆಯಾ ಕೇಳು nnLove u ರೋಸ್ಟ್ team ಅಂಡ್ ಟ್ರೋಲ್ team,3
supper guruve liricys,0
ಕನ್ನಡ ಇಂಡಸ್ಟ್ರಿಯಲನಲ್ಲಿ ರಕ್ಷಿತ ಶೆಟ್ಟಿ ಅಂದ್ರೆ ಅಮೀರ ಖಾನ್ ಇದ್ದಂಗೆ,5
ನಮ್ಮ ದೇಶದಲ್ಲಿ ದೊಡ್ಡದಾದ ಬಂಡವಾಳಗಳನ್ನ ಹೂಡಿ ಬಿಜಿನೆಸ್ ಮಾಡಿ ಲಾಭ ಮಾಡಬೇಕುನ್ನುವವರು ಬಹಳಾ ಜನ ಇದಾರೆ ಲಾಭ ಹೆಚ್ಟಾದಷ್ಟು .ಸರ್ಕಾರ ಇನ್ಕಮ್ ಇಡಿ ಅಂತ ತೊಂದರೆಗೊಳಗಾಗುವ ಸಾಧ್ಯತೆಯಿರುತ್ತದೆಂದು ಮುಂದೆ ಬರುವುದಿಲ್ಲ,0
OLA marma? leay thu OLA na promote maadoke isht dodd message haktyeno? D boooos fans na nodi kalthko.....avrella huttidaagle amman akkan antha pure kannada words kalthu bandirodu......,0
E story kelidre yent dukha kuda maribahudu very nice story,0
This year watch ondu shikariya kathe,5
Varshakke 3 thagadu movie madi industry haal mado hero galu ondh kade adrenn3 Varsha kasta pattu ondhu olle film mado namma Rakshith Shetty haagu Yash innondh kade n,3
ಸರ್ bigg boss house ಗೆ ಹೋಗಿ ನೀವೇ ಗೆಲ್ತಿರಾ 🥺,0
Guru....I love you ....sakkathagi...hugithiya...maga...,0
Best song  sooper,5
Bro super bro allarigu artha agothara  alidira,0
@Deekshit Chandra ನಾವು ಉಡುಪಿ ಕಡೆಯವರೇ,0
ಚಂದನ್ ಶೆಟ್ಟಿ ಟ್ರೊಲ್ ವಿಡಿಯೋ ನೀವು ನೋಡಿ ನೆಗಡ್ಡೆ ಇದ್ರೆ ನಾವ್ ಗ್ಯಾರಂಟಿ,0
Jai D BOSS  love you darshan,5
ನೀವು ಹೇಳಿದ ಕಥೆ ಚನ್ನಾಗಿಯೇ ಇದೆ ಆದ್ರೆ ಅಶ್ವತ್ತಾಮ ಬದುಕಿರೋದು ಸುಳ್ಳು,3
Hemme aagutte sir. Neevu nijakku great,0
ಸಾಹಿತ್ಯನ ಬರೆದಿದ್ದಕ್ಕೆ ಧನ್ಯವಾದಗಳು.,0
suvarna chanle nemge studio elva yvdo gujari jagadali madidira ade star actors agidre hege madtidra,3
ಇದು ಚರಿತ್ರೆ ಸೃಷ್ಟಿಸೊ ಅವತಾರ..nನಾರಾಯಣ ನ ಅವತಾರ,0
2020  new year special viewers like here,1
ravi kamakshi super,0
Edu yav game sir..,0
Luv u rakshith Shetty sir,5
Kannadagru like here .Nama Kannada movie he estu craze edaa,0
@Nandi Parthasarathi ninamman shata kilaka helde baa antha gandu,2
Yes true lines,5
#1.46 Bgm music super,0
Supper bro chenngi ugdidira.🤝🤝🤝,0
ಸೂಪರ್ ಸಾಂಗ್ ಡಿ ಬಾಸ್ ಫ್ಯಾನ್ಸ್ ಸಪೋರ್ಟ್ ಮಾಡುತ್ತೇವೆ ಕನ್ನಡ ಸಿನಿಮಾ ರಂಗ ಬೆಳೆಯಲಿ,0
Sir nimmannu prathyakshavagi nodalu aaseyagutide sir nimma hattira ondu dina full kaala kaleyalu aase idhe aadre yenu maadudhu sir nimmannu bittu barudhu yochane maaduvaaga manassige bahala bahala kashsta aagutte sir  devaru nimma aasegalanella eederisaly,0
Adu support irodarinda,0
ನಂಬರ್ ಒನ್ ಟ್ರೆಂಡಿಂಗ್ ಸಾಂಗ್....,0
Yavalo bindu Gowda avulu Thu.......... Nan Ke................,2
Yen film  guru super,0
Super  song,0
Bro nivu  supara,0
100% nija sir. Appaji tarah yaaru barolla.. ulidre kelavu snetaru bartaare.. Devru saha barolla..,0
@Manoj Kolya Neenobne heege heltirodna naan Keliddu.. Watch his Trailer and Teasers first,0
ಕೇಳಿ ಕಾದಿರುವ ಭಾ೦ದವರೇnಭುವಿಯಲ್ಲಿ ಅವನ ಅರಿತವರೆnಯಾರಿಲ್ಲ ಬಿಡಿ ಮುನ್ನುಡಿnಇದ್ದರದೊಂದು ದಂತ ಕಥೆ..nನಾಕು ದಿಕ್ಕಿನಲು ಬೇಕವನುnಬಂದೂಕು ಹಿಡಿದ ಮಾನವನುnತಲೆ ಮೇಲಿದೆ ಕಿರೀಟ..nತೀರ ಹಠ..nಗುರಿ ಬೆನ್ನಟ್ಟೋ ನೇತಾರನು!nnಗಾಳಿ ಮಾತಿನ ಬಜಾರುnಸುದ್ದಿ ಸಾರಿದೆ ಸುಮಾರುnಪಾತ್ರದ ಪರಿಚಯ ಇರೋರುnಆ ಬಂದೂಕಿಗೆ ಇದೆ ಘನ ಹೆಸರುnnಹ್ಯಾಂಡ್ಸ್ ಅಪ್..nಅದು ಅನವರತ!nಹ್ಯಾಂಡ್ಸ್ ಅಪ್..nನಾ ಅಜ್ಞಾತ!nಹ್ಯಾಂಡ್ಸ್ ಅಪ್..nಇದೆ ವೇದಾಂತ..!nnಇದು ಚರಿತ್ರೆ ಸೃಷ್ಟಿಸೋ ಅವತಾರ..nnರಂಗೇರಿದೆ ಮಾಯಾ ಜಾಲnಅನುಭವಿಸು ಓ ಪ್ರೇಕ್ಷಕನೇ!nದೃಷ್ಟಿ ನನ್ನೊಬ್ಬನ ಮೇಲಿಡಿnತಪ್ಪದು ನಿಜ ಮನರಂಜನೆ!nನನ್ನ ಗೆಲ್ಬೋದು ಅನ್ನುತnನಿಂದನು ಓರ್ವ ರಾಕ್ಷಸ!nತಪ್ಪಲ್ಲ ಆದರು ಅದುವೇnಊಹೆಗೂ ಮೀರಿದ ಸಾಹಸ!nಅನಿಸುತ್ತೆ..nಬಂದ ಹಾಗಿದೆ ರಚಿಸಲು ಹೊಸದೇ ಶಾಸನ!nಮೆರಯಲಿ ಗಗನದಲಿ ನಿಮ್ಮದೇ ಲಾಂಛನ..nಯುಧ್ಧ ಮಾಡಬೇಕು,0
Superb Dancing step's,0
@Entertainment Gaming ನಂಗೆ ಎಲ್ಲೋ ಕಾಣಿಸ್ತಾ ಇಲ್ವೇ ಇಲ್ಲ,2
100 days pakka super,5
Super vp bgm,5
ಸರ್ ಈ ತರಹ  ಸ್ಪೀಚ್ ಬೇಕು  ಪ್ರತಿ ನಿತ್ಯ  ಇಂತಹ  ವೀಡಿಯೋಸ್ ಬೇಕು  ಸರ್  ತುಂಬಾ ಧನ್ಯವಾದಗಳು,0
Idu charitre srutsiro song,0
ಅಣ್ಣಾ ಚೆನ್ನಾಗಿ ಉಗಿತಿರಾ,2
@VARAPRASAD K K nin Amman thulle shaata bekaadre helu nin chulbort movie hair wig ge . Dagaar boss cutout bekaadre helu dappa  sodane hodkodtivi ondu maatu helu saaku haage shaatad haara redi maadustivi ashtu salalilla Andre helu mettin haara maadustivi dagaar fans nin Amman ganda dagaar soole maga Hale aanti iddange idaanallo avnige kodu bale,2
ಚಂದನ್ ಶೆಟ್ಟಿ ಟ್ರೊಲ್ ವಿಡಿಯೋ ನೀವು ನೋಡಿ ನೆಗಡ್ಡೆ ಇದ್ರೆ ನಾವ್ ಗ್ಯಾರಂಟಿ,0
@Vinod Kumar.C ೧೦೦% ನಿಜ ಹೇಳಿದೆ ಗುರು,0
ಮ್ಯುಸಿಕ್ ಅಧ್ಬುತವಾಗಿದೆ  5 ಭಾಷೆಯಲ್ಲೂ ಈ ಸಿನಿಮಾ ಶತದಿನೋತ್ಸವ ಆಚರಿಸಲೆಂದು ರಾಜವಂಶದ ಅಭಿಮಾನಿಗಳ ಪರವಾಗಿ ಶುಭ ಕೋರುತ್ತೇನೆ,0
Super agi akidya guru step Nange eshta aithu dance nimge eshta aitha friends n,0
Super guru hinmele  nanu nimmn Abimani guru,0
Guru ell idde guru istu dina,0
Waiting #ASN ......,5
Super duperrr hit,0
Yalla hero fans e movie naa support madtini annoru like madi,0
Superb  guru,0
Idu yaavdo tamil film remake guru,3
Hands  up  super  song,0
Nivu deshada Ella moole moole bidade suttidira. Avaru hagella sikka sikka varigella kanisikolluvudilla,2
ನಿಜವಾದ ಕನ್ನಡಿಗ ಈ ರೀತಿ ಇಬ್ಬರು ನಟರ ಅಭಿಮಾನಿಗಳ ಮಧ್ಯ ತಂದಿಡೋ ಬದ್ಲು..... ಎಲ್ಲ ನಟರನ್ನೂ ಪ್ರೋತ್ಸಾಹಿಸ್ತಾನೆ.,1
@Bhavya S M   Duet,5
Yenu!¿ Taayganda na neenu? !!,2
astena sir innu sawlpa chanagi hellbekithu tik tok kalli galige super guru,0
Tik tok premigalu satthru,3
Yenelbeko gothagtilla nim swabimanakke ondu Salam sir,0
ಹ್ಯಾಪಿ ನ್ಯೂ year ಇನ್ ಅಡ್ವಾನ್ಸ್ ಅಂಡ್ ಇಮ್ ವೈಟಿಂಗ್  ಅವನೇ ಶ್ರೀಮನ್ನಾರಾಯಣ ರಕ್ಷಿತ್ ಶೆಟ್ಟಿ ಸರ್,0
@kinu0505 guru avnu darshan fan alla yash fanu,2
@Manjunath mtr,0
Yes 100% true,5
good   one,5
Hands... Up....,5
@TROLL MONSTER_KANNADA guru Bari mathadak aste yav sule makligu munde bandu mathadastu dhum Ella BOSS always King,2
నేను ఇప్పటి వరకు 50 టైమ్స్ చూశా సాంగ్.... సూపర్ సాంగ్ .......nSuper Acting Rakshith Shetty & Good Acting and Super Movie. .......nI am From Andhra,5
Guru avrkina nine over agi adta  idiya,2
DOP and dance styles are lit,0
Guru ninge naanu Dodda fan,0
Oohegu meerida saahasa,0
ಆಂಗ್ಲ ಭಾಷೆ ಬಳಸೋ ಕಾಲದಲ್ಲಿ ಅಚ್ಚ ಕನ್ನಡದಲ್ಲಿ ಸಾಹಿತ್ಯ ಬರೆದಿರುವ ಬರಹಗಾರರಿಗೆ ಕೋಟಿ ಕೋಟಿ ನಮನಗಳು,3
ಹುಬ್ಬಳ್ಳಿ ಕಿಚ್ಚಾ ಪ್ಯಾನ್ಸ್ ವತಿಯಿಂದ ಒಳ್ಳೆಯದಾಗಲಿ,0
U r awesome bro,5
@Karthik S Reddy 1,5
lo Guys dislike madidhiralla enn yengrappa song madbeku antha swalpa heldrappa,3
@Ŕävîñđŕå_02_GøWđřú  ನಿಮ್ಮ ಅಮ್ಮನ್ ತುಲ್ಲು,2
DIYA a awesome film... jana barodakke idraddu prachara swalpa kammi aythu annisthide..istu olle movie ge jana baralla andre bere reason yenide..kelavu films olledildidru kaali pracharadindle hit agatthe.,3
@Nandi Parthasarathi kurukshethra Hindi version relies madoke helu first dubbing madi yak waste madthira,3
@Syed Akbar nija,5
Thank u bro,5
Hands up ಇದು ವನವರತ,0
@Pradip AR idhu remake all i am editor,0
Amar Prasad .com,5
Sir namma enne song gu support madi,0
Superb nice message to all,5
Movie quality superb,0
ವಾವ್ ಸಕ್ಕತ್ ಆಗಿದೆ ಗುರು,0
Hands up 🤗,0
Amazing movie pls yellaru movie nodi,0
Yallo heno aythu anthane alva guru avnu sule maga,2
ಸುಂದರ ಕಲ್ಪನೆಯ ಹಾಸ್ಯ ಪ್ರಸಂಗಗಳು.nಡಾ. ಶಂಭು ಬಳಿಗಾರರ ಹೇಳುಗಾರಿಕೆ ಜನಮೆಚ್ಚುವಂಥದ್ದು.,0
@Dhee Pu nin baayige .,2
Ee movieyinda dodda mattada success siguthhe Prajwal sirge.,0
Super song,0
Super song,0
100M AAgle bek ..,0
Liked it !! Thanks god no drinking songs anymore in kannada,5
Avalu sule munde nam KarnatakanRakshith avarige sahaya madinPlz,2
ಅಬ್ಬಾ ಎಂತಹ bgm,0
Superb u r Kannada pandit yaar,5
yen song guru ...super,0
Hindi yalli innu song reales madilla yake,5
Darshan kacha thinogu sule magne,2
China copy maadi naawu maadbekilla.. jana alli khushyaagilla.. naadre niw helidralli tumba kelsa aagbeku.. bhaaratadalli adella maadodu janakku bekaagalla,0
Bindu lowda hidko ba nan lowda,2
Kharabbu Pogaru song Like - 317K,4
kannadadha abimani jai karnataka all tha best comeback,0
Super roast but e pubg vedios yake sink madi roast madtira. Change madi,3
@Vishal Shetty oh karch maadko hogu.... yello yaardo mundaav ikki sampadane maadirtya....,2
Super super super film I can't explain,5
@TROLL MONSTER_KANNADA @vishal shetty @vinodkalmani @Italy Davi lowdan Lovezz Candy  ಅಂತಾ blind followersಗೆ ಈ ರೀತಿ ಅರ್ಥ ಮಾಡಿಸಬೇಕಾ???? ನೆನ್ನೆ ಮೊನ್ನೆ ಲಬೊ ಲಬೋ ಅಂತ ಬಾಯಿ ಬಡ್ಕೋತಿದ್ದ..... ಇವತ್ತು ಅದೆಲ್ಲಿ ಹೋದನೊ???? mobile no. ಹಾಕೋಕು ಹೆದರಿಕೆ ಬೋಳಿಮಗನಿಗೆ..... ಸುಮ್ನೆ ಬಾಯಿ ಹರಿದುಕೊಂಡು ಅಮ್ಮನ್ ಅಕ್ಕನ್ ಅನ್ನೋದಲ್ಲ..... ನೀವೂ ಗಂಡಸರೆ ಆಗಿದ್ರೆ ನಿಮ್ ನಂಬರ್ ಹಾಕ್ರೋ ಬೇವರ್ಸಿ ಬೋಳಿಕೆಗಳ..... ಥೂ ನಿಮ್ ಜನ್ಮಕಿಷ್ಟು ಬೆಂಕಿ ಹಾಕ.....,3
Like kiccha fans,5
ಅಯ್ಯೇೂ ಅಲ್ಲು ಮಾಡ್ತಾರೆ tic toc  ನ,3
@Madan Kumar Mister Modan kumor..... ascar yenu nobal price,0
Enta super song,0
Ee song ond hava start madutee ansidrey like madi,0
Views struck,5
Dia super movie,5
Sir ನಮ್ಮಲು communist ಆಡಳಿತ ಬಂದರೆ ಯಾವ ರೀತಿ ಇರಬಹುದು ಎಂಬುವುದರ ಬಗ್ಗೆ ಮಾಹಿತಿ ಬೇಕು ಮತ್ತು ಅನುಕೂಲ ಅನಾನುಕೂಲ ಗಳ ಬಗ್ಗೆ ತಿಳಿಸಿ ಕೊಡಿ ದಯವಿಟ್ಟು,0
Yes bro tiktok ban agbeku.,0
Making Super sir,5
Diya..... idond name alla,1
Yaru nammamatu kelalla avarige tochiddu avaru madtare,1
Movie needs recognition,5
ಸೂಪರ್ ಸಾಂಗ್ ಫ್ರಂ ಅಪ್ಪು ಫ್ಯಾನ್,0
Flop disaster film is on the way...nಇದ್ ಎನ್ ಸಾಂಗ್ ಕುಲವ ಗುರು ಡಬ್ಬ ಸಾಂಗ್,4
@Manjunath mtr tq bro,5
ಶಂಭು ಬಳಿಗಾರವರೆ ತುಂಬಾ ಧನ್ಯವಾದಗಳು ಹಾಸ್ಯ ಜಾನಪದ ಕಥೆ,0
yake andre? D booos du kurishetra filam gay asker awold barbekittu. yak kotela? so d boos fens ee filam nodilla.....,4
very nice tippa story,5
ಈ ಚಲನಚಿತ್ರಕ್ಕಾಗಿ ಎಷ್ಟು ಜನರು ಕಾಯುತ್ತಿದ್ದಾರೆ nLike madi nodana,0
Raaja prathyaksha devatha ....,0
RAKSHIT SHETTY WE LOVE YOU SO MUCH,5
Song super my laughg Tamil sema.,5
ಜಾಸ್ತಿ ಕಾಯುಬೇಡಿ ಈ ವಿಡಿಯೋ ನೋಡಿ   ಹೆಸರಾಂತ ಹಿಂದಿ ಟಿವಿ ಚಾನೆಲ್ ಜಿ ನ್ಯೂಸ್ ನವರು ಸೆರೆ ಹಿಡಿದಂತಹ ನೈಜ ಘಟನೆ,0
U  r true sir,5
Nijvaaglu film na teaternalli nodade iroke sry. Innondu sari release madi,0
@Ŕävîñđŕå_02_GøWđřú super bro,0
Super super video,5
@shambavi Sv hģfftt,5
@Nandi Parthasarathi ಎಷ್ಟು ಲೀಟರ್ ಹಾಲು ಕೊಡ್ತೀಯಾ ನಂದಿನಿ,2
ಜೈ ಭುವನೇಶ್ವರಿ 🤗,0
ಇದು ಇದು actually ಚೆನ್ನಾಗಿರೋದು.🤩🤩🤩,0
Nam janane istu ond olle fresh song ge support madalla Bari same old tamte song iddiddre 10 million s madiroru,0
Rakshit Shettre... adbhuta kannada pada balike..devara haage bandu kannada chitrarangavannu badukisuttiddiri..,0
No bro y u asking  sorry,5
Togari tippa is greaterden,0
Best song love it,0
ban tik tok,5
Nam deshadali jati satre desha uddara agothe ....nChunavanne barli nive nodi gothagothe Hindu...Muslim abbbaaa halka rajkarnnigallu...,3
@shivaraj shivu Mathe Yavaglu Telugu Ge  yake saitare alllli erorela?,2
@shashikiran shetty BPL card irovru. Avrge ration kodlebeku nEducation alli free kottu support madbeku. Yestond jana rank togondirtare adre avrge dudiralla education madoke avrge free irbeku nnReservation poor people ge yak handre avru sariyagi study madoke hagiralla dudui tirtare jotege hodbeku nnDud irovru  hodtare,0
ಜೈ ಆಂಜನೇಯ,0
Matthomme namma kannada suputhra rks,0
shobha  a,5
En bgm guru chindi,0
Superb song hands up,0
ಸಂಪೂರ್ಣ ಮಾಹಿತಿ ಅಣ್ಣಾ ಧನ್ಯವಾದಗಳು,0
Ammanagedi chindi voice l helidiya guru,0
Tippa janapad hasay chataki super,0
Super video,5
30 M 🤐🤐,5
APPU Fan,5
Bgm and dance super,0
Next shankar nag boss,0
ಪದಗಳು ಸೋತಿದೆ....ಸಿನಿಮಾದnಅಂತರಾಳ ಅರಿಯಲು....nಹೃದಯದ ಕಿನ್ನರಿಯಲಿ ಹೊಸ ನಾದಲಯವ ಮೊಳಗಿಸಿದ...ಈ ಚಿತ್ರ ತಂಡಕ್ಕೆ ಸಾಸಿರ ನಮನ.....,0
Rajesh Rao yeap bro,5
i love rakshit anna. super movie sule rasmika mandan ge chappali le hodibeku,2
yes I am,5
Lyrics Artha adoru Kay kaal aadsrappa,0
Super movie guru,0
super super boss,5
Chindi,4
Thank you so much Dhevru,0
Making super sir,5
Song ಸೂಪರ್,0
ಲವ್ ಮೂವಿ ಅಂದ್ರೆ ನಮ್ ಬರ್ಗೆಟ್ಟಿರೋ ಜನ ಲೈಕು ಮಾಡ್ತಾರೆ ಹೋಗಳಿಕೇನು ಕೊಡ್ತಾರೆ ಸರ್ but ಇದೆಲ್ಲ ಮೂವಿ ಗೆ ಕೊಡ್ತಾ ಇರೊ ಲೈಕ್ ಅಲ್ಲ  ಈ ಮೂವಿಲಿ ಇರೊ ಲವ್ ಸೀನ್ ಮತ್ತು ಲವ್ ಡೈಲಾಗ್ ಗೆ ಅಷ್ಟೆ. ಹೀರೋಯಿನ್ ಹೀರೋ ಗೆ ಪ್ರೊಪೋಸ್ ಮಾಡಿದ್ರೆ ಸಾಕು ನಮ್ ಜನ ಬೆಸ್ಟ್ ಮೂವಿ ಅಂತ ಹೇಳ್ತಾರೆ but ಮೋವಿಲಿ ತುಂಬಾ fault ಇರುತ್ತೆ ಫ್ಯಾಮಿಲಿ ನೋಡೋ ತರ ಇರಲ್ಲ. ದಿಯ ಮೂವಿ ತುಂಬಾ ಬೋರಿಂಗ್ ಇದೆ ಫ್ಯಾಮಿಲಿ ಜೊತೆ ನೋಡೋ ತರ ಇಲ್ಲ ಮನೇಲಿ ಒಬ್ನೆ ನೋಡೋಕೆ ಬೆಸ್ಟ್ ಮೂವಿ ಗಳಲ್ಲಿ ನನ್ನ ಪ್ರಕಾರ ದಿಯಾ ಕೂಡ ಒಂದು. ಎಲ್ಲರ ಆಕ್ಟಿಂಗ್ ಸೂಪರ್ ಡೈಲಾಗ್ ಸೂಪರ್ but overall ಮೂವಿ ಲಿ improvement ಬೇಕೇ ಬೇಕು ಇಲ್ಲಾಂದ್ರೆ ಫ್ಯಾಮಿಲಿ ನೋಡಲ್ಲ. nಬೇಜಾರ್ ಮಾಡ್ಕೋಬೇಡಿ ಇದು ನನ್ನ ಅನಿಸಿಕೆ ಅಷ್ಟೆ.,3
Damm godd...an song guru...ajnish u made a magic broooo,5
Hands up nahi Hands down,5
Superbb movie osm evthu movie nodied super,0
Super song guru,0
Tiktok mado gaandu s.. maklu,3
*Pramod not Pamod,5
Same feeling bro,5
ಲಾಕ್ ಡೌನ್ ಸಮಯದಲ್ಲಿ ಕಾರ್ಮಿಕರು ವಲಸಿಗರು ರೆಸ್ತೆ ಮೇಲೆ ನಡೆದುಕೊಂಡು ಹೋಗುತ್ತಿರುವ ವಿಡೀಯೋಗಳನ್ನ tiktak ನಲ್ಲಿ ಜನರಿಗೆ ತೋರಿಸಲಾಯಿತ್ತು ....ಈ tiktak ಇಲ್ಲ ಅಂದಿದ್ದರೆ ಈ ದಳ್ಳಾಳಿ ಮಿಡಿಯಾ ಬುಲೆಟ್ ಟ್ರೈನ್ ಅಲ್ಲಿ ಹೋಗುವ ಆಗೆ ಜನರಿಗೆ ತೋರಿಸುತ್ತಿದ್ದರು... ಜನರಿಂದ ಜನರಿಗೆ ಮಾಹಿತಿ ತಿಳಿಯುತ್ತಿತ್ತು...‌ ಇದರಲ್ಲಿ ಸಾದಕ ಬಾದಕ ಇದೆ..ಆದರೆ ಕೆಲ ಬಡ ಮಕ್ಕಳ ಟ್ಯಾಲೆಂಟ್‌ ಹೊರ ಜಗತ್ತಿಗೆ ತಲುಪುತ್ತಿತ್ತು.. ಏನು ಮಾಡೋದು ಈ ಕೆಲ ಜನ tiktak ban ಮಾಡಿದ್ದರೆ ದೇಶಭಕ್ತಿ ತರ ಫೋಸ್ ಕೊಡೋದು ನೋಡಿದರೆ .ಅಸಹ್ಯ ಆಗುತ್ತದೆ.. ಒಳ್ಳೆಯದನ್ನು ತಗೋಳಿ...ನಮ್ಮ ಹೆಮ್ಮೆಯ ಸೈನಿಕರಿಗೆ ಒಳ್ಳೆಯ ಆಹಾರ ಮತ್ತು ಸವಲತ್ತು ಒದಗಿಸಿ .ಮತ್ತು ಚೈನಾ ಬಂಡವಾಳ ಹೂಡಿಕೆಗಳನ್ನ ನಿಲ್ಲಿಸಿ... ಯಾವ ನಿಮ್ಮ ಯೋಗ್ಯತೆಗೆ ಸಣ್ಣ ಕೈಗಾರಿಕೆಗಳನ್ನ ಬುಡ ಸಮೇತ ಕಿತ್ತು.... ಅವರನ್ನ ರಸ್ತೆಗೆ ತಂದವರು ಯಾರು... ದೇಶಭಕ್ತಿಯ ಹೆಸರಲ್ಲಿ ನಮ್ಮ ದೇಶದ ಜನಗಳ ಮೇಲೆ ದಬ್ಬಾಳಿಕೆ ಮಾಡುವ ಜನರನ್ನ ಮೊದಲು ಒದ್ದು ಹೊಡಿಸಬೇಕು...ಜೈಭಾರತ್,0
Rashmika & vijay deverkonda haters like here,3
ಭಾರತ ಚಲನಚಿತ್ರ ದಲ್ಲಿ ಹೊಸ ಚರಿತ್ರೆ ಸೃಷ್ಟಿಸಲು ರೆಡಿ,0
Super song anna....liked it,0
ಹೇಡಿ ಅಶ್ವತ್ಥಾಮ ಚಕ್ರವ್ಯೂಹದಲ್ಲಿ ಅಭಿಮನ್ಯುವನ್ನು ಎದುರಿಸಲಾಗದೆ ಪ್ರಾರಂಭದಲ್ಲೇ ಜೀವ ಉಳಿಸಿಕೊಳ್ಳುವ ಸಲುವಾಗಿ ಪಲಾಯನ ಮಾಡಿಬಿಟ್ಟ.... ಕೊನೆಯಲ್ಲಿ ಲೋಫರ್ ದುರ್ಯೋಧನನ ಮಾತು ಕೇಳಿ ಶಾಪಗ್ರಸ್ಥನಾಗಿ ಕಲಿಯುಗದಲ್ಲೇ ತಿರುಗಾಡುತ್ತಿದ್ದಾನೆ.... ಒಂದು ವೇಳೆ ನನ್ನ ಕೈಗೆನಾದರೂ ಸಿಕ್ಕರೆ ಅವನನ್ನು ಛೇಡಿಸದೆ ಬಿಡಲಾರೆನು,2
Dance steppp supppperrrrrr,0
Hit like for Dboss,5
Love u team,5
One minute silence for tiktokers 🤣🤣,5
S true. Ivattina namma industry kathe idu...  but inmunde e eradu sensational movies inda next yavde olle movie bandru nam jana olle response kodtare ankotidini...  hage adre innu ollede,0
ನೀವ್ ಹೇಳೋದ್ರಲ್ಲಿ ಏನು ತಪ್ಪಿಲ್ಲ ಬ್ರದರ್,0
ಏನ್  ಪ್ರಾಸ  ಗುರು  ನಿಂದು 🤣nNkn deng devru madu tiktok na,0
@Manjunath BJP Jorapur ybsbjdis,5
@Gajendra hv neen en maadirodu mele,2
Sir neev adthidda game yavdu,0
Dubb Full movie in telugu,0
Mostly nimma mate keli tic tok ban agirbeku ಅಣ್ಣ ಏನಾದ್ರು ಆಗ್ಲಿ  ನಮ್ಮ  ಅಸೆ ನೆರವೇರಿತು tq u ಮೋದಿಜಿ,0
Sir Nimm Mathininda Navu Kalibeku Agirodu Ennu Thumba Ede.....nTqq U So Much...nHelth Na Channagi Nodkoli Sir...nGod Bless You,0
100 days pakka,0
Super sir,5
Hands up,5
Sari nivu video na roast madi adre madvaga pubg atava free fire games hakondo madbedi a games kooda Chinese,0
Krishana  shapa tatteleebeku,0
Lifestyle super guru,5
ಕನ್ನಡ ಇವತ್ತು ರಾಷ್ಟ್ರೀಯ ಮತ್ತು ಅಂತಾರಾಷ್ಟ್ರೀಯ ಮಟ್ಟದಲ್ಲಿ ಹೆಸರು ಮಾಡುತ್ತಿದೆ ಎಂದರೆ ಅದು ರಕ್ಷಿತ್ ಶೆಟ್ಟಿ ರವರಂತವರ ಉತ್ಸುಕತೆಯಿಂದ ಮಾತ್ರ,0
ಕೇಳಿ ಕಾದಿರುವ ಭಾಂದವರೇnಭುವಿಯಲ್ಲಿ ಅವನ ಅರಿತವರೆnಯಾರಿಲ್ಲ ಬಿಡಿ ಮುನ್ನುಡಿnಇದ್ದರದೊಂದು ದಂತ ಕಥೆ...nನಾಕು ದಿಕ್ಕಿನಲು ಬೇಕವನುnಬಂದೂಕು ಹಿಡಿದ ಮಾನವನುnತಲೆ ಮೇಲಿದೆ ಕಿರೀಟ...nತೀರ ಹಠ...nಗುರಿ ಬೆನ್ನಟ್ಟೋ ನೇತಾರನು!nಗಾಳಿ ಮಾತಿನ ಬಜಾರುnಸುದ್ದಿ ಸಾರಿದೆ ಸುಮಾರುnಪಾತ್ರದ ಪರಿಚಯ ಇರೋರುnಆ ಬಂದೂಕಿಗೆ ಇದೆ ಘನ ಹೆಸರುnಹ್ಯಾಂಡ್ಸ್ ಅಪ್...nಅದು ಅನವರತ!nಹ್ಯಾಂಡ್ಸ್ ಅಪ್...nನಾ ಅಜ್ಞಾತ!nಹ್ಯಾಂಡ್ಸ್ ಅಪ್...nಇದೆ ವೇದಾಂತ..!nಇದು ಚರಿತ್ರೆ ಸೃಷ್ಟಿಸೋ ಅವತಾರ...nnರಂಗೇರಿದೆ ಮಾಯಾ ಜಾಲnಅನುಭವಿಸು ಓ ಪ್ರೇಕ್ಷಕನೇ!nದೃಷ್ಟಿ ನನ್ನೊಬ್ಬನ ಮೇಲಿಡಿnತಪ್ಪದು ನಿಜ ಮನರಂಜನೆ!nನನ್ನ ಗೆಲ್ಬೋದು ಅನ್ನುತnನಿಂದನು ಓರ್ವ ರಾಕ್ಷಸ!nತಪ್ಪಲ್ಲ ಆದರು ಅದುವೇnಊಹೆಗೂ ಮೀರಿದ ಸಾಹಸ!nಅನಿಸುತ್ತೆ...nಬಂದ ಹಾಗಿದೆ ರಚಿಸಲು ಹೊಸದೇ ಶಾಸನ!nಮೆರಯಲಿ ಗಗನದಲಿ ನಿಮ್ಮದೇ ಲಾಂಛನ...nಯುಧ್ಧ ಮಾಡಬೇಕು,0
sanjukuamar chatnale ğy,0
Hindi song release madlilva?,0
ಶಂಕ್ರಣ್ಣ is back,0
Trend setter! Awesome!,0
Jeevana banda haage accept madtha sagtidira wish you good luck,0
D. Boss abhimani kadeyinda,0
Make avane srimanarayana part 2,0
ತಿಪ್ಪನ ಕಥೆ ತುಂಬಾ ಚೆನ್ನಾಗಿದೆ  ಅಕ್ಕ,0
ASN releasing onnKannada Dec 27nTelugu  Jan 1stnTamil Jan 3rdnMalayalam Jan 3rdnHindi Jan 17,0
Super song bro,5
@SS Gaming ttbn nn n JknOoop,5
It is vvvvvvvvvsuper,5
Super movie sir.. ಆದ್ರೆ ದುರಂತ ನಮ್ಮ ಪ್ರೇಕ್ಷಕ prabhugalna namboduu.. really tumbaa bejaar aytu ದಿಯಾ moviege e thara agiddu.. but prachaara kammi aytu anstide sir.. theatre inda movie hodmele saalu saalalli jana banduu keltidaare..,3
BGM NYC  lyric,5
D bosss fans kade inda all the best prajju,0
Hands up yav pada pa,0
Beligge yeddhu bavige haarbekittu avaga kanasu nanasu agithithu,2
super togari tippa,0
@Creative Kannadiga tysm Anna....nivu comment madidakke...bt sry Anna...bcaz nan insta use madalla,0
I love Rakshith,5
ಬಾ ಗುರು ಹೋಗಿ ಬರೋಣ ಫುಲ್ ಕಥೆ ಕೇಳ್ಕೊಂಡು ಬರೋಣ,0
@manju c hha,5
Editing yar guru 🤩,0
Lo remake alla antha hekde tane,0
Thu nem yogyathe ge maha vishnu hesaru ettu entha movie tegitira nachige agbeku nemge,1
@Nandi Parthasarathi ನಿನ್ ಅಕ್ಕುನ್,2
Love you boss,5
Mast maga channel nalli baro anchor tharaane nimm voice idiyalla,2
best song ever,5
@Nandi Parthasarathi tunnel unnu gandu,2
ಇಬ್ಬರು  ಕಳ್ಳರೇ,3
Nanu yash sudeep darshan appu cinema bittu yardu nodalla,4
KANNADA KAGI  LIKE ANU VATHi      n,0
@Nandi Parthasarathi ನಂದಿನಿ ನಂದಿನಿ ನಿನ್ ತುಲ್ಲ್ ಗಲೀಜು,2
Howduu actually eee video nodakku munche Indaanu  nange ide reethi tumbaa saari hagu pade pade yeshto baari kansu beeltittu heege obbaa vyakti Shiva devastana hatra irtane naanu devastaaana dinda aache baruvaga nanna hatra idid bilpatre na keltane but duddu maatra eeskolala but hieght agirtare tanned skin tone forehead poorthi gaaya agirutte but full body ashtaag kansalli gottagallaa but ivatt eee video nodid mele mostly avre irbeku antha anstu,0
Binduge saryagi ugithidira good go ahead  we are enjoying well,2
ಬೇವರ್ಸಿ ಚೀನಾ ನನ್ನ ಮಕ್ಕಳು,3
Osm bro osm,5
Mmmgyhvb video ⏭,5
Histu hellidri adre nimma background video pubg du kudanu Chinese howrde alwa first ninu pubg na stop madinNinu heliddu nanu tappu andilla adre hobbarige helo munche nanu correct agirabeku  k manDon't feel bad anna,2
Nam Bhashee Kannada nJai Karnataka Jai Kannada,0
@Nanu wt do u think ?,5
All d best from appu fans,5
Woww 300k + likes,5
Channag ugide bro,1
Super  sog ng   super dance,0
Karavali karavali... Itte boda marre?? Film super hit aagbeku. Bere statesnavru nammatha nodbeku aste...,0
ODEYA movie ginta ee movie super annoru like madi...,3
@Samyak H P ಖಂಡಿತವಾಗಿಯೂ,0
ಸೂಪರ್ ಸೂಪರ್ ಸೂಪರ್ ಫ್ಯಾನ್ ಆಗೋದೇ bro ನಿಮಗೆ,0
Nin naman sule Gandu boli dagar drashan,2
ರಾಮ ರಾಮ  ತುಸು  ಧಕ್ಷ  ವೃತ  ಜಾರಿಪ.  . .,0
Kannadigaradavaru kelage like madi kannadabhimana torisi,0
Diya is super ....movie,5
Dboss fansnYboss fansnKboss fans,0
ಚಂದನ್ ಶೆಟ್ಟಿ ಟ್ರೊಲ್ ವಿಡಿಯೋ ನೀವು ನೋಡಿ ನೆಗಡ್ಡೆ ಇದ್ರೆ ನಾವ್ ಗ್ಯಾರಂಟಿ,0
D boss  fans sapot iratte 100day,0
He need break..,5
ಕನ್ನಡ ನಾಡಿನ ಹೆಮ್ಮೆಯ ಚಿತ್ರ,0
ರೀ ನಿಮ್ಮ ತಂದೆಯನ್ನು ನೆನೆದು ನೀವು ಮೊಸಳೆ ಕಣ್ಣೀರು ಹಾಕುತ್ತೀರಾ,2
In ond trip nodbeku but but sinama chenge madbittru olle movi ge olle respans illa Nam karnatakadalli,0
36 M nVideo viral agthila,0
@Prajwal Kp r u mad guy?.,5
Amazing film.. .. .. .. .. .. .. .,5
ವಿಭಿನ್ನ ಹಾಡು...nಅದ್ಭುತ ವಾಗಿದೆ ಶೇಟ್ರೆ,0
Give me ur mail address,5
Tqsm bro,5
Bindu  lowda smartphones laptop kelvu brand chinade agidru nav use madtha erodakke already tax kattidivi en  munde kattod beda antha heltha erodu,2
Making r awesome bro..avlge Ennu usbeku,0
Hi nan nim vedios nodthini thumba funny agi roast madthira,0
ತುಂಬಾ ಒಳ್ಳೆಯ ಮಾಹಿತಿ ನೀಡಿದ್ದೀರಿ ಸರ್ ಧನ್ಯವಾದಗಳು ನಿಮಗೆ,0
Film benki ide gurunKannada film industry li ide Tara saviraru cinema barli,0
Cc camera footage thegiri ..avratra keli Mahabharata story,1
@Saathwik H R aadru avrige loss illa bron production house avru cleanaagi agreement maadkobeku alvaaa brooooo.....,0
Good job team,5
slum dialogue pogaru,5
Abbbbaa super tik tok ban ayithu,0
MY BOSS ANNA  YASH BOSS ANNA  YASH BOSS ANNA,0
Mam osm mam ninu,0
Main theater ella huduki sakagi hoythu,1
ತುಂಬಾ ಒಳ್ಳೆ ಸಿನೆಮಾ.. Best movie of 2020 in kannada,0
January Alli song keloru like madi,0
ಸುದ್ದಿ ಮಾಡುವ ಮಾದಕ ಹಾಡು ಕೇಳಿರಿ ಎಲ್ಲರು ......HANDS UP,0
Sir ಇದಂತೂ ದೊಡ್ಡ ಪ್ರಯತ್ನ ವಾಗಿದೆ . ನಮ್ಮ ಜನರಲ್ಲಿ ಪ್ರಾಯೋಗಿಕ ಮನೋಭಾವನೆ ಮೂಡಿಸುವ ಮತ್ತು ನಮ್ಮ ದೇಶದ  ಜನರ ನೋನೋಬನೆ ಬಗ್ಗೆ ತುಂಬಾ ಚೆನ್ನಾಗಿ ಹೇಳಿದ್ದೀರಿ ಇಂತ ಪ್ರಯತ್ನ ಗಳಿಂದ ನಮ್ಮ ತಪ್ಪುಗಳ ಹರಿವು ಆಗುದು ಮತ್ತೆ ಬದಲಾವಣೆಗೂ ಸದ್ಯ ವಾಗುತ್ತೇ ದಯವಿಟ್ಟು ಇದೇ ತರಹದ ಇನು ಹೆಚ್ಚಿನ ವೀಡಿಯೋ ಗಳ ಅವಶ್ಯಕತೆ ಇದೇ. ನಿಮ್ಮ ಒಂದು ವಾಹಿನಿಯ ಮೂಲಕ ಜನರ ತಪ್ಪು ಹರಿವು ಆಗಬೇಕು....nನನ್ನ ಮೂಲಕ ನಿಮ್ಮ ಪ್ರಯತ್ನಕ್ಕೆ ಹೃದಯ ಪೂರಕ ಧನ್ಯವಾದಗಳು .,0
Jai appu sir,5
Osm bro 🤣🤣🤣tiktok shok madutidru avayalla 🤣🤣🤣🤣🤣,3
@Nandi Parthasarathi ಹ ನೀನು ಮುಂಡೆ ನ ಎಲ್ಲಾ ಮುಂಡೆಗಂಡಾ ನ ..?  I still confused,2
It's amazing movie.  I think promotion sari agilla anta anista ide,1
ಸೂಪರ್ ಗುರು vp voice ultimate,0
ನೀವು ಹೇಳಿದ್ದರಲ್ಲಿ ಎನೂ ತಪ್ಪಿಲ್ಲ ...,0
Suuper bro... nan idu vargu tik tok app install made illa,0
Ee haadu Spotify dalli yaake illa,0
ದಿಯಾ ಮತ್ತು ಲವ್ ಮಾಕಟೆಲ ಚಿತ್ರದ ಬಗ್ಗೆ ಪ್ರಚಾರ ಕಮ್ಮಿ ಆಗಿದೆ,1
NIV helthiro Hela Mathu 100% sathya Anna,0
Super movie especially last 30 mins,5
Hwdu guru alredy 30 sala nodidini,0
Tik tok banu nan kicha Sudeep fanu egide  comment madi,0
Yavd yavd movie ge hogi dud kharch madidvi...bejaragi hogad bittivi...dia movie mobile li nodid mele theater nali nodbeku anstide...,1
Hela Kannada people please go and watch the movieee avana Sri man Narayana Kannada cinema nodi 🤗Kannada jai Karnataka mathee,0
Super Rakshit sir super super song super,5
ದೇಶಕ್ಕೋಸ್ಕರ ಒಂದು app uninstall ಮಾಡೊಕೆ ಆಗಲ್ಲ ಇವರಿಗೆ ಥೂ ಇವರ ಜನ್ಮಕ್ಕೆ,1
Wonderful movie love you DIA movie,5
Superb new avatar,5
Views struck aagide guru,2
Tik tok ban agirodike Nange Tumba Tumba Kushi ide happy 🥰,0
Boss vere level🤗,5
Nanu nodide suuuuuuuuuupppper innomme nodtini,0
Just Woww  Super Prajju  anna!! Gud luck,0
ಮೊಬೈಲಲ್ಲಿ ಅಷ್ಟೊಂದ್ ಒಳ್ಳೇ ಕ್ಲಾರಿಟಿಲಿ ಬಿಟ್ಟಿದ್ದಾರೆ. ಎಲ್ರೂ ಡೌನ್‌ಲೋಡ್ ಮಾಡ್ಕೊಂಡ್ ನೋಡ್ತಿದಾರೆ. ಥಿಯೇಟರಿಗೆ ಜನ ಬರದೇ ಇರಲು ಕಾರಣ ಮೊಬೈಲಲ್ಲಿ ಲೀಕ್ ಆಗಿರೋದು.,4
Love from Hindi lover,5
Super bro i am happy tik tok ban agidu super our modi ji super hero,0
hadu tubna hucu hedseda,1
ಪಜ್ಜು ಸರ್ ಗೆ ಒಳ್ಳೆ ಸಕ್ಸಸ್ ಸಿಗ್ಲಿ  ತುಂಬಾ ಚನ್ನಾಗಿದೆ ಟ್ರೈಲರ್,0
Song super annuru hands up madi,0
Avane shriman narayan movie paka 100 days,0
Enta matu super,0
Like father like son Jaga mechchuvanta manushya.,0
ಕಂಚಿನ ಕಂಠದಲ್ಲಿ ಮೂಡಿ ಬಂದ ತೊಗರಿತಿಪ್ಪ ಹಳೇ ನೆನಪು ತಾಜಾ ಮಾಡಿತು,0
ಏನೆ‌ ಆಗಲಿ ಮುಂದೆ ಸಾಗು ನಿ,0
Hands up  ರಕ್ಷಿತ್ ಶೆಟ್ಟಿ fans,0
Super sir,4
ನಿಮ್ಮ ಜೀವನ ಇನ್ನೂ ಚೆನ್ನಾಗಿ ಇರಲಿ,0
ಜೈ ಕನ್ನಡ,0
ಶಂಭು ಬಳೆಗಾರ ಸರ್ ಗೆ ತುಂಬಾ ದನ್ಯವಾದಗಳು,0
ಕನ್ನಡ ಒಂದೇ ಭಾಷೆಯಲ್ಲಿ ಬಕೆಟ್ದು ಕೆಜಿಎಫ್ ರಿಲೀಸ್ ಮಾಡಿದ್ರೆ 100 ಕೋಟಿ ಅಂತ ಪುಂಗಿಸೋಕೆ ಆಗಲ್ಲ ಅಂತ ಪಾನ್ ಇಂಡಿಯಾ ಅಂತ ಮಾಡಿದ್ರು ಹಾಗೆ ಕನ್ನಡ ಒಂದೇ ಭಾಷೆಯಲ್ಲಿ ರಿಲೀಸ್ ಮಾಡಿದ್ರೆ ಪ್ಲಾಪ್ ಆದ್ರೆ ಹಿಟ್ ಅಂತ ಹೇಳ್ಸೋಕೆ ಆಗಲ್ಲ ಅಂತ ಪಾನ್ ಇಂಡಿಯಾ ಮಾಡಿ 250 ಕೋಟಿ ಅಂತ ಪುಂಗಿ ಬಿಟ್ರು ಆದ್ರೆ ಬಕೆಟ್ ಮೂವಿ ಬಡ್ಜೆಟ್ ಏರಿಲ್ಲ ರೆಮ್ಯುನೆರೆಷನ್ ಏರಿಲ್ಲ ಈಗ ಅದೇ ಬಕೆಟ್ ಫಾರ್ಮುಲಾ ರಕ್ಷಿತ್ ಹಿಡಿತವ್ನೆ ಆದ್ರೆ ಈ ಮಂಗ ಮುಂಡೇವು ಏನೇ ಸರ್ಕಸ್ ಮಾಡಿದ್ರು ಪುಂಗಿ ಬಿಟ್ರು ಪ್ರೊಡ್ಯುಸರ್ ಯಾವನ್ ಇವ್ರು ಹತ್ತಿರ ಬರಲ್ಲ ಬಿಡ್ರೋ ಅದೇ ಲೋ ಬಡ್ಜೆಟ್ ಪ್ರೊಡ್ಯುಸರ್ ಬರ್ಬೇಕು ಅಷ್ಟೇ,3
Pop corn monkey tiger kuda super idr,0
@BAD BOY yappa Modlu Arta ago Tara type maadu,1
@jagadish g dambal,0
Only guru randhawa,5
Karnataka janeteinda all the best movie ge olledagali🥰🥰,0
Karnatakakke bandaddela sullu swami swalpa reel biduvaga alochane maadi bidu,2
Anna song Super agi helidira sakath agi ide songdabbaaaaa Tiktok,0
Dada fans    ಕಡೆಯಿಂದ  ಅಲ್ಲ ದ  ಬೆಸ್ಟ್,0
Nija Film ast channagidya nanu nodide nange kandita arta agle Illa,0
ರಶ್ಮಿಕಾ ಮದನ ಡಗಾರ್,0
Hindi.  ?,0
Super Anna Jai D boss,0
ನನ್ನ ಕಣ್ಣಂಚ್ಚಲಿ ನೀರು ಬಂತು..Sir ur great,0
idu charitre srushtiso avatara...rakshith shetty fans like here,0
Nammantavrge spoorti nivu sir,0
Binduge saryagi ugithidira good go ahead  we are enjoying well,0
ನಾನು ಸುಮಾರು ಈ ಹಾಡನ್ನು ಹದಿನೈದು ಬಾರಿ ನೋಡಿದ್ದೇನೆ ಯಾಕೆ ಗೊತ್ತಿಲ್ಲ ಇನ್ನು ನೋಡಬೇಕು ನೋಡಬೇಕು ಅನಿಸುತ್ತದೆ... ಅದೇತರ ಒಂದಕ್ಕಿಂತ ಹೆಚ್ಚು ಬಾರಿ ನೋಡುತ್ತಲೇ ಇರುವವರು ಲೈಕ್ ಮಾಡಿ,0
Mast movie,5
ningappa hutagannavar the best way is 4uíykhfjklbgkkñ,1
Tik tok Tarane act madidre hana sigutalva edanne etkondu. Nam government mane manege items kottu Products ready madi adanna videshakka marata madbeku matte nam janakke kamishon kotre voledalva. Nam jangala kayyalli yake kelsa madkotilla .,0
Jadesh Kumar Anna.. trailer is dashing,0
ಸೂಪರ್ ಬ್ರೋ,0
@Sachin Shetty nYeno alpa swalpa budhi upiyogiside,1
shambu baligar sir superrrrrrrr,5
ನನ್ shata fil ಮಾಡದೆ bro,2
Superb bro,5
Deserves more views.,0
ಅಣ್ಣ ಸರಿಯಾಗಿ ಹೇಳ್ದೆ .. super.,0
Hands up fans like here,5
ಚಂದನ್ ಶೆಟ್ಟಿ ಟ್ರೊಲ್ ವಿಡಿಯೋ ನೀವು ನೋಡಿ ನೆಗಡ್ಡೆ ಇದ್ರೆ ನಾವ್ ಗ್ಯಾರಂಟಿ,0
Gta 5 bro,5
Hands up,5
ಇವರ್ನ ಚೀನಾ ಬೋರ್ಡರ್ಗೆ ಕಳಸಬೇಕು ಗೊತ್ತ ಆಗುತ್ತೆ,0
ಗುರು ನಿನಗೆ ಧನ್ಯವಾದಗಳು,0
Feels like Rango but its great,5
ಕರ್ನಾಟಕದ ಶ್ರೀಮನ್ನಾರಾಯಣ ಬಗ್ಗೆ ತಲೆ ಕೆಡಿಸಿಕೊಳ್ಳಬೇಡಿ promotion ನ ವಿಚಾರವಾಗಿ ಇಲ್ಲಿಗೆ ನಮ್ಮ ಟ್ರೋಲ್‌ಪೇಜ್ ನವರೆ ಸಾಕು..nಕರ್ನಾಟಕದಾಚೆಗೆ ಹೆಚ್ಚಿನ ಪ್ರಮೋಷನ್‌ನ ಅವಶ್ಯಕತೆ ಇದೆ. ಪ್ರಮುಖವಾಗಿ ಉತ್ತರ ಭಾರತದಲ್ಲಿ.nಇದು ಕನ್ನಡಿಗರ ವಿನಂತಿ,0
I am watching,5
Release in Aboard,5
Le tiktok hudugira yella pubg banni  AWM M4 use madodu hege anta helkodtini,0
Please ಇನ್ನೊಂದು ಸಾರಿ re release Maadi.,0
Nagaraj Shankaranavar Nagaraj Shankaranavar,5
Supar friend supar,0
Kalki you only say brother your name is kalki no then say,2
🤔🤔🤔 hello thamma navu unity maintain madthivi aithu thorskolo avyashyakathe namgila nin CMT nodid kudle yavan avr fanism bidkodala 🤣🤣 nin kano doddu sede nan maga,2
Daily ondhsalanadru ee song na kele kelthivi annovru Attendence haki,0
*ಇದು ಚರಿತ್ರೆ ಸೃಷ್ಠಿಸೂ ಅವತಾರ ನೋಡಿ ಅವನೇ ಶ್ರೀಮಾನ್ ನಾರಾಯಣ*,0
@sharath sharu nin ammun tullge nan tunne sigaka berke sule magne,2
Super bro nim vioce ale ede desha Prema full enjoy video super,0
@P h Ahamad Bava ಅಣ್ಣ ಒಂದೆರಡು ಪದ ಬಿಟ್ಟು ಇನ್ನೂ ಉಳಿದ ಪದ ಅಚ್ಚ ಕನ್ನಡದಲ್ಲಿ ಇದೆ ಅಲ್ವಾ?,0
ತುಂಬಾ ನಗು ಬಂತು ಗುರು,0
Bgm..nnWaiting AVANE SRIMANNARAYAN and YUVARTHNAA,0
Most handsome Kannada film industry,5
Addu. Pubg alla. Guru.  Sumney. Elbedda,2
@Vinay kumar banthu jaathi naayi savi savi nenapu soole sudeepu pans for a reason 🤣🤪,2
Yav Ree dislike kodoru kannada movies belibek fist kannada next hero's elru nammavare...,3
ondu sakagalla Inna beku,0
Entertainment Andre hidu huliyaaaa,0
Solid song making,5
Nin  video delete agolla bidu bro ninge nav support madtivi innu e tara videos na mattastu madu chaina bucket galige tale kediskobeda,0
Hindi nahi hai kya,5
@shiva prakash kittoyta?,1
Tamil remake nan sigapu manithan,5
ALL THE BEST TEAM OF ASNnFrom ఆంధ్ర ప్రదేశ్ (Andhra Pradesh),5
Anna game yavudu anna adu,0
ಈ ಹಾಡು ಚರಿತ್ರೆ ಸೃಷ್ಟಿಸುತ್ತೆ ಅನ್ನೋರು ಲೈಕ್ ಮಾಡಿ,0
ಹಾಡಿನಲ್ಲಿರುವ ಪದಪುಂಜವನ್ನು ಬಳಿಸಿದ ರೀತಿಯೇ ಅತಿ ಅದ್ಭುತ....,0
GTA 5 bro,5
ದೇಶ ಕಾಯಕ್ಕೆ ಯೋಧ ಇರಬೇಕು ತೀರಿಪೆ ಶೋಕಿ ಮಾಡಿದವರಿಗೆ ಟ್ರೋಲ್ ಮಾಡೋರು ಇರಬೇಕು,0
Nonsense Kannada rost,5
Pubge sontekorya kano,0
@KICCHA DHF yes 2,5
Promotion ಚನ್ನಾಗಿ ಮಾಡಿ sir. yeno sir Karnataka outside film sound ಮಾಡ್ತಾ ಇಲ್ಲ. ನಿಮಗಿಂತ ನಮಿಗೆ ಈ ಫಿಲ್ಮ ಹಿಟ್ ಆಗಲ್ಲಿ ಅನೋ ಆಸೆ ಇದೆ sir.,0
Sahi bola Bhai 🤣🤣🤣,5
Thu thukali trailer,3
Super gichhi Gili Gili boss,0
@vinoddevadiga Jogimane okay,0
Nim matalle gottagutte neevu estu positive Anta,0
ta ta ta ta ta da da da,5
@Mad Titan Zoom ultra modem,5
Re e video post agiddu yavaga apps ban agirodu yavaga adu moldu nodir sumne yeneno mathadbedi,3
@vinay shivamogga **uter,2
Worst song ever...,1
ಇದು ರಕ್ಷಿತ್ ಶೆಟ್ಟಿ ಚರಿತ್ರೆ ಸೃಷ್ಟಿಸೋ ಅವತಾರ nನಿಮ್ಮಂತಹ ಸೃಜನಶೀಲ ಮತ್ತು ಚಾಣಕ್ಯ movie maker ನಮ್ಮ ಕರ್ನಾಟಕದಲ್ಲಿ ಇರುವುದು ನಮಗೆ ಹೆಮ್ಮೆ,0
Vijaykumar s Kumsi  hotelnKumsi,2
Hand's Up super,5
ನಮ್ಮ ಚಂದನವನದ ಚಲನಚಿತ್ರಗಳು ತುಂಬಾ ವಿಭಿನ್ನವಾಗಿ ವಿಶಿಷ್ಟವಾಗಿ ಸುಂದರವಾಗಿ ಮೂಡಿ ಬರುತ್ತವೆ ಇದು ನಮ್ಮ ಹೆಮ್ಮೆಯ ಕನ್ನಡದ ಸಿನಿಮಾಗಳು ಯಾವ ಪರ ಬಾಷೆ ಚಲನಚಿತ್ರಗಳಿಗೂ ನಮ್ಮ ಕನ್ನಡ ಸಿನಿಮಮಾಗಳು ಕಮ್ಮಿ ಇಲ್ಲ ಕನ್ನಡವೇ ಸತ್ಯ ಕನ್ನಡವೇ ನಿತ್ಯ,0
Super singing by Vijay Prakash...,0
Dina 7-8  sala song kelisikontini.,0
Bahala varshada nantara Togari Tippa Hasya keli santosh aayitu  thank you for this video,0
an voice super story nakku nakku otte hunnatri,0
chenagide anta Pade pade nodoru swalpa husharu Data khali aguthe,0
Movie is super,0
Hindi me kab aayegi,5
Ha gandu sule maga sikkre katte mele meravanige madi kallu odedu sayisbeku,1
Next level gurunin benki bhai,0
Osm vedio anna,0
@Cypher spalling misteek madbardu.... adu D boos,4
ನಿಜವಾಗಿಯೂ ಅಣ್ಣ HANDS OFF TO YOU.. ಧನ್ಯವಾದಗಳು...,0
One side,5
ಚಂದನ್ ಶೆಟ್ಟಿ ಟ್ರೊಲ್ ವಿಡಿಯೋ ನೀವು ನೋಡಿ ನೆಗಡ್ಡೆ ಇದ್ರೆ ನಾವ್ ಗ್ಯಾರಂಟಿ,0
Nimma news keltha eddre,0
I like song very much,5
Sir ನಿಮ್ಮ ಮಾತು 100 ಕ್ಕೆ ೧೦೦% ಸತ್ಯ..,0
But kone yalli police magala jeevana da bagge clarity kodbekittu... nIdondu bittu film matra,0
Thumba chennagide  nimma abhipraya..,0
Idu charitre srastiso avatara,0
ಚಂದನ್ ಶೆಟ್ಟಿ ಟ್ರೊಲ್ ವಿಡಿಯೋ ನೀವು ನೋಡಿ ನೆಗಡ್ಡೆ ಇದ್ರೆ ನಾವ್ ಗ್ಯಾರಂಟಿ,0
@9535684889 Chaithra enu sinchana gottaglilla,0
@Sujan Tejashands up ande kai ettu annadukka agutta,2
E film yar yar nodiddera 🤘 like madi,0
Gta 5 bro,5
Yanta jana brother nam deshakkoskara 1 app delete madoke agalva avarige,0
Nice steps like chirnjevi,5
Super  jai kiccha sudeep anna,0
jai sri ram,5
Parvagilla....buzz is good in Hindi too..see BMS,0
Yas re relis madi,0
Arajun Galagali thippesh,0
Onde ond cmnt ketudag idre torso childe🤣🤣nNamdu olle respected family nimdeno gotila...modlu tilkond helu bayig bandang helak nangu barutte...nan hesru katkond ningen agbeku,2
Ashwatama ge Kannada barutte yenri,0
ಚಂದನ್ ಶೆಟ್ಟಿ ಟ್ರೊಲ್ ವಿಡಿಯೋ ನೀವು ನೋಡಿ ನೆಗಡ್ಡೆ ಇದ್ರೆ ನಾವ್ ಗ್ಯಾರಂಟಿ,4
ಬಾಳ ಚೊಲೋ ಐತ್ರಿ ನೌನ್ ಕಥಿ,0
Dislike madiroro rashmika fans irbeku,3
Innu iste views agidda!! Song yak hit agilla,3
Sir social media bittu horgade thumba publicity beku dayavitu madi,0
Awsum guru enu swalpa hugiri,0
Bharatadalli Experience kelidre en madodu? Nav hosa kelsa madoke ready idivi,0
ಸೂಪರ್ voice and i am very happy for banning tiktok app,0
I lv u sir,0
1 min silence for tiktokers,5
Chindi Song guru,0
Swabhimana da baduku sartaka,0
Super song,5
Super bro e nayiigulu erodrindane nam desha uddar agilla once again super bro,1
Hanumagowda.k Kalikeri h,5
Bharatadalli vanchakarige gourava jasti.,3
Good ..but small dout karavali bittu berekade content sigalva.,0
Film suprrrrrr agi ede full clean film,0
Dislikers r fans of rasmika,3
Chindi song  Vijay prakash fans hit like here,0
Nimge interview madoke bere jaga sekilwa 🤦,3
Adhakalva janarige dharsan fav..avn adhe tharadh movie madudh,0
Shankar sir olleya artiste ivarannu bitte cinema madtira Buddi illada dairctar,5
One more lucia movie,3
My  favorite songs,0
supper  guru,0
Jai D Boss,0
I like it I like it kantha.,5
@Naveen kumar yadav lo thamma nanu copy madidare antha yello helidini.. ratasasan movie bgm inspiration indha idhna madidare andirodhu.. nav yav telugu movie nu nodalla kannadake modala adhyathe namdhu,2
ಸರ್ ಹಿಂದಿ song ಬೇಗ ಬಿಡಿ,0
ಇದು ಚರಿತ್ರೆ ಸೃಷ್ಟಿಸೂ ಅವತಾರ,0
ಕನ್ನಡ ಚಿತ್ರರಂಗ  ಬೆಳವಣಿಗೆ ಸುರು ಆಯ್ತು ಜೈ ಕನ್ನಡಾಂಬೆ,0
Super song Jai DBoss,3
ಮೈಸೂರು .ಎಂ.ಪಿ qhqjrjsrlfktiskg,5
3.39 ರೀಷಭ್ ಶೆಟ್ಟಿ,0
ಸೂಪರ್ ಸಾಂಗ್ ಆಲ್ ದಿ ಬೆಸ್ಟ್ ರಕ್ಷಿತ್ ಶೆಟ್ಟಿ ಅಣ್ಣ,0
Rashmika fans bro,5
ಇರೋದು ಇರಭವದ್ ಗೊತ್ತಿಲ್ಲ,0
ಅರ್ಜುನ್ ಜನ್ಯ ಅವರೇ ನೋಡಿ ಅಜನೀಶ್ ಲೋಕನಾಥ್ ಅತ್ರ ಹೋಗಿ ಮೂಸಿಕ್ ಮಾಡೋದನ್ನ ಕಲಿಯಿರಿ 🤣n#Odeya movie ಗೆ ಏನ್ ಮ್ಯೂಸಿಕ್ ಕೊಟ್ಟಿದಿಯ ಸ್ವಾಮಿ........... ತೂ 🤭🤭,1
Sir pls answer abt Hindi version...,5
Super message sir,5
Next kgf........ avane srimannarayana.... blockkkkkkk busterrrrrr,0
My favourite song edu steps super,0
Anjali Devi hai,5
Super song very interesting,5
Best madali olle  belavanige next level sandalwood,0
Swag Ka King Rakshit Shetty,5
Yaro guru ninu super,0
Hindi nalli Madi movie oduthe plz,0
Yes song super,0
Kannada film  industry avaru sir solpa nodi rii yen madta ididra inta ashvath sir avara maga ondu sanni veshe dalli kalsa Kodi,0
Vere level bro,5
By no FBI do,5
Super Guru  tiktok ban I'm real happy,5
Anjali Devi really,5
ತೋಗರಿ ತಿಪ್ಪ ಸೂಪರ್,0
Super song,5
Super ck. Ur voice ur content........,5
sir nim left kaalu samasye  iruvudu  rinda neevu automatic gear iro gaadi odusbodu Alva sir nimage tumba help agute,0
Iam Vijay devara konda Hater,5
Film nodi matte nodbeku annoru like madi,0
Corona dhinda theatre Alli cinema nodokke aaglilla maga. Mathhe nodthini. Cinema direction  adbutha madidya.,1
Sir u copy dr vivek bindra sir,5
@Nandi Parthasarathi ನಂದಿನಿ ನಂದಿನಿ ನಿನ್ ತುಲ್ ಊರ್ ಬಾಗ್ಲು,2
Wwwwso Super rakshit boss nim name nange tumbanee ista hagee nim movinu istanee nnnnnn,0
Guru I like u,0
ಸಾಹಿತ್ಯ ಅಧ್ಬುತ nಸಿನಿಮಾ 100 ದಿನವು ಅಧ್ಬುತ nಯಶಸ್ಸು ಕಾಣಲಿ,0
Ivrna nodidre ashwath avrna nodida hange agutte......nVoice antu ade tara ide,0
ಚಂದನ್ ಶೆಟ್ಟಿ ಟ್ರೊಲ್ ವಿಡಿಯೋ ನೀವು ನೋಡಿ ನೆಗಡ್ಡೆ ಇದ್ರೆ ನಾವ್ ಗ್ಯಾರಂಟಿ,0
ಯಾರೆಲ್ಲ ಈ ಸಾಂಗ್ ಅನ್ನು ದಿನಾಲೂ ಕೇಳುತ್ತೀರಿ... 🤔,0
6) vijaya devarakonda,5
@Nandi Parthasarathi ಅಂತೂ ಒಪಿಕೊಂಡಲ್ಲ ದೊಡ್ಡ ಷಂಡ ಅಂತಾ,2
@prithvi nayak ನಿಮ್ಮ ಅವ್ವ ಹಾದರಗಿತ್ತಿ,2
Trending number 1,0
Awesome song! 2nd Shankarnag to KFI,0
ಸೂಪರ್ ಅಣ್ಣ ನೀಟಾಗಿ ಅರ್ಥ ಆಗೋ ಹಾಗೆ ಹೇಳಿದಿಯ  ಈ ಶಡೇಗಳು ಅರ್ಥ ಮಾಡ್ಕೋಬೇಕು,0
Music bayankara gurooo.....,0
#KGFCHAPTER2  #KGF2,5
Ivrella nijvaglu nam Indian anta ansutte anna yappa istu himse kodtidru tiktok antidaralla yappa nijvaglu ivnella nijvaglu aaisbeku,0
Yamma..kivili raktha barthide supper guroo,0
Hope this movie will rule Indian cinema... ಅವನೇ ಶ್ರೀಮಾನ್ ನಾರಾಯಣ ಇನ್ನು ಹಲವು ಭಾಗಗಳಾಗಿ ಕನ್ನಡ ಚಿತ್ರರಂಗದಲ್ಲಿ ಅವತಾರಗಳನ್ನು ತಾಳುವುದರಲ್ಲಿ ಸಂಶಯವೇ ಇಲ್ಲ.,0
Nanna ballya jivana nenap aytu thanks aswini adio,0
Bindu gowda ge sariyyagi batthi itree sir ..super sir neevu,4
Thumbha ಒಳ್ಳೆಯ ಮಾಹಿತಿ Anna. Dhanyavaadagalu.,0
I am waiting,5
ಈ ಹಾಡು ಒಂಥರಾslow poison ಇದ್ದ ಹಾಗೆ,0
@Ajaya shetty huu gottu,0
Anjali Devi hii,5
ಕ್ರಿಮಿನಲ್ ಬುದ್ದವಂತಿಕೆ ..ಸೂಪರ್ ಹೀಗೆ ಇರಬೇಕು .. ನಮ್ಮ ದೇಶ ನೋ... ಚಾನ್ಸ್..,0
Song full gicchi gili gili.....,5
Sir nivu bare swalpa sulu heleteraa,2
Hodtha Guru sng,0
Urko sanvi dagar rashmika...,2
@jagadish g dambal,0
Gajab ka song h yar hindi me nahi ayega kya ye song samajhna hai lyrics,0
ಒಂದು ದೇಶದ ಮುಂದುವರಿಯುವುದು ಅದರ ಆರ್ಥಿಕ ಸ್ಥಿತಿಯನ್ನು ಅವಲಂಬಿಸುವುದಿಲ್ಲ. ಅವರು ಮಾನವೀಯತೆಯಲ್ಲಿ ಎಷ್ಟು ಸಮರ್ಥರು ಎನ್ನುವುದನ್ನು ಅವಲಂಬಿಸಿದೆ. ಭಾರತದಲ್ಲಿ ಅನಕ್ಷರತೆ ಇದೆ ಆ ಅನಕ್ಷರಸ್ಥರನ್ನು ಅವರ ಅನಕ್ಷರತೆಯೇ,0
@naveen gani rest in peace sanvi🤣🤣🤣🤣,5
ದರ್ಶನ್ ಸರ್ ನಾವು ನಿಮ್ಮ ಅಭಿಮಾನಿಗಳು ನಮ್ಮ ಕಲಾವಿದರು ಈ ರೀತಿ ಕಷ್ಟ ಪಡೋದು ನಮಗೆ ಮನಸ್ಸಿಗೆ ತುಂಬಾ ನೋವಾಗುತ್ತೆ ನೀವು ದಯವಿಟ್ಟು ಇಂಥ ಮಹಾನ್ ಕಲಾವಿದರನ್ನು ತಮ್ಮ ಜೊತೆ ಕರೆದುಕೊಂಡು ನಡೆಯಿರಿ ಅಭಿಮಾನಿ ಅಭಿಮಾನಿಗಳಿಗೆ ಕೊಡುವ ದೊಡ್ಡ ಉಡುಗೊರೆ ನಿಮ್ಮಿಂದ ನಾವು ನಾ ಬಯಸುತ್ತೇವೆ,0
#DBOSS  ದರ್ಶನ್ ಅಣ್ಣನ ಅಭಿಮಾನಿಗಳ ಕಡೆ ಇಂದ All the best,0
Awesome song .,5
ಚಂದನ್ ಶೆಟ್ಟಿ ಟ್ರೊಲ್ ವಿಡಿಯೋ ನೀವು ನೋಡಿ ನೆಗಡ್ಡೆ ಇದ್ರೆ ನಾವ್ ಗ್ಯಾರಂಟಿ,0
Sang supar Chinu love you too...uppi.,0
Charitre srushti maadiruva Shettrege...Hands Up,0
Bahu bhai hindusthan jai,5
Amazing song,0
ತೊಗರಿ ತಿಪ್ಪ ಸೂಪರ ನಾಟಕ,0
Cinema super aagide,0
@vinoddevadiga Jogimane now staying in Bengaluru,0
ಬಡ್ಡಿ ಮಗಂದು ಯಾವತ್ ಬಾರುತೋ 27ನೇ ತಾರೀಖು,1
ಸೂಪರ್ ಸೂಪರ್ ಸೂಪರ್,0
ನಿಂದು ಬ್ರೋ ನಿಜವಾದ ಟ್ಯಾಲೆಂಟ್ ಅಂದ್ರೆ,0
Leak alla adu theater run mugdidakke nAmazon prime hakidare,0
ನನಗೆ ಇಷ್ಟವಾದ ಕಥೆ ತೊಗರಿ ತಿಪ್ಪ,0
@naveen v nim gandu balegara movie yalla utterflop modlu side acting madudu ಬಿಡು anu modlu,3
Tiktok uninstall madodakku modlu ee changlu nan maklanna modlu desha dinda delete madbeku Guru,3
Super bro,5
ಸರ್ ನಿಮ್ಮ ಪಾದಗಳಿಗೆ ನಮಸ್ಕಾರಗಳು,0
Ivnu soole maga pakka. Ivnu yash fan bandu hen kelsa madthavne nodro soole maga,2
1.6k people are not liking this....innna en beko maaraya nimga ...,3
Yar yaru ashwattama badukidanendu nambutero Elli ondu like madi,0
Chinndikanna neenu neenu nam tharane madthadthiya. Super,0
Kelv bvc galu ..nam India dalli eddare Anna...a bvc galu chna ap use madthare anna,4
Dialog super agii oddidya anna.. super,0
@PRAJWAL NAYAK Karnataka bro,5
Howdu bro app uninstall madudrea avrig amount hogodu kamiagutea plzzzzz uninstall Madi beavarce appp Adu thuuuuu,4
Best movie... Keep it up,0
Bro ee game yavdu and nimma ella video super boss,0
Teja Madarkhandi Teju,5
Avalige chapalige odiri,2
ಹಾಡು ಸುಪರ್ ಸಂಗೀತ ಸಂಯೋಜನೆ ಸುಪರ್ ಸುಪರ್,0
ದೃಷ್ಟಿ ಇವನೊಬ್ಬನ ಮೇಲಿಡಿ nತಪ್ಪದು ನಿಜ ಮನರಂಜನೆ,0
NKn idddu ಟ್ರೋಲ್ ಅಂದ್ರೇ...  ಬ್ರೋ ನಾನು ಟಿಕ್ ಟಾಕ್ ಗೆ ಅಡಿಕ್ಟ್ ಆಗಿದ್ದೇ... ಬಟ್ ನಮ್ ದೇಶಕ್ಕಿಂತ ದೊಡ್ದಲ್ಲ  ಈ ಟಿಕ್ ಟಾಕ್... ಅಷ್ಟೇ... ಇನ್ನೋಂದ್ ವಿಷ್ಯ ನಮ್ ದೇಶದ್ ರೊಪೊಸೋ ಡೌನ್ಲೋಡ್ ಮಾಡಿ ಓಪನ್ ಮಾಡಿ ನೊಡುದ್ರು... ಅವ್ನಮ್ಮನ್  ಆ ಕಿತ್ತೋದ್  ಮುಂಡೇ ಬಿಂದು ಗೌಡ... ಅದ್ರಲ್ಲೂ ಸಾಯ್ತಾವ್ಳೇ ಗುರು.... ಅವ್ಳ್ಳಿಗೇ ಏನಾದ್ರು ಮಾಡಿ ಫೋನ್ ಯುೂಸೇ  ಮಾಡ್ಬಾರ್ದು ಆ ತರ ಟ್ರೋಲ್ ಮಾಡಿ ಬ್ರೋ....  ಅವ್ನಮ್ಮನ್ ಹಂದಿ ತಿಕದ್ ತರ ಇರೋ ಮೂತಿನ ನೊಡಕ್ಕಾಕ್ತಿಲ್ಲ....,2
Super guru pakka block buster,0
ಚಂದನ್ ಶೆಟ್ಟಿ ಟ್ರೊಲ್ ವಿಡಿಯೋ ನೀವು ನೋಡಿ ನೆಗಡ್ಡೆ ಇದ್ರೆ ನಾವ್ ಗ್ಯಾರಂಟಿ,0
@Krithika Raja,5
@Hanumanthappa H S q1*50,5
Upload volume 2 please,5
Namma kannada chitra ranga evrge olle avakasha galna kodli antha kelkotini,0
Jai appu boss,5
Enu Kannada antha matadtaro ee goobegalu. Thoo!... Tumba chennagi maadideera. Avru nim jote tumba chennagi maadidare. Enu maadiddu,4
Super song sir,5
dilip kumar nanu kuda bro,0
Lots love from kannadigas,0
ಅಭಿನಯ ಚಕ್ರವರ್ತಿ ಕಿಚ್ಚ ಸುದೀಪ್ ಅವರ ಕಡೆಯಿಂದ.. All tha best movi,0
No doubt edu charitre srustiso  avatharane,0
Super  maga,0
Nan lwda dalli edane band nodkondu ogo gandu,0
Rip chiru sir,0
ದಿಯಾ ಬರಿ ಚಲನಚಿತ್ರ ಮಾತ್ರವಲ್ಲ ನಮ್ಮ ಕನ್ನಡ ಚಲನಚಿತ್ರ ರಂಗದ ಇತಿಹಾಸದಲ್ಲೆ ಎಂದು ಎಂದೆಂದೂ ಮರೆಯಾಲಾಗದ ಅಪರೂಪದ ಅದ್ಭುತವಾದ ಕನ್ನಡ ಚಲನಚಿತ್ರದ ಮಹಾನ್ ಕೃತಿ ಈ ಚಲನಚಿತ್ರವನ್ನ ನೀವುಗಳೆಲ್ಲರೂ ನೋಡಲೆ ಬೇಕು ದಿಯಾ ಚಲನಚಿತ್ರದ ನಿರ್ದೇಶಕನಿಗೆ ನನ್ನದೊಂದು ಪ್ರೀತಿಯ ನಮಸ್ಕಾರಗಳು ನಮ್ಮ ಕನ್ನಡ ಚಲನಚಿತ್ರಕ್ಕೆ ನೀವೊಬ್ಬರು ಮತ್ತೊಬ್ಬ ಪುಟ್ಟಣ್ಣ ಕಣ್ಣಗಾಲ್nn ವಿಲೇಜ್ ರೋಡ್ ಫಿಲಂಸ್,0
Kannada ne best adrallu kannada songs adre hen andkondodira,0
ಚಂದನ್ ಶೆಟ್ಟಿ ಟ್ರೊಲ್ ವಿಡಿಯೋ ನೀವು ನೋಡಿ ನೆಗಡ್ಡೆ ಇದ್ರೆ ನಾವ್ ಗ್ಯಾರಂಟಿ,4
🤣🤣🤣brooo I'm big fan,0
ಪ್ರಯತ್ನಕ್ಕೆ ದೊಡ್ಡ ಸಲಾಂ,0
Sathyavaglu movie maatra ulty,0
ಆಂಗ್ಲ ಭಾಷೆ ಬಳಸೋ ಕಾಲದಲ್ಲಿ ಅಚ್ಚ ಕನ್ನಡದಲ್ಲಿ ಸಾಹಿತ್ಯ ಬರೆದಿರುವ ಬರಹಗಾರರಿಗೆ ಕೋಟಿ ಕೋಟಿ ನಮನಗಳು,0
ಆಲ್ ದಿ ಬೆಸ್ಟ್ ಡಿ ಬಾಸ್ ಹುಡುಗರು,0
ವಿಜಯ್ ಪ್ರಕಾಶ್ ಅವರ ದ್ವನಿ ನಾರಾಯಣನಿಗೆ ಹೇಳಿ ಮಾಡಿಸಿದಂತಿದೆ..,0
Guru deshgaande swantha picture tegeyo sule maga alla.. Yaav picture remake idhu🤔,2
La video ako su.....।,1
Banda  #AvanesrimannarayananAll the best,0
Kiran MB it's swamake,5
Ravichandran vishnuwardha raajkumar Shankar nag elruna onde sari nodidangaythu..,0
Movie is promising,5
Super Comedy togari tippa,5
Bro hagandr kgf asn 5 language alli bidugade agute avaga bere industri avaru hage andre yenagutte,0
Super Kannada Karnataka and kanadiga,5
Godiyaga ata aadtida,0
RIP rashmika mandhana,2
Sumne irru guru yake kiriku,4
Lyrics lit VP voice,5
love you ya,0
🥰🥰🥰🥰Super song 🥰🥰🥰🥰,0
@Reginald Kelly ಲೆ ತುಕಾಲಿ ನಿನ್ನ ಸಂಸ್ಕೃತಿ ತೋರಿಸುತ್ತೆ ನಿನ್ನ ಎಷ್ಟು ಕಚಡ ಅಂತ,2
D boss  fans full support. Successful hagli movie,0
Nimge istu sullu heloke Hege manasu barutte,2
Bhai kgf 2 kab ayegi,5
Great sir salute for him,5
Super bgm masth ....,0
Modalu prana mukya amele cinema... Plz don't lose hope DIYA chitratanda.... Wait for time,3
BoLi Maklu ee tara videos nu dislike maadtare,1
songa  super bro,0
ತುಂಬಾ ಚೆನ್ನಾಗಿ ವಿಚಾರ ಸಂಕಿರಣ ಮೂಡಿಸಿದ್ದಾರೆ  ಭಾರತ ಪ್ರಪಂಚದಲ್ಲಿ ಹಿಂದೆ ಉಳಿಯಲು ರಾಜಕೀಯ ವ್ಯವಸ್ಥೆ ಒಂದು ಪ್ರಬಲ ಕಾರಣ  ಪಕ್ಷ ಪಾತ ಸ್ವಜನ ಸೌಮ್ಯತೆ ಸಹ ಕಾರಣ ಎಂಬುದು  ತಿಳಿಸಿದ್ದಾರೆ nಕೌಶಲ್ಯ ಅಭಿವೃದ್ಧಿಗೆ ಹೇಚ್ಚಿನ ಮಹತ್ವ ಕೊಡಬೇಕಾಗಿದೇ   ಎಂಬುದು ಸಹ ಸತ್ಯ,0
Booking start  ಮಾಡಿ,0
appu boss fans nlike madi,0
Usefull tq amar prasad,5
ಕನ್ನಡದ ಕಿರೀಟ ಇದು,0
ಗಜಿ  ಆಶು,0
ಫೈಟ್ ಸೀನ್ ಅಮೇಜಿಂಗ್ ಪ್ರಜ್ವಲ್ ಲುಕ್ಕು ಬ್ಯೂಟಿಫುಲ್ ಆಲ್ ದಿ ಬೆಸ್ಟ್ ಜಂಟಲ್ಮ್ಯಾನ್    ಫ್ರಮ್ ಡಿ ಬಾಸ್ ಫ್ಯಾನ್,0
Anna sumne video madedhya nodu,2
ಸೂಪರ್ ಹಿಟ್ಟ್ ಸಾಂಗ್,0
ತುಂಬಾ ಚನ್ನಾಗಿ ಮೂಡಿ ಬಂದಿದೆ ಮತ್ತು ನಿರೀಕ್ಷೆ ಹುಟ್ಟಿಸುವಂತಿದೆ. ಸಿನಿಮಾ ಬಿಡುಗಡೆಗೆ ಕಾಯುತ್ತೇವೆ. ಒಳ್ಳೆಯದಾಗಲಿ,0
Pacca edu charetre shrushisti  so avatara,0
Super rakshit shetti ajanish,0
I too agree,5
Guru nin voice en guru adu ha ha bombat__ series agi ond heltini nanage enadru nim videos inda nakku nakku hotte novu bandre neeve javabdari helidini,0
ಜಡ್ ಜಡ್ ನಕ್ಕ...,0
@gowthami gowthami wow nice...,5
Pade pade kelabeku anisutte.....,0
Ashwathama. Vadhukkidhe.evathu. video. Nodithunanu. Jai. Babaji,0
@VARAPRASAD K K soole magne avrige Bari jaati fabsallo Ella jaatilu fans idaare neen heldyalla jaati naayi antha pakka gawda kano naanu nin Amman soole magne neenu as darshan naydu jaati irbeku  dagaar dagaar dam dam dagaar soole maga darshan,2
Sir Nam kannada hudga andre enu anta ha loper manganna ni ge torsi sir next film nalli in yavano sikkudre avna hinde nu hogtale avlu kannadigara takattu enu anta avlige gottagbeku,0
Super movie sir,5
ಚಂದನ್ ಶೆಟ್ಟಿ ಟ್ರೊಲ್ ವಿಡಿಯೋ ನೀವು ನೋಡಿ ನೆಗಡ್ಡೆ ಇದ್ರೆ ನಾವ್ ಗ್ಯಾರಂಟಿ,0
Bro Ten minutes + video madi bro niuo mado video na nodta edre nodtane erbeku anisutte,0
Super rakshith shety sar....,0
Super bro,5
Zing zing amazing,5
Subscribed... Bro... Benki ninu,0
Give link to that pandi kokku song ....,5
Lol telegram bandirodu alla Amazon prime bandirodu adanna pirate madi telegram hakidarenNivgalu theatre gu hogalla mobile bandru pirate nodtira,1
@Raja Vishnuvardhana yarge agli 1st respect kododu mukya,0
Hang aytu,0
So nice bro,5
Sulemakale tic tok uninstall madi,4
En dailouges guru nsuper gurunYou rocking gurunNin dailouges keludmele nim channel subscribe maadthiddeeni hinge continue maadu gurunInnondibru dingurbilligalu tiktok li buildup kodthidru avrnu ee videodalli topgersidre chanaagirthitthu,0
@Kiccha Vitthal ಕಚ್ಚಾ ಸುದೆಪಿ,2
Supar anna love you pajuanna....,0
ಪಕ್ಕಾ ಡಿ ಬಾಸ್ ಅಭಿಮಾನಿ ಡಿ ಬಾಸ್ ಫ್ಯಾನ್ ಕಡೆಯಿಂದ ಆಲ್ ದಿ ಬೆಸ್ಟ್,0
ಅಣ್ಣ ಇನ್ನೊಂದ್ ಸ್ವಲ್ಪ ಉಗಿರಿ ಅವರಿಗೆ ನಮ್ಮ ಯೋಧರ ಬಗ್ಗೆ ಚಿಂತನೆ ಮಾಡುತ್ತಿಲ್ಲ ತಿರುಬೋಕಿ ಇನ್ನು ಸ್ವಲ್ಪ ಚೆನ್ನಾಗಿ ಉಗಿರಿ ಅಣ್ಣ,3
ಇದು ಚರಿತ್ರೆ ಸೃಷ್ಟಿಯೋ ಅವತಾರಾ...,0
@Krishna Tirividi 🤦‍🤦‍,0
Good story teller. Awesomeeeee,5
Ibrunu kannadadavre ibru belibeku. support maadi compare maadbedi,0
ಟ್ರೊಲ್ ಅನ್ನ ಸರಿಯಾಗಿ ಉಪಯೋಗಿಸ್ಥಹಿದಿರ. ಸೂಪರ್,0
2020 Blockbuster hit movie. Jai Karnataka,0
Lo d gujaalds neev support maadida yaav sinimaagalu succes agilla .. yaakro sumne buildep .. simple example andre ..amar movienu ..fail maadudralo .ambareesh gintha name bekittha...ಮಧ್ಯೆ ನೀವ್ ಹೋಗಿ ಹಾಳ್ ಮಾಡುದ್ರಲೋ ..,3
Superb song Guru,5
ಟಿಕ್ ಟಾಕ್ #ಕ್ರಿಯೇಟಿವ್ ಕನ್ನಡಿಗ ನಿಮಗೆ ನಮ್ಮ #ಕನ್ನಡ ಜನತೆಯಿಂದ ತುಂಬು ಹೃದಯದ #ಧನ್ಯವಾದಗಳು ನೀವು ಇದೇ ರೀತಿಯಿಂದ ಮುಂದೆ ಇನ್ನೂ ಹೆಚ್ಚಿನ ವಿಡಿಯೋ ಗಳನ್ನು ಮಾಡಬೇಕೆಂದು ತಮ್ಮಲ್ಲಿ ವಿನಂತಿ ಜೈ ಹಿಂದ್ ಜೈ #ಕರ್ನಾಟಕ ಮಾತೆ,0
ಇದು ಚರಿತ್ರೆ ಸೃಷ್ಟಿಸುವ ಹೊಸ ಚಲನಚಿತ್ರn ಯಾವದು ಅದುnಅವನೇ ಶ್ರೀಮನ್ನರಾಯಣ,0
Yappa huchhu hidustide.....asn.....awesom,4
Same here guru,5
@Nandi Parthasarathi ನಂದಿನಿ ನಂದಿನಿ ನಿನ್ ತುಲ್ಲ್ ಕೊಡೆ,2
Bro super  nice,5
Trailer ultimate ...  ಸಿನಿಮಾನೂ ಚೆನ್ನಾಗಿರಬಹುದು ಜಂಟಲ್ ಮ್ಯಾನ್ ಚಿತ್ರತಂಡಕ್ಕೆ ಒಳ್ಳೆಯದಾಗಲಿ... #ಪ್ರಜ್ವಲ್ ದೇವರಾಜ್.  Look super 🤩🤩,0
I like it,5
ತುಂಬಾ ತುಂಬಾ ಚೆನ್ನಾಗಿದೆ....proud to be sandal wood,0
I like your voice bro,5
ಚಂದನ್ ಶೆಟ್ಟಿ ಟ್ರೊಲ್ ವಿಡಿಯೋ ನೀವು ನೋಡಿ ನೆಗಡ್ಡೆ ಇದ್ರೆ ನಾವ್ ಗ್ಯಾರಂಟಿ,0
Youtube channel nalli ASN release promos upload madi sir,0
ಯಾರಿಗೂ ಯಾರು ಗೂತೀಲಾ ಸರ್  ಆದರೇ   ನಮ್ಮ ಧುಢೀಮೇ ನಮಗೆ ಸರ್,0
ಅದ್ಭುತ ಸರ್ ಜೇವನದಲ್ಲಿ ಎಂದು ಸೋಲುಬಾರದು great ನಿಜವಾಗಿಯೂ,0
super Song,5
ಗುರು ಮೂವಿ ನ re release madri.... Entha kannda film na support madlilla andre. Kannada ದಲ್ಲಿ ಮೀಡಿಯಾ Yak beku. Bhari avru trp koskara... Nam ಭಾಷೆ use madkondu ಬೇರೆ ಭಾಷೆ. ಫಿಲ್ಮ್ ಬಗ್ಗೆ. ತೋರಿಸುತ್ತಾರೆ.... Shame on kannda media..... But this film was. Heart touching,3
Good jod broo,5
Oooo bindu aunty Nin badukbeka tik tok delete maduu,2
Nice message bro,5
U r great sir,5
sakkath ag helde guru,0
Ee news reporters sutti balasi information helodanna dayamadi badalayisikolli,3
Dina hodante e song na hava kuda hecchagtide annoru like madi,0
Chindi bro .....,0
Benki music..yarappa dislike madirodu.... mostly rasmika mandana fans irbeku...n🤭🤭🤣🤣🤣🤣songe he inge in movie nodudre...aste,3
Ei movi pass aglile,3
3.38 Detector DivakarnJai #ASN,2
Sooperb concept,5
Z I p,5
Super   n  ಜೈ ಡಿ ಬಾಸ್,0
Crazy  guru ninu,0
Ab ghodo ki race me gadhe bhi daudenge,5
Kavravru ketavarala viraru,3
nam kangu kansli amele nambtivi,1
Yarg artha agilvo lyrics nodi,0
@ganesha m by,5
en helde guru,0
Praveen Rangu o,5
sleeping beauty syndrome,5
Waw next level songsnBgm awesome nPakka blockbuster nVP sir bestnWho like VP sir voice like here,5
ನಮ್ಮ ಕನ್ನಡ ಇಂಡಸ್ಟ್ರೀಸ್ ಬೇರೆ ಲೋಕಕ್ಕೆ ತಗೊಂಡು ಹೋಗೊ ಸೀನಿಮಾ all the best rakshith sir,0
Bhai koi mysore se hai ky comment krre,5
ಜಂಟಲ್ ಮ್ಯಾನ್ ಟ್ರೈಲರ್ ತುಂಬಾ ಅದ್ಭುತವಾಗಿ ಮೂಡಿ ಬಂದಿದೆ ಎಲ್ಲರೂ ನೋಡಿ ತಪ್ಪದೇ ಶೇರ್ ಮಾಡಿ ಜೆಂಟಲ್ ಮ್ಯಾನ್ ಚಿತ್ರ ತಂಡದವರಿಗೆ ಸಪೋರ್ಟ್ ಮಾಡಿn,0
ಕರೋನಾ ವೈರಸ್ ಹಾವಳಿ ಮುಗಿದ ನಂತರ ಮತ್ತೆ ತೆರೆಗೆ ತನ್ನಿ ದಯವಿಟ್ಟು,0
Goood work keep going,5
Love you so much Anna,0
What a messege he gave atlast...madabekad kelasa madi...aarogya kapadkolli...,0
@KGF Adda boss,0
@Thiru valluvan good bro...grt,5
Sir nanu china apps na delete ಮಾಡಿದೀನಿ sir,0
Yelli tanka jana moodnambke bidalvo alli tanka inta shatnayakru useless videos haktane irrtare guru.nMahabharata tumba olle moral story. Jeevanakke bekagiro tumba paata ide idralli. Adunella use madkondu olle jeevna madbeku aste. nHindu Muslim Cristian etc etc... Yella naav naav madkondirodu. Yella manushyaru onde,1
Super sir nNijavaglu namma desha tumba hinde ede .n        Edakke namma deshed Rajkiya ne karna.,1
Wowww matte barlebardu ah daridra app,1
Yenandru chamayya mestra magaa,0
Waiting for Hindi version,5
Music director  u r osm,5
Tik tok nan shataa🤣🤣,4
600 ನೆ ಲೈಕ್ ನನ್ನದೇ,0
Super vice kanree nimdu,0
Rs fance like here,0
@Nandi Parthasarathi ನಿಮ್ಮ ಅವ್ವುನ್ ತುಲ್ಲಗೆ ಹಳಸಿದ್ ಹೋಳಿಗೆ ಹಾಕ,2
ನನ್ನ ಮನೆಗೆ ಬಂದಿದ್ದ full party ಮಾಡಿದ್ವಿ ಇದನ್ನು update ಮಾಡಿ brother,0
Super bro nan nimna support maadthini,0
@KICCHA DHF n,5
All India language madi,0
Full movie up load me sir,0
Ede tym ge wait madta edhvi antu intu ban age bidtu,0
ರಕ್ಷಿತ್ ಶೆಟ್ಟಿ ನೀವು ಸೂಪರ್,0
Bindu medam miss youuuuuu,5
Krishna daliya Krishna Modi ke geet,5
BOSS VIDEO SONG MOSTER HIT,5
Haudu Swami.Neevu helliddu satthyaa.Gadugin Bharat yemba Grantha baredanthaa Kumarvyaasare aa Narayan santharu.Igalu sahaa naavu Veearanarayan temple nodabahudu.Idu Iruvadhu Gadag city yalli.Hubballi yindaa 55 Km antharadalli Ide.,0
Howdu tumba reveal mad bitru,0
song na status ಇಟ್ಟಿರೊರು ಲೈಕ್ ಮಾಡ್ರಪ್ಪ,0
ಸಕ್ಕತ್ತಾಗಿ ಉಗಿತಿರ ಅಣ್ಣ 🤮🤮🤮ದೊಡ್ಡ ಸ್ಟಾರ್ ಥರ ಅಡಿತವೇ.....  ಥು........,1
ಯೆನ್ ಗುರು ನಟನೆ ಅತ್ಯುತ್ತಮವಾದ ರಕ್ಷಿ ಶೆಟ್ಟಿ,0
Hands up Idu kannada antha ninge helidavatu yaru 🤣🤣🤣,2
God bless u ashwath Sir nimma harogya chennagirali,0
@Vishal Shetty naan avagle helidini.... neen yen baidru,0
ಗುರು ನಾವು ನಮ್  ಅಪ್ಪನ್ನ ಅಪ್ಪ  ಅಂತೀವಿ ಬೇರೇಯವರ್ನಲ್ಲ ಈ ಬಡ್ಡಿಹೈಕ್ಳು ಎಷ್ಟು ಜನಕ್ಕೆ ಹುಟ್ಟವೋ,3
ಡಿ ಬಾಸ್ ಅಭಿಮಾನಿಗಳಿಂದ nಶುಭ ಆರೈಕೆ,0
Guru idu yav movie remake alla sumne gotthilde yak helthira,0
Ganesh Bhat -ಕ್ರಷ್ಣ ನಿಮ್ಮ ಮನೆಗೆ ಬ೦ದು ಮಜ್ಜಿಗೆ ಕೆಳಿಲ್ಲವಾ?!,0
Remake movie ansthe,1
@Vishal Shetty ಓಹ್ ನೀನ್ ಗಂಡು ಡಗಾರ್ ಕೆಲಸ ಮಾಡೋದಾ? ಅದಕ್ಕೆ ಅಷ್ಟೊಂದು ಖರ್ಚು ಮಾಡೋಕೆ ದುಡ್ಡು ಸಿಗೋದು.... ಅದ್ರ ಬದಲು ಕೂಲಿ ಮಾಡಿ ತಿನ್ನೋ,2
@Nandi Parthasarathi gottu Neenu cheeti tulla fan antha change madbeda,2
ಇದು ಚರಿತ್ರೆ ಸೃಷ್ಟಿಸೊ ಅವಾತರ ಅವನೇ ಶ್ರೀಮನ್ನಾರಾಯಣ,0
Hand up bro.... super agide bro Namma Kannada movie adre sumanena,0
Film nalli yellara kelasa chennagide.heroin super aagiddare .super aagi act maadiddarenDuddalli sothiddareno gothilla.kannadigara hrudayadalli film geddide.heroine ge dayAvittu chance kodi,0
Super osam music,0
@Mithun KUDLA well said bro,5
@Vinay Yogeesh yar avnu,0
Olle comeback movie prajwal avrge,0
Dislike madid gandu inondsala keli,3
Le hudugira tik tok bidi banni lagori aduma horagde social distance nalli lagori ata tik tok ge tata only for tik tok girls ________,4
Super #dboss fans,5
Asn jai kannada,0
@Ŕävîñđŕå_02_GøWđřú bro first avnge BOSS spelling kaliyol heli odok asayya agutte,2
ಸೂಪರ್ ತೂಗರಿ ತಿಪ್ಪ,0
ಚೀನಾ ಒಂದು ವಿಷಯಕ್ಕೆ ಇಷ್ಟ ಆಗುತ್ತೆ nಏನೆಂದರೆ,0
Fan from Tollywood,5
Nan nimm movie na theatre alle nodtini ...,0
27 M Views,5
Super guru.........ji kannadiga,0
ಇದು    ನಮ್ಮ ಕನ್ನಡ,0
@prithvi nayak  ನಿನ್ ತುಲ್ಲುಗೆ ನನ್ ತುಣ್ಣಿ ಇಡ್ಲಿ,2
@Troll Stupid Fans avre enu heltilla,3
Super bro I support u,0
Tik tok mad suli makkalige chppali ach hodri sulimakkaliga and ladies fast chuthu sulimakkalu,3
Ha mundalochane matte dooradrusti .....avarahage ide ....,0
Howdu movie Adbhuta..... tumba chennagide..... but ending swalpa disturbing ansatte..... adi and diya ondagiddidre innu chennagirtittu..... Elru tumba chennag act madidare,3
@king k 9880823640.....ಇದು ನನ್ನ ಫೋನ್ ನಂಬರ್....ನಿನ್ನ ಎಲ್ಲ ಪ್ರಶ್ನೆಗಳಿಗೆ ಉತ್ತರಿಸುವೆ,0
ಅಮರ್ ಅವರೇ ads ತುಂಬಾ ಜಾಸ್ತಿ ಆಯಿತು,0
Bossu niv greatu,0
Sup Shankar nag sir Vishnuvardan,0
ಇನ್ನೂ ಎಲ್ಲೆಲ್ಲಿ ಕೇಳ್ತವ್ರೋ.... ಅದೆಲ್ಲಾ report ಇವನಿಗೆ ಕೊಡ್ರೋ... ಅವನ reasearch ಗೆ  help ಆಗ್ಲಿ,0
#1 ON TRENDING,5
Who sang this song,5
Again and again,5
ಸರ್ ನೀವು ಹೇಳಿದ ಪ್ರತಿಯೊಂದು ಮಾತೂ ನಿಜ.ಜೊತೆಗೆ ಇದರಿಂದ ಸ್ವಲ್ಪವಾದರೂ ಕಲಿತು ಚಿಕ್ಕ ಮಟ್ಟದಲ್ಲಿ ದೇಶದ ಅಭಿವೃದ್ಧಿಗೆ ಪೂರಕವಾದ ಶಿಕ್ಷಣ ಮತ್ತು ಉತ್ಪಾದನೆಯ ಮಾರ್ಗದಲ್ಲಿ ನಡೆಯಲು ಶುರು ಮಾಡಲೇಬೇಕಾದ ಕಾಲವಿದು.ಬನ್ನಿ ಗ್ರಾಮೀಣ ಒಕ್ಕೂಟವಾದ ನಮ್ಮ ಗ್ರಾಮಗಳಲ್ಲಿರುವ ಮೂಲಗಳನ್ನೇ ಉಪಯೋಗಿಸಿಕೊಂಡು ನಮ್ಮ ಹಳ್ಳಿಯ ಜನರ ಅವಶ್ಯಕತೆಗಳ್ನ ನಮ್ಮ ಹಳ್ಳಿಗಳಲ್ಲಿಯೇ ದೊರೆಯುವ ವಸ್ತುಗಳನ್ನು ಬಳಸಿ ಪೂರೈಸುವ ಕೆಲಸಕ್ಕೆ ಮುಂದಾಗೋಣ.ಇದೇ ನಮ್ಮ ಭವ್ಯ ಬಲಿಷ್ಠ ಭಾರತದ ನಿರ್ಮಾಣಕ್ಕೆ ಮೊದಲ ಹೆಜ್ಜೆ.,0
@HITMAN gaming crt,5
ಅಣ್ಣನ ಮೂವಿ ತಿಕ್ಲ ಪೊರ್ಕಿ ಹುಚ್ಚ ವೆಂಕಟ್ ಆಡಿಯೋ ಲಾಂಚ್ ಮಾರ್ಸ್ ಅಲ್ಲಿನ ಅಥವಾ ನೆಪ್ಟ್ಯೂನ್ ನಲ್ಲಿನ,0
ಸಾರ್ ಇಂತಹ ವ್ಯಕ್ತಿಗಳು ವಿಶೇಷ ತಮ್ಮ ತಮ್ಮ ತಂದೆ ತುಂಬಾ ಪ್ರಾಮಾಣಿಕ ನಟ. ಅವರ ಆತ್ಮಕ್ಕೆ ಶಾಂತಿ ಸಿಗಲಿ ಎಂದು ಕೇಳುತ್ತ,0
Yappa song super guruve🤣,0
chindi step chindi bgm superrrr,0
Very good song,5
ಶಂಕರ್ ಅಶ್ವತ್ಥ್ ಅವರು bigg boss ಗೆ ಬರೋದು ನಿಜಾನಾ?,0
ಪ್ರಜ್ವಲ್ ದೇವರಾಜ್ sir is  back,0
ನಾಲ್ಕು ದಿಕ್ಕುಗಳಿಗೆ ಬೇಕು ಇವನು ಬಂದೂಕು ಹಿಡಿದ ಮಾನವನು ಅವನೇ ಶ್ರೀಮನ್ನಾರಾಯಣ,0
Best movie in 2020,5
@Sagar sagar  s u r correct bro..,5
ಇದು ಚರಿತ್ರೆ ಸೃಷ್ಟಿಸೋ ಅವತಾರ,0
@Krishna Tirividi yes support all kannada cinema,0
Super bro keep doing bro,5
@MADHU S B ಹೌದು ಗುರು,0
Edhu  charitreh  surishti suva  awatra.....excellent,0
@king k ....ಎಲ್ಲಾ ರಾಜಕಾರಣಿಗಳು ಕಳ್ಳರೆ.... ಇದ್ದುದರಲ್ಲಿ ಬಿಜೆಪಿ ಯವರು ಕಡಿಮೆ ಕಳ್ಳರು....,3
@Kiccha Vitthal ಸುದ್ವಪಿ nxt ಫಿಲಂ ರಿಲೀಸ್ ಇನ್ mars,0
@Nagaraja P neev nodideera antha kelthiyallappa neenu,2
Cuz ee film single screens alli thumba kade release aagilla.... multiplexs alli release aagidee...idu ond reason,0
Rashmika vaapas baaro haagide,0
Togari tippa super story,5
Super song,5
Sir intha cinema madida mele dodda mattadalli prachara madbekittu. nNodi prem avru dabba film madudru hype build-up create madodralli etthida kai.,2
ಕನ್ನಡ ಚಿತ್ರರಂಗದ ಡಿಫರೆಂಟ್ ಹುಲಿ,4
Suraj Suraj suuuuper brother,5
D boss kaa bro.....,5
Super song bro,5
I am full happy,5
Hottege anna thinnoru e reethi comment madbardu Naveen raj nimmonthavre star war ge karana plz ella d boss abhimanigalu ivna gadipar madbekagi vinanthi,3
ಯಶ್ ಬಾಸ್ ಅಭಿಮಾನಿಗಳಿಂದ All The Best,0
Karabu Song Keli....bejar agii .....e song kelthaa edhini....🤗🤗🤩🤩🤩,0
@Kiccha Vitthal ನಿಮ್ಮ ಹೈವಾನ್ ಫ್ಲಾಪ್,2
ಇಂಥ ಒಳ್ಳೆ ಫಿಲ್ಮ್ ಗಳ ಹಾವಳಿ ನಂಗೆ ಗೊತ್ತಿದ್ದ ಮಟ್ಟಿಗೆ ಲೂಸಿಯಾ,0
Nice sir rakshit shettya,0
@Prithvi Vishwanath nle D boos bagi matadaku ugyote bekale.... dam bekale.... Kuri shetra ascar nominasahan filam gota? takat idre ond icy haatika filam tegiro nodana? joi d boos,1
Lo Nan magne,2
ಸೂಪರ್ .. ತುಂಬಾ ಚೆನ್ನಾಗಿದೆ ..,0
ರಕ್ಷಿತ್ ಶೆಟ್ಟಿ ಸಿನಿಮಾ ಹಾಗೂ ಹಾಡು  ಒಂದೇ  ರೀತಿ ಒಮ್ಮೆ ನೋಡಿದರೆ  ಅರ್ಥ  ಆಗಲ್ಲ ಮತ್ತೊಮ್ಮೆ  ನೋಡಿದರೆ ಮಾತ್ರ ಕನೆಕ್ಟ್  ಆಗುತ್ತೆ  ಎಂದು ಮತ್ತೊಮ್ಮೆ ಕೇಳುವವರು  ಹಾಗೂ ನೋಡುವವರು  ಲೈಕ್ ಮಾಡಿ,0
Eetharau gandu questions yake keltairudo,2
Yeshto dinagal nantra sanchari vinay avranna nodi kushi aithu,0
Nonsense's who all r dislike dis video....,3
Reginald Kelly kithkabeku bandu edthine nandu,2
Ultimate bro nice msg,5
Hundred persent true guruuu,0
Idu charitre srushtiso avatara nice,0
Avane srimannarayana super songs hands up,0
Yes true guru,5
jai d boss,5
Crazy Song one more dance number............nSonge ee rangege ide andre innu movie kelbeka......,0
miss ella madkololla bidi i can downlode in teligram or  swalpa dena odre tv nalle bharuthe,1
@VARAPRASAD K K hawdo nin Amman gaandu dagaar fans avna yogyathe hendthi kayi murdu jail ge hogi petty thing ubsa jaasti aagi ashtottige saarati Andre Lion King movie remake release maadkottiddu nam kiccha  eega helu hendthi hodidu jail ge hodonu balegaarana jail olage idda kaami paravaagi film release maadkottinu balegaarana utra kodo nayi adukje helodu avnanna dagaar soolenagan antha nin Amma haaku steppu Alla thika muchkond,2
nim songs super,0
Rashmika urakondu sayabeku atara belibeku bro nivu,2
Kannada industry na promote MadinKannada industry namma Karunada samskruthi na uttungakke erisali..adanna bittu Bollywood cinemagalige yake compare madbeku?!nAvara Tara agabeku anno ase bidi..Bollywood namma industry nodi Kaliyo hage madabekunAdikke nammellare support beku,0
ಬ್ರೋ ಲೈಕ್ appa ಬ್ಯಾನ್ ಆಗಿಲ್ಲ ಯಾವಾಗ ಆಗುತ್ತೆ,0
Saku thika muchu shoki nan magne,2
In udupi sir,5
Villan is khadak,0
Thank you so much bro pakru,0
My dream IPS,5
Super guru,0
Basavaraj Marennavar bangaradamanususya,0
ರಕ್ಷಿತ್ ಶೆಟ್ಟಿ ಸರ್ ಸೂಪರ್ ಸಾಂಗ್,0
Karna is back,5
ಸೂಪರ್ ಸೂಪರ್ ಸೂಪರ್ ಸೂಪರ್ ಸೂಪರ್ ಸೂಪರ್ ಸೂಪರ್ ಗುರು,0
Bigbossalli  step hakiro controverrsy nodi bandiror yar yarppann like Madi,0
Sundaravada Kate super,0
E song first time yarig tilidila avr like madi,0
Anjali Devi I like,5
ABHINAYA CHAKRAVARTHI KICCHA SUDEEP FANS Like HERE,0
Bari prayojanake barada films nododu Facebook YouTube li comments hodiyodu...yaavalo hudugi siktale anta instagram li search madodo ede Indians hanebaraha dhesha uddara hada hage ayyo,3
Idu charitre srustiso avatara super sir,0
Kgf 2,5
@TROLL MONSTER_KANNADA ಯಾವ್ದೋ ಲೋಕಲ್ ಎಣ್ಣೆ ಕುಡಿದು,2
umesh karigar Inc,5
ನಾ ಕಂಡ ಸ್ವಾಭಿಮಾನಿ,0
ಸೂಪರ್ ಗುರೂ ಯೆನ್  ಸ್ವರ ಗುರೂ ನಿಂದು   Iam u r big fan  ur thinking  bro,0
@Shiva Prasad yes bro,5
Super movie yaa......,0
Is movie available in hindi dubbed?,5
@Sanjeev Kumar dabba nan maga rakshith shetty,2
@poojitha subbaiah Hai ennane ullira,0
Tik tok uninstall madde irovrna china ge odsbeku bro,3
Super bro nim matalli satya ide,0
China apps yallu remove madbeku sir  Nev innu strongag warning kodbeku sir,0
Anjali Devi hi,5
Idu beku ivatthu full happy agidivi bro  osm,0
AwesomenJai kichcha 🤩,5
@prkash g bandre ಹೇಳ್ತೀನಿ ಗುರು ನಿಂಗೆ,2
Prajakeeya barle beku,0
Chindhi udayisidhya guru..... So I am happy.....,0
@jagadish g dambal 🤨🤗l,0
All di best for D Boss fans,5
Super sir true..,5
ಕರ್ನಾಟಕ ಬಿಟ್ಟು ಬೇರೆ ಕಡೇ ಪ್ರೊಮೋಷನ್ ಮಾಡರಪ್ಪ ಸುಮ್ನೆ ಇಂತ movie ನಾ ಹಾಳ ಮಾಡ್ಬೇಡಿ,0
Super boos jai d boss,5
ಚಂದನ್ ಶೆಟ್ಟಿ ಟ್ರೊಲ್ ವಿಡಿಯೋ ನೀವು ನೋಡಿ ನೆಗಡ್ಡೆ ಇದ್ರೆ ನಾವ್ ಗ್ಯಾರಂಟಿ,0
Super song vaiting for movie,5
ಸೂಪರ್ ಆಗಿ ಬಂದಿದೆ ನಿಮ್ಮ ಟ್ರೈಲರ್ ಈ ಫಿಲಂ ನಿಮ್ಮ ಲೈಫ್ ಅನ್ನು ಚೇಂಜ್ ಮಾಡಲಿ ಪ್ರಜ್ವಲ್ ಅವರೇ ಕೆಲವರಿರುತ್ತಾರೆ ಅವರ ಲೈಫಲ್ಲಿ ಏನೂ ಮಾಡಲಿಕ್ಕೆ ಆಗಲ್ಲ ಇನ್ನೊಬ್ಬರ ಬಗ್ಗೆ ಮಾತನಾಡುತ್ತಾರೆ ಅಂತ ರಿಗೆ ನೀವು ಏನು ಹೇಳಿದರೂ ಪ್ರಯೋಜನ ಇಲ್ಲ ನಿಮ್ಮ ಈ ಫಿಲ್ಮ್ ಯಶಸ್ಸು ಕಾಣಲಿ ಜೈ ಕರ್ನಾಟಕ,0
Re realise maadenName change maade,0
Super  sar,5
Sir yella song video clips release maadi,0
Rakshi shetty fans yar edera like made,0
Jana gali modlu Mitron Indian app bandide adanna use madbeku chaina app na modlu delete  mad beku.,0
I like good job,5
Thankz brother  ಅವಳು ಏನಾದ್ರು ತಪ್ಪು ಮಾಡಿದ್ಲು ಅಂದಾಗ ಬಯ ಪಡಿಸೋಣ ಸುಮ್ ಸುಮ್ನೆ ಬೇಡ ಅಲ್ವಾ,0
Jai Rakshit Shetty,0
I like is song..,5
@Bharathraj T B kitkobekaste ninu bandi nandu,2
@MUKESH G yes,5
ಚಂದನ್ ಶೆಟ್ಟಿ ಟ್ರೊಲ್ ವಿಡಿಯೋ ನೀವು ನೋಡಿ ನೆಗಡ್ಡೆ ಇದ್ರೆ ನಾವ್ ಗ್ಯಾರಂಟಿ,0
Diya na Rakshit shetti  na belsona,0
Maadhari manushya,1
Super song .......But movie realise agi 1 week adamele bidabekithu.......,3
urkolli nodi avrella,1
Aadk guru nan nimana gurugalu anodu,0
@Unity of India ...ಅಂತರ್ ಜಾತಿ ವಿವಾಹಕ್ಕು...... ಜಾತಿ ವ್ಯವಸ್ಥೆಗೂ......ದೇಶ ಉದ್ದಾರಕ್ಕೂ ಸಂಬಂಧವಿಲ್ಲ......,0
Nooru kaala Kannada hege hosaa shasanagallanu shrustisabeku,0
@Darshan H R no way bro,5
ಭಾರತದಲ್ಲಿ ಬರಿ ರಾಜಕಾರಣ ಮತ್ತು ತಮ್ಮ  ಮಕ್ಕಳ  ರಾಜಕೀಯ ಪ್ರವೇಶ ಮತ್ತು ಹಣ ಮಾಡು ರೀತಿ ಯಾವ ಕಾಯೀಲೇ ಬಂದ್ರೇ ಪ್ರವಾಹ ಆದರೆ ಎಷ್ಟೊ ಹಣ ಬರುತ್ತೆ ಮತ್ತುnಯಾವ ರೀತಿ ಬರುತ್ತೆ ಕೂಳ್ಳೇ ಹೊಡೆದು ಯಾವ ಜಾಗದಲ್ಲಿ  ಇದರ ಬಗ್ಗೇ ಯೋಚನೆ,1
Power Star fans like madi,0
Nam boss andree kadmenaa guru,0
Namm department nalli clark kaali adaaw yaradru candidates edry hyli n9901919091 WhatsApp msg maadriii,0
Amar prasaad sir nam deshadalli chaina kinta  talehidukaru jassti edare gotta nam desha en kammi ella eslamikarana maadodaralli chaina kinta kammi ella nam deshadalli jana nammanna aa devastanakke sersilla ee devastanakke serlilla annoru chaina kinta kammi ella 100 ralli 35 % marks tagondru avrige meesalatiyalli kelsa tagolloru en chaina kinta kammi ella.nodona  chainadalli estodu savalattu torsi nodona.,3
Bucket hidiyor 🤭,0
ಸುಪರ್ ಮಚ್ಚ್ ಕಡಚ ಚೀನಾ ರಂಡಿಮಕ್ಕಳಿಗೆ ತಕ್ಕ ವೀಡೀಯೋ  ....ಜೈ ಹಿಂದ್,3
@Avinashdada kichcha sari bidu nimamman kalsu keydu ningobba chik balegaran hutsi kalsthivi avnu nim bale serskondu ella ottige Kai thattivranthe signal alli enanthira bale pans now bale pans reaction hakro steppu,2
Different star rakshit sir,5
ಶುಭವಾಗಲಿ ಅವನೇ ಶ್ರೀಮನ್ನಾರಾಯಣನಿಗೆ,0
ನಾನು ಅವರ ಫ್ಯಾನ್,0
ಆಶಿಕ ಸುಮ್ನೆ ನೀವೇ ಮದುವೆ ಆಗಿ ರಕ್ಷಿತ್ ಶೆಟ್ಟಿ ಅವರಿಗೆ .... ಜೋಡಿ ತುಂಬಾ ಚೆನ್ನಾಗಿರುತ್ತೆ....nnIn beauty you >>>>>>>>>>•••• Rashmika,0
Super sir iam like this video awesome,5
Super guru Ella record break made madtira guru nivu i love sir,0
@Nandi Parthasarathi hogo sede gayash gojjekesari released in nayimari tunne,2
Super song guru,0
Bari hemme alla Praana itkondivi  nam Kannadada mele.,0
Nice bro,5
Nija guru ..... Aa takattu nam industry Alli yargu Ella....,0
Chindi... Song,0
ಒಡೆಯ ನಿಮ್ಮ ಪ್ರೀತಿಯ ದಾಸ ಮತ್ತು ಯಶ್ ಅಭಿಮಾನಿಗಳ ಕಡೆಯಿಂದ ಒಳ್ಳೆದಾಗಲಿ  ಜೈ ಕನ್ನಡ  ಸಿನಿಮಾ,0
ಗೆದ್ದೇ ಗೆಲ್ಲುವೆ ಒಂದು ದಿನ ಗೆಲ್ಲಲೇ ಬೇಕು ನಿಮ್ಮ ಒಳ್ಳೆಯ ತನ,0
Still trending No1...nAfter 4days....,0
Finally prime minister modi did it,5
Corona hesralli hospital nalli nadeethiro dandhe bagge vivarisi.... Viruss bandu manushyaru saaythaaro ilvo gotthilla aadre hospital bill keli manushya badhukodu kastavaagidhe.,3
Disliked people's listn1)rashmikan2)rashmika's mothern3)rashmika's fathern4)rashmika's relativesn5)& rashmika's fans.,3
Ennik kerala istam love from mangalore,5
ಸತ್ಯಕ್ಕೆ ದೂರವಾದ ವಿಚಾರ . ಯಾಕೆ ಸುಳ್ಳು ಹೇಳುತ್ತಾರಿ,3
Worst movie. artane illa. 1 concept kuda illa.,3
Trailer ತುಂಬಾನೇ ಚೆನ್ನಾಗಿದೆ,0
2.7k rashmika fans,0
Pakk film sound madee  madutte annoruu like madii..,0
yarappa ee hadannu dislike madiddu !!! mostly Rashmika 1.1k sarthi dislike maadirbeku ha ha ha ha,2
Exhalant movie,5
@Gajendra hv ayyo bewarsi,2
Wet madbeku allwa🥰,0
Kannadada chanukya namma rakshit shetty bro na yochanegalu...... Dislike madiroru rashmika fans irbeku ......,0
Rama rama tusu daksha jaripa‍,5
100 million song idu,0
Super creative kannadiga,0
Namma Rajyada young entrepreneur ge support maadi.,0
Superb movie sir.... awesome,5
Vere level  thinking sir,5
What a making 🤭🤭🤭 suppppperrrrr rakshith Shetty bro...ur a genius...Nam kannada indestry and kannadigru yargu yavdhrallu kadme Ella.. hatsup sir,0
ಖಂಡಿತ ಮಾಡ್ತಿನಿ bro,0
Hahaha super bro,5
Nama village ge bandidru,0
ಚೈನಾ ಟಿಕ್ ಟಾಕ್ ಯೂಸ್ ಮಾಡ್ಕೊಂಡು ಚೈನಾ ಬಗ್ಗೆ,0
I am from Andhra Pradesh,5
ಸುಪರ್ ಇಟ್ ಸಾಂಗ್ ಡಿ ಬಾಸ್ ಆಗಲೇ ಬೇಕಿತ್ತು ಸೂಪರ್ ರಕ್ಷಿತ್ ಶೆಟ್ಟಿ,0
Why does it sound like 'swag se karenge sab ka swagat'? Otherwise it's awesome,5
Super duper song ASN,5
Nanu kuda direction course kalita iddene...nimma e mail I'd idre send Madi bro...nanu ondu script bardiddene... Trying hard make film ....,0
Ninige bere kelsa ilvaa madoke,2
മലയാളീസ് ഹാൻഡ്‌സ് അപ്പ്‌,5
ದರ್ಶನ್ ಅಭಿಮಾನಿಗಳ ಕಡೆಯಿಂದ ಆಲ್ ದ ಬೆಸ್ಟ್ ಆಲ್ ದ ಬೆಸ್ಟ್,0
ಕಥೆಯಲ್ಲಿ ದಮ್ ಇಲ್ಲ,3
