id,Comment,Hate Category
958,Bajetigu odalikke takarau maduvashtu vyavadanasiddannaellava purtikeli aAmele nimmadu eddeedeyalla avasarayake nivu bandare  tidddarayitu,Political
4693,Unnata shikshana sachivanaagi Tippu bagge apaprachaara madtanalri bhosudimaga..ivnu pakkad maneyevarige. Huttidaunu.,Political
2194,Ivlu papa avr ammage respect kodalla inn mugit film ge bandre tu ivl janmakke,Gender
3073,Nin english illi yeno ankonde adre big boss alli gotaytu nin baaaaluð¤£ð¤£,Gender
1801,intha ugrarannu support maduva namma kelavobba rajakarani galannu buda didnda udees madabeku,Violence
1648,Le halaala hutida sule magane ninu bharat dli hutidiya aadre yudo mula nina amma na repe madi hutida papi kusu ninu,Gender
1785,E kitthodhavlige acting ali navarasagala bagge ne gothila allodhu anthe comedy overacting ishte new acting skills kelkoli akka athra acting kalirii thuuu nin janmakke modhlu acting andhre enu antha thilko thuuu ??????,Gender
5103,Dagar bayalli kannada beda,Gender
7761,Husulimaga,Gender
2546,kushi nijja ninna bhala olee avalu ankodidde Kane ishtu kettola ninu papa siddarth miss sir,Gender
602,Godi media modi gedia,Others
1833,Nivella 1 rupai gu value eradvru nevella soole maklu.fuck of bigboss,Others
2099,Dagar Dagar Dam Dam Dagar,Gender
1646,Lowdya Sonu,Gender
4311,Yen dodda sadane madavla evlu<br>Sule evlu<br>Papa A ????,Gender
2781,@Mallikarjun G C nindu estu ide nodkondu iru saku nange buddi illa antha heloke barbeda nanige yar ista agbeku yar ista agbardu antha nin yavano heloke .andre nim prakara ivaga nange sonu ista illa antha helidre nange buddi ide antha arthana ??,Others
1497,Lo bt v suleakla yaro avalu karkondu bandu avalanna interview madoke thu thu yhu,Others
1555,Elandru olle mental tharane adoddu ninu summne jana yake nin troll madthare antha ega gothaithu,Others
745,B tv sole makalla nemage kelsa elava evalana nema kelsake etugole janagalege yake thorusuthira mindre makalla,Others
259,Gulama evanu,Gender
3990,Ee mudi goobege bari vayassaytu aste.,Gender
1240,Tho karma yuvldu ????? est dena yallo ond kade swalpa adru papa hudgi ansodu... edunna nodudmele yuvlig yallaru madode sari ansuthe,Gender
5259,Yen evla room dodda edu anno tara inondsala nodi inondsala nodi antale ð,Gender
3428,Bevarsi nayi munde Dagar munde,Gender
247,Female yara voting akabedari e Ramesh jarakaoli,Political
3565,A muduka saku manege hogi guligi tagondu malako muduka hindutvada bagge matadtiya ninn agandastana ulsiko,Gender
853,Ri much ri Saku nivu sati sahagamana paddati yanna acharne Madi hennu makkalanna jivanta suttu hakidri addken heltira aga manaviyate yellittu dalitaranna himse madiddu nim dharma davare ondu drama movie ge hindu muslim Madi desha da shanti halu madbedi,Geo-political
1753,Nin naamma avalanna nodthiyo athva avaladu nodthiyo ??lawda ley gandu nan magane????? sonu law** Dag**sonu nin thayina keya nin mathige shata time kodthare lawda dalli nin namman yav natine ninu sule ha nim ammana degiddu yaru antha keldda ????????????????????????,Gender
2766,Bitre avr ammange hodiyo thara kanthidale,Others
1900,Enri sadane...btv andre bogalu tv,Others
6524,Sada Sonu thika muchkond kannada matadu English matadaka barala,Gender
3178,Kotnanmaga akbar huchnanmaga babar ninu sulenanmaga,Religion
7737,Yen guru naveen ul haq 1post ge 105000 comments boli maga satha hawa ????,Gender
2774,Swalpa tv yavaru muchkondidre ella sari hogutte,Others
923,En Jana no illi comment madiroru..... Bari Ivana side na Keli...avala bagge decide madthidare..... Who knows ivanu en thappu madidano....ivne sari ilde irbodu,Gender
6967,"Huccha malesga elli nimm alquida group, henge irbeku nindu",Violence
4934,I think this fish market ð¤£ meenu maro nepadalli janaranna kondkotare,Others
2216,All devils are one onde kade serkondu devva adidang adtave,Others
4321,Waste cm basavaraj bommayi. Bari sullu helodu bari maatu,Political
3778,Yava loper gedru janagalge enu madtila,Political
5586,"Aa video nim thatiye gotta,nam maneyoru avarige gothilde lipstick hakidke divorce yantra hogbitru",Gender
2431,Bucket raja congi agent,Political
1541,Evln nodidre temt aagall guru evlu oblu dagari,Gender
3443,Ivlu en field alli hesru madidlu anta big boss avru tagondru... only merit was her viral video,Gender
1493,Hugiri Makke,Gender
7655,Unity anta bandre first kumkum tagiri. Idu kuda dharmik sanket. First equality nivu follow madodann kaliri amele helri bere avarige.,Religion
7487,Shedda.nenna.rhaksnaian.nenna.pkshadvre,Political
2572,BJP 40%comisaynu,Political
4843,Jarre randi.  jai Appu sir   jai Karnataka  bere yaru sigllilva ninge  r c b kallnanmakkla,Gender
3802,Nodoke silent agidale estu mathdthale she is really bad girl,Gender
1845,A tukale news first adhu anamadeya callalla suvarna tv nodu adhu nejavada voic indrajith and sandesh du,Gender
2911,idu ondu interview thu,Others
4598,Shata galu (Sonu amma bittu),Gender
3580,Elogide Muslims galu galate maddaga covid time ali problem maddaga elogide ivath bandidiyala ninge nachke agalva nam thathana age nimge swalpa thilkond mathadodna kalthkoli,Religion
1800,BJP shatnayka Sule maklu BJP Bharshtachar Jantha Party,Political
3298,Sonu ge chennagi mukakke ugiri sir. Durankari sonu,Gender
1337,Jodskondalla waste sabapathi<br><br>Talk always reality,Political
993,Sudeep noesi mathadodra bage niwu matadodu Bala tappu Ganesh mungaru male hit adag niwu interview nali hegla matadedri Marta betra kannada Dali nalge Li niyatu irodu nam d boos kannada da hulli darshan sir ge matra yawtu bere yawra bagge tappa gi mathdla  as Ganesh fan d boss is great than Sudeep,Others
3050,He is not aspeaker bari bolimaga heltane,Political
6044,"Yelru madodu aste, Neenu Review madi 3 Dina Koogadthiya amel hogi malkothiya....! ",Others
2704,@Razak Ramlath nin appa hucha bolimagne,Gender
1290,Le mangtulle alli rohit sharma mathadirodu umpiy jothege avn not out agirodr bagge sumne odrbeda,Others
582,E sala siddu ge dalit vote beda aste oogiri makke power beku aste aa vayyanige dalitru sattre enu lekka ella,Political
4572,"Sumaru Yella shandamuslimaru deshadrohigallu, bhayotpadakaru. <br><br>Tamma swarthakkoskara shaleya vyavaste badalaavanege dange maadtaare. ",Religion
2678,SULEG utt Sule nen tullge 5thunne,Gender
2000,Kgf movie tamilnadalli Tamil version alli nodiddu avru Kannada version hakidre kgf movie flop tamilnadalli adre karnatakadalli tamil movies matra nodtare Kannada dubbing movie nodoru gathi illa yaake Andre nam kannadigaru kalberakegalu agiddare bhashabimaana illa adanne darshan helirodu adhu bittu darshan ene helidru thika urkollo kalberke kannadigaru iddare annode viparyasað,Geo-political
3490,Nin thamma nin video nodilvaaaaa illa nodidru sumne naatka gala,Gender
7400,Tqs ond daridra tolgtu,Others
589,Eh thara sule naa yakro karusthira . abd anta bere country avre  india na karnatakana esta padthare . enthavrnella thu ????,Geo-political
1710,This nachike makalanna gandanna bittu aastigagi maduwe madkondu yeliwaregu jiwana madtiya pavitra apavitra ninu,Gender
3024,Congress bevarsigalu,Political
2368,Dagar  Dagar ivalu bigboss navrigu torsirbeku adake chance kottirtare,Gender
2961,U should use ganchali sir. No prblm. Caryon ITTICHIGE GAND MAKLU GANCHALI START MADKONDAVRE,Gender
8007,Alla  a keeper ge no ball antanu gottagalwa 3 run tigedidu lekka barta ilva anta keltane. First of all pak nawrige rulls e gottilla cricket indu indians ge cheaters anta heltare ??,Others
5126,Helatinnu deshadrohi nivella hottge anna tinbardu,Violence
1317,Loparu RSS,Religion
3107,"Bucket madhyamagalige menasinakai ittanga aagiravahudu,,,,,,",Others
2042,"Neebba moorka, neenu hogi Muslim madhya badukidare ninage gothaguthe",Religion
3463,Madirode karmad kelsa helod nodu nin antha mana maryade bittoru matra intha kelsa madodu yaru sacha alla andre nin prakara yella henmaklu halagidare anthana thu nin janmakke ninge mana maryade illa andre bere henmakligu mana maryade ilva,Gender
3783,stupid ediotttt felowwww.really shes bigggg cheater...,Gender
798,E Loper U t khader bolimagana hoshar,Political
756,Nim.avvan nodidre yaru chaddi bichhalla bidu...ur soole nim.avva,Gender
4217,Hindu muslim elru ondagi irbeku antanu heltira avr avr madya dveshnanu huttaktira....,Religion
1525,"Ninna tayiyannu hage kondu tinnu boli mgne .....naayi en bogaliddru devloka halaholla....Hindus United w...idu nin yuvka agidaga idda India alla ..namo india...we worshp respect cow ð,it&#39;s our godess forever&#39;...mix generation bolimagneð¡ð¡ð¡ð¡ð¡",Gender
616,Hindugalu oggattagi Muslims avaranna strict rules adiyalli tandu Matta hakbeku. Hindustan dalli badukabeku andre elliya kanoon jari madi ondu hendathi n family planning  adiyalli badukabeku. Avara shariya kanoon kittakabeku.,Religion
3076,B T V bere kelasa ellava,Others
5155,Intha Sule mundere jaasti agirodu iganthu thu ollevrgu kett hesr tartare intha daridrdoru thuuu Sule munderna esht baidru saldu. <br>Sry gyz bezar madkobedi nanu Mosa hogidini adke kopa bantu baide,Gender
5989,Director ge chappali thagondu hodibeku hindu hudgiyaru e Tara madalla ullaya sanskarastaru thumba valayaru,Violence
8019,Thu lowda Darshan  avnu  namma  srirangapatna  mate  namma mandya bagge kettdage  maathaddagle  thilkonde  ivnu  kithoddh nan maga  anta  thinda thattege  uchhe uyyo  third class  nan  maga,Gender
3020,onde desha davaragi neerigoskara ee thara kittadoda..olle India Pakistan thara aytu,Geo-political
3017,Congress supporters nachike agbeku,Political
4071,Antha huduga nange sikudhre chennagirthithhu,Gender
5366,Naiiiiiiiiiiiiiiiii Nim appa Amma nu Inge ninu inge ninge heds bandu saibeku,Gender
4607,Mental koli,Others
5347,"Ye yajamana vayassagi tale kettidiya? Sayo vayassagide, innu buddi bandilla. Innu eshtu rajya haal madbek ankondidane",Political
3585,Ivanobba uchasulemga buddhi ildava,Gender
1294,Vikas avalana mutdhaenae bichidru ella....??,Gender
6392,Neem hath makalu erodake desa hall agta ede,Geo-political
1081,Evl makkishtu thu ????????,Gender
4237,takath edre bandu face to face nilluro sullemakalla.. sumne enu gotildeero ange bandu amayaka jeevagalna yak theegiteera....nivu ella nijvaglu onde taaye hallu kuddheera...,Violence
609,It&#39;s political gimik Kumar Swami and indrajit lankesh ivarallade innyar madtare,Political
6422,Lo mudeya avarava ooralli avaray gelodhu,Others
7824,Onduhenge.hethara.mathadbadi.yallru.thappu.madthare.adu.gothagalla<br>Sonu.mathdi.byskothalle.aste.,Gender
6010,7 mindri evlu,Gender
3637,Btv avarige bere yaru siglilva evalen Dodd celebrati na evalanna karkondu sandarshana madtidira,Others
4400,ee muduka ninu hindutvadali huttide dodda duranta gube mudiya ð???ð???ð???ð???,Religion
6697,Congress navaru  jnu nalli desha dhrohi  galanna bittu namma hindhuga kole madsidralla ee desha dhrohi congress navara,Political
4796,B j p sarkarane  etala manntentera,Political
1532,Surprise enuo ellappa edhella namma janru madkhaluo kharma khandha,Geo-political
5014,Megan tu ninn janakke benki haaka miss you harsha anna,Gender
2028,Tullu chanagilla nindu agala jaasthi madake pusu pusu ant hade,Gender
3920,too.loper.munde.ninu.saye,Gender
7276,Sabaadyaksha ninu hasiru chair melae kunthirodu so hagadrae ninu Muslim vapkondidiya....lowdae banna yarappana manae swatthu halla ð¤¦ââï¸ð¤¦ââï¸ð¤¦ââï¸,Religion
6772,Mooru bittoru urge doddoru ?? ural yar yen helidru care madalla ee dove rani????????,Gender
442,Yappa dodda nati guru evalu pastu ankarge hodibeku matte btv ge hodibeku guru,Gender
3998,kothi nann magane .. ningen bandittu roga,Gender
2799,Sdpi mathe pfi muslim ugragami soolemaklu atra chanagi training togondidiya awrjothe keiskondu soolemundeð¤£ð¤£ð¤£,Religion
872,Kageri west Nan maga............politocs alli irodakku nalayakku,Political
7355,LSG &amp; Naveen ul haq comment section nne off madbittidare Ange LSG dressing room video innu bittilla adru lsg avrige especially Gambhir ge thika ursbitru ????????????????,Others
2803,Yaro ivalu DAGAR,Gender
3026,evalige herohena agu quality illa dagar quality jasti kanasta edi,Gender
261,E movie nodudre yare agirli rakhta kudiyuthe pakka ð¥ð¤­,Violence
3297,This asshole delteing  comments bvc nayi magane true torisu fake haki bjp nayi agbeda,Gender
851,Ashwathanannu gadi paaru madi .kalla dr avnu lancha kottu bandiruvavanu,Political
1539,Athava naavu Srilanka tara savira savira jana bombblastinda saayovarege kaadu hijab bahiskarisabekagilla. ,Religion
1571,Tu nin janmakke ninu obaa hudgina,Gender
1342,Avrde unappa mudaknayi nan magne,Gender
4416,Ayyo janna jevana madakkasta padtavre...   Rajakiyadavara atta dinda  desha hologide,Others
3385,Dk obba brasta sule maga,Political
1751,islamnalli Hennu andre property ge Samana.,Gender
2403,yav avano dharshan,Gender
3353,Dongi nan maklu bjp.... Jai siddu,Political
7799,En karma guru idella! Nodorge namage budhi ila athava madorge tevla gotagta ila ??,Gender
7809,"Mutton 50 rupees discount kotru anta news munde bandi awrge support madtiya?<br>Address kodu magne, mamsa kalstini ninge free agi.. tind sayi",Religion
2487,Radi magane nima audu tuuuu hogu,Gender
1953,bro kalalli ekada tagondu hodi avalige sule magalu,Gender
7247,40% sarkara thu nimma janmakke jathi jathi antha saithane cm aglikke ivnige yogethe illa next cm sidramayya sir masood hagu fazil hathye madsiddu ivne ivnu grhasachiva agidaga mangolre nalli hathyakanda madda,Political
4619,Documents idre torsidre elru sumnirtare adu bittu bari sullu helodu,Others
1911,Pavithra aunty in few days Darshan avlna keytiro video release madtale ?? sule maga Darshan ge media TIKA HODIYODU guarantee ??,Gender
936,Last time mandya MP election nalli ee celebraties bandu doddadagi buildup dialogs hodudralla ee covid pandemic nalli farmers problems ge problems aytalla yaradru ee celebraties bandra....ee show offs ella bari film nalli aste....,Political
2004,Rakesh dodda dov madta avne,Others
2631,Riiiii enri news madthidira BTV avre tho yakri,Others
3557,Yar guru evlu . Irritate idiot.thuuu entavrnela tv ge yak karstaro ????????,Gender
5879,"First ninage thale idiya dku, nveg ban madilla",Others
138,.Who the hell will even watch his thukali movies..madodu Telugu heroes movies remakes ..And iga real life allu villain antha gottaytu..Corona time single rupee donate madilla and he was busy in buying costly cars and doing parties in lockdown ..Thu chi,Gender
5769,Avivekigala thara mathanadabaradu,Others
6561,Soole evalu......evalna intrew karedkondu bandirala  nimge hodibeku,Gender
2477,Huu yella darshan fans yella hodkolri chapli li??????????????????,Gender
1099,Supreem mundhaa naanu yanu madodhakkagal handhaa kaalla rajakarni mosagara badimaaga hdk hdd yallaru,Political
1132,Nenu thaeee na Halli avrage hegg hellta edhera alwa D maglu yavaglu D ne,Gender
6707,Buddi ilva ninge inspiration avlu,Gender
4229,"A C.M.Aghi Dum And Thikakt Anetya,namma Minsters is Suppari Killers",Violence
2501,Yarpa ivara eshto kett kelsa madtare avaga artha agalla en helodu,Gender
4887,Hindustani Sangeetha muslims kodige ððð¤£ð¤£ music haram in Islam,Religion
3238,Desha dhrohi,Geo-political
5477,Tatappa ellellu Muslim avarisikoltiddare.nale Nim makkalu mommokkalannu Muslim he convert madtare avara Nin hesaru helokke yaru erodilla. History Swalpa odi nanatara matadi,Religion
4963,Dagar mindriguttid sule news channels ??,Gender
4480,Thu tukaligalu .<br>Sade,Gender
6353,He sole ninu nam mane hennu maklu.bage mathadbeda Kane sole ninu nijavaglu solene bosidike,Gender
3342,Bro sariyag mokk oddang heludree...crct idukella karanavadavnu inna badkidane andre..inna entha govt namdu,Political
2145,Yavva yasht madhuve de happy marriage life ?? yavva evan joti aadru chandage sansara madakondu hogi,Gender
747,Ashwath Narayan is 420 loafer Lucha nalayak and matnda and broker and Sula maganya and big six Hero,Political
3346,Bvrc chapli li hodiri,Violence
3695,Entha 3rd class sulle munderige kakrkond bandu interview karuskond ero nimig hodi beku 1st,Gender
7939,Ye Loffer mundeee,Gender
1267,Lo  loafer modi media <br>Arshdeep 3 wicket idara  bagge  helro <br>Modi media ????,Political
6067,murnu bittavru oorig doddavaru,Others
1499,Kamangi.... MADODELLA DONGI,Gender
1481,Avr amma video nodidre satte hogiroru,Gender
6342,Nin tara maglu edre think madle beku bidu,Gender
1186,Sulemaga sidda ð¤£ð¤£,Political
7253,Brooaa kansthu nindu,Gender
2224,"Aunty nam mane henmaklu ivl tara madalla, madudre odyodene",Gender
2807,BJP Bharshtachar Jantha Party Narendra Modi weakest prime minister of India,Political
6007,Nendhu chagithu acting vedio nali,Gender
7943,Le hoge muslim ugragami soolemundeð¤§ð¤§,Violence
5546,"Tande real life nalli hero, maga real life nalli villan",Gender
5149,"Inoba hennige gandige aada mosa,nivibru jasti kaala balallla",Gender
6670,Lofur sule magne chappar nan magne,Gender
1682,Yello sabaru bitti mattan kottavane adkke avara para mathadthavane Hindu drohi,Religion
1767,Kachada bjp guru evarindaagi nijavada hindugaligu kettahesru tharthaedare e deshadrohi. Bjp420 galu first e naayeegalna pakisthange hodisbeku,Political
6016,Mi &amp; CSK ban madi,Others
977,Bro nivu hestu badkondru namm jana badlu agala bro,Others
5656,Nachke yagbeku pratam ge Thu,Gender
5899,congress ge vote haakodu onde pakistan ge support madodu onde,Geo-political
6645,Bari akki kottare saldu khan sahebreððniv ella onde naduve janasamanyaru oddadabeku ð¡,Religion
2442,Siddu ninge nachikeyagbeku yenu sathyaharishchandrana mommaga iva yellakanthri congresigru lo bafun ninu yene thepe hachidru namge ninna hanebara gothide much bai,Political
1334,RCB ge bekitta inntavru,Gender
1087,Nim amdir Soole sonu na TRP goskara interview madtiro BTV Soole makla,Gender
371,"Ivanu yaaro congress chamacha irabeku, murkha",Political
1583,this is to much meghana ninu hudgina papa harish my favorite actor really miss u harish,Gender
3039,Ugiri sir Tejasvi ge sambarhi ge yellaranna chennagi ugiri. BJP ge polarise madidakje ugiri. Young blood ge gottagathayilla BJP tricks. Hindu na BJP avara appa anthe. Well done peace to karnataka by your speech sir,Political
3482,Swarga alla madam narkadalirtane naye nan maga mindri,Gender
5188,First nim anthavrge enadru madi Buddi kalsbeku,Others
1020,420 fake BJP bariya sullu,Political
5500,Muchcho bayi nayi nann hatra baa ninna sigdu torna katti bidtini,Violence
1639,Pan India heroine tane evluu next ????,Gender
7260,Modi irthane ....ninna sister jagrathe madisu rape modi ye madbodu,Political
2805,Soole munde,Gender
1811,"Thhoo nin makke, Ytu kottiddare duddu, election matu",Political
1653,Ashwath Narayan is suleymagana,Political
5752,speaker obba AAAAAAAyyyoogggyaaaaaaa,Political
4431,"Ananth Nag sir correct agi mathadavre,  Congress party ge manushyathva yilla",Political
2616,"Antha,nayi,yak,bekri ee rajyakke avanana illinda odsi",Geo-political
6084,Brasta BJP ð West CM ð next CM badavara ramayya ð,Political
3986,jasti viedo on <br>Kachada pakisthan,Violence
1595,Ivattu.muslims.istu.matadbekadre.intavre.karana.en.gottu.ivrigi.sumne.vayasadre.sakagalla,Religion
2502,kunne nayi kunni nine,Gender
2275,At the age of 17-18 nalli aaa bolimaga karaate action nallididdu...,Gender
36,Eaaa Gandhi kutumba nam deshakke enu madilla bareee kedu madide,Political
2551,School lli Hindu Muslim gothaagbaardhu uniformlyty beku eallaru onde Thara irbeku ok yaaaru obbru dharmadha chinne hijaaab aagli bindi aagli yaaru aakondu barbedi...... Hijaaab Andre Muslim bindi Andre Hindu eradu ban maadi,Religion
6981,Manne hutti rodu kusu evanu eennu bacha prathab bharatha da histri sariyage gothilla evanige  evanige dhi Gujarat fails cinema thagiri amele gotthaguthe aga sattya meva jayathe ge ondu artha hiruthe,Gender
1079,Bbayolge domex akbitu saysbidu adhe nimge adhrushta ??,Violence
4533,Bholee magane PayCM beereyavara hagaranagalannu kedakoodee ninna kelasaanaa?  Naalaayakk best CM in the history of Karnataka?,Political
5381,INU MUSLIM HUDAGARU ROAD GE BARUVA TIME BANDIDE ISHTU TANAKA MUSLIM HUDUGIYARU CONTROL MADIDARE INU MUSLIM HUDUGARU âï¸âï¸âï¸ HIDKONDU BARUVA TIME BANDIDE AVARA BINDI BAJANE OMA POOJE YELLA NILLISBEKU SCHOOL COLLEGE GALALI âï¸âï¸âï¸ðªðªðªðª,Religion
3473,Thuu sule makhla,Gender
1073,Appa illa andre makkalu baya bakthi ilde hege halgthare annodakke ivale doddu example..,Gender
7930,Kategewaisadnge esule .magazine budi ela,Gender
5818,ee bhoside gala kai yalli kotre mugitu ado gathi,Gender
5031,Evk bere kelsa ella kad baa anno vaisige madve beka tu ??,Gender
5001,Congres irli moddlu niu bartira dappa CM<br>Sarige karmikara shaapadinda halagi ogtora yakkutti ogtora niu sarvanaasha hage ogtira,Political
6064,Bjp bucket channel<br>Bjp chela pratam,Political
1082,Ninnd englishooo ninnnu ennge madidru dove raninee,Gender
7555,Yenro edhu sadhanena TRP sule maklige hodibeku patata,Others
6082,Yakro sulemakla dalith na mele aago dabbalike nimge gottilva adru mele film madi,Religion
2973,Kannada mathdi sayoku roga thuuu adhu yan bandidiyo evghlghya yestu haldhru astya thuuu Never ever change,Gender
5868,Thu..meghaa..?? yarige enu helodu avnu konde alle,Gender
7618,avarige    education   bekaagilla   avarige    galaate   beku. shame  to    hijaabies.,Religion
7584,Media dhavru thumbaa bele balkonthidhiraaa really shame,Others
6405,Congress and comunist ge vote aakidre ede gati mundeyu erbaudu Kerala Hindu pablicity..bjp Kerala llu barbeku  Hindu ecchettukolli??????????,Political
6383,"Ivalu yavalivlu, yar horge haktare.  Avru hijab hakkond barbeda antha heltirod, ivgala talege chennagi hulabittiddare ivr community avru. Clean madakke sadyave illa,  mulugi hogiddre blind believes li",Religion
3784,Vikas yella kandasara paravagi mathadidira jai ....sakkath thu aval janmakke ivlige interview bere ...,Gender
1679,E badget dk ge matra huva eduva hagide,Political
7038,ade hotel hudugr endane e nan maga star agirodu hodiri chappali thagondu,Gender
1883,Arun chedi nan maga neene anchor bitu cartnoon netwrk madu ee bikanasi gansu,Gender
7266,Yrs sir fir to dhaud na kolli kolli kolli kollode en madodu mangagalu,Others
7302,Nivella congress enjil kasu tindu tegi bandoru.....nimmade Muslims ahnn oh ok maneli karkond hogi itkoli,Political
4953,Ayyo idu one video nin makke ishtakke hing adtavle.. Alloblu idale master in making bettale videos,Gender
7510,goa dinda mahadayi namma rajyakke barli annodu onde kaveri na bere rajyakke kododu onde.. Adru yake namm arajyadavaru ee reeti kittadi saytavre,Geo-political
7237,@Pradeep Kumar Narayanappa Shiroorkar agli bido yaak tika urkotiyaaðð,Others
1405,Pratham obba kanthri nan maga,Gender
274,"Ashoka hindu galanne bittilla avnanna yaake enu helalla, nimma raajakiya visha beejadalli baralwa, mootra segani sevisi nimma medulu segani aagi bittide",Religion
6784,Bhikshene alla bro tunne nu untare ??????,Others
1834,Dagar dagar dam dam dagar dagar sule ??,Gender
3931,Adyak handi ð·muthi tara madtiya... ððNino nin overacting OOO,Gender
4477,"Kereyaneeru kerege challi, anno hage,<br>Nammavare Nam DeshaDa janakke ??<br>ISI Ugrara Groups, idi vishvaDavaru Seri Ban Madokke agalva??<br>Huduki Hodeya Beku  Ellaru seri!!",Violence
2281,Entha idhella obba starge idhella shobena chi..thu..,Gender
4794,Hooo amma taayi ???????? yaru madde irodne nin magalu madirodu ??,Gender
6363,Surprise enuo ellappa edhella namma janru madkhaluo kharma khandha,Others
3261,Metnalle hoddalla guru ????????,Violence
674,"Pratham neenu olle helide... Aadre sabru ninnannu tindu biduva, endu nodtare.... Aaa kolegaduka, paapigalige, namma, vedane enu gottu? ",Violence
2208,Ee dagar re saniya mirja anta gottagedde ee controversy enda??,Gender
177,Build up raja publicity ge olle chance controversy king,Gender
6112,Thatha nem congress 60 years enda yak kettu godde akide yali solpa,Political
4247,thuuuuuuuuu.......meghana,Gender
2346,Wow yenappa neenu cinema mattu politics na hege mix maadi helta iddiya. Yella bari olu. Goobe galu neevu kannada tamilnadu bere alla yella indians kano. Neene hinge helidre yennapa maadbeku. Neevu tamil movies nalli hogi acting maadtira avaga idella helakke baralla. Yella name sake neenu. Full bottle.ðððð,Political
5972,Pappa Harish na namind kitakonda   biteyalle kolegarti,Violence
5439,Btv - bundal TV. Divya vasantha yellavle. Kittod tv na badiyaa. Soole dagar ge ishtond publicity koduva yekaika tv burude tv - BTV,Others
1839,Saryag helidane... Antolge hage agbeku,Gender
4884,Ee thara maadodh kintha ivlu ?????????? nalli ninthkondidre agirodu enukk 20 madve agodu intha soolerindane desha alagthirodu alkut pavitra,Gender
1131,BTv means bargett bevarsi hesge thinno tv,Others
2278,Ivlna Madve agavnu Aden karma madavno Adest bargettavno ??????,Gender
5922,Nim kittagiro channel g nun yekda sikhaka,Violence
6256,Evn obba nalayak CM ð¤¦ð¤¦ð¡ð¡,Political
1761,Rowdy siddu,Political
1168,Le mudhiya manege hogi thindhu malagu hogu ivattige ishte innenu sigalla ee gube rajakaranigalinda,Political
2498,Danada mamsa kondkandidanante muduka,Religion
7727,@Darshan S A hu bro naan heltha erodu thapu madudre shikshe aagle beku but North alli ella theatre alli enge enge turn Madtha edhare gotha e vishya inda. Nxt yaru bolliwood movie nodbedi especially Khans avrdu antha ella fill Madtha edhare naanu adara opp,Geo-political
3943,Eeee cenimada title nali first ge 32000 girl itho iga 3 rake ilidi de adarale gothagthe estu sathiyaa ??????,Others
2812,Le pratham cinema nododu avarice bittidu ninu avru Hindu Christian muslim illa anta heloke ninnu yaru pshyco,Religion
7670,Sudeep sir is great man and actor in the world. But idhella ondhu entertainment programa? Ivrigella bere kelsa ilva? Idhannella tv mundhe nodoru entha jana irbeku? Ee programninda samajakke enu koduge?,Others
3170,"Mundond Dina APJ Kalam gu baitare bro ,astu adhwana maadtidare politicians",Political
4528,Ewla muka nodkoli muslimsru ewlanta muslim dweshigalinda duraviree  ewla appan college taradtawlenale,Religion
5928,Please encounter madi saysi avananna,Violence
702,Jana bate akodu yenake manna mariyade goshkara  adre bate bechukondu  kunniyodalla ma,Gender
2491,I hate meghana thu ninna,Gender
6909,Nachike agbeku evr badukige,Gender
3162,Gandu sule maklu eror yalla  nam BOSS nu 1  adana tadkoloke agtilla adke uri jasti,Gender
1974,@Bharath NP ðâ¤ ð¤£ ninge thane avn mele astond love adke unnu ande.. Nange helbeda Nanganthu kandre ne agalla avna ..,Gender
7597,Hugri hugri e stars ge bari Twitter ali aste evrdhu gandsuthan,Gender
3244,Y r u  talking like that  so he died stupid girl so bad really u r looking like a good girl,Gender
2796,"Thappu yellaru madthare, shamisi, artha madkond hoggbekku.. <br>Adhre inthavru idhre,kasta...",Gender
2842,Yalla nin akkande bidappa,Gender
3376,Fake movie hindu andhbhakta movie ????????????Jai congress ???? jai islam,Religion
1165,Ninu<br>Irodu<br>Muru<br>Din<br>Mathadu<br>Kaka<br>Jai<br>Sree<br>Ram mandiro kattiro aa jaga bittu ella kade ee daridra jana idare,Geo-political
335,Durahankari inta hudga siktana le,Gender
6178,Neebba dodda manga.Mukli hodadaga ninage gottagutte.Manga.,Gender
7063,Avaru enadaru maadali maatadali nimma tullu Mina Mina annutta<br>Kachada mundera Sule munderu neevella,Gender
1922,Ennu neevagalu yechtukolladidare nimmane deshadinda odisuthsre jai bjp,Geo-political
6278,Aythu swami neevu helidahage navella cinema nodutheve. Eega yara mele dwesh karuthira? Nimma dvesha swalpa controlnalli idi swami. Kashmiri panditharu anubhavisidakje nammellarigu dukka untu. Eega neevu yarige buddi kalisalikkehoratiddirii. Nodi swmi namma purvajaru inthadde thara kasta anubhavisiddare. Avara baggenu yochisi. Eega janaralli dvesha huttisi jana jeevana kedisslikke hogabedi. Nimma manege hogi nimage estu beko adtu kanniru haski. Deshakke thorisabedi.,Religion
5967,Y Rande magin ninn,Gender
2055,"Just ondu movie nodi<br>Muslim islam bagge ee tara mathado neev,<br><br>Whaa whaaa<br><br>Yavdo thukali nan Maga madiro movi ghe neev ee tharana video madodu haaa",Religion
305,Lokayuktha close madlilva sidda ð¡,Political
2732,Pratham satyane heltirodu hodedu bisaktare,Violence
3511,Nemma channel kelssk barada vishiya healkondu edeshada janaranu muttalarigai mado komuvadigalu thu NEMA janmakea Banki haka,Others
1931,Nim kachada channel ge nan yekda sikkaaka,Violence
2015,Mundde maklu bittuuu thuuuuuuuuu lopar,Gender
835,@Pradeep Kumar Narayanappa Shiroorkar cut bulli ge huttidhavne,Gender
123,Nim thayige adru mariyade kodamma kalu mele kaalu hakond davalathalli kutidiya thu,Gender
3096,"Matadi sir, murkharante matanadabedi. Vayassu mugitide. Innadaru nimma duralochane bidi. Yava muslim bhandavaru?tax collected from hindus while buying halal goes to kill hindus.",Religion
5992,Gandu tamma ninge makud mele vadyad bittu waste Tara idane,Gender
6464,Nanu hindu antha helikolloke nanna dharmadalli samanate ella,Religion
49,Hrithik shetty turka gandsu,Gender
4797,Nivu nimma svarthakoaskkara mathadtha eroedu Swamy ok namma desha uddhara madakkantu alla,Geo-political
5498,Bommai thika nayimari keya.,Political
343,thu nim janmakke alli government colegnalli pooje madtharalla adhakke  neevu enantheera neevu madyamadhavaru sarkaradha chelagalagbittiddheera malagidhavarannu ebbisbahudhu malagidhage nataka maduvavaru nimmannebbisakkagalla aadru ondh sathya yavaglu kahine ondhalla ondhu dina adhu horag barlebeku,Religion
3549,Mental adu teli sari illa avaladu mental tara adatale,Gender
3290,Dagarge intru,Gender
6071,Karnatakake barabeda daridra,Gender
4203,Le nayi nin Maryade hogiradalla antha nim ammandu kalitidiya nin taleli aneladdi nu illa paapa avr yeno madthadtidare bidu media munde kutidiya pragne itko hucch nayi tara adbeda,Gender
5211,Chiii asthu chiip tuu megha tuu swalpa nu karunne elva ninge chiii duddu ella anta na tuu ninna,Gender
2389,Mi andre swalpa elrigu aste hurkoltera ð,Others
3267,Lee a dog mariyade tagibeda,Gender
5276,Thu mundeva nimma janmakkishtu benki haka nimgen bandithu dod roga kandor Mane hal madi uddara agalla neevu thu ????,Gender
6325,"Congress bandre  India ,Afghanistan agodu Guarantee,amele navu sulemakkalu tara kittadbekagatte",Geo-political
5195,"So called Bhikaatigalu 10 kg Akki ge Baliyagbardu , Adrallo benglurigalu  secularigalige vote haakbardu modiji kodu Akkige Tamma Lebell Antisi Naau kotteu antha  Bogalu bhattrige ban  madi",Geo-political
7683,"Ivalenappa hinge adthavle avara amma ge maryade kodthilla , innu maneli avr ammana mathu kelode illa ansuthe , adikke helodu appa amma swalpanadru strict agi belisbeku antha. swalpa preethi jothe ge bhaya bhakthinu irbeku avagle olleya vicharagalu thalege hogodu illa thale thaggisabekaguthe...",Gender
2802,Sonu sattu hogbidu sumne yaak badhuktiyaa ??,Gender
1864,Ajja modalu petrol 15rs ittu Congress adanna 85 varegu tandilva,Political
1815,Namage nijavadha boss Thande thayi,Gender
275,Sonu dagar dagar,Gender
2129,Le nadiyo thukali tholkolo nindu First le. Kachada ninu and nin comment kanole.,Others
6537,Chennagi chodi,Gender
4303,Kerala next 20 years alli muslim state agatte,Geo-political
3042,Ninu nattuge kuthkolavva Modlu <br>Amele nimmange heluvantte,Gender
5979,"<a href=""https://www.youtube.com/watch?v=QdUAOW1fvyk&amp;t=3m50s"">3:50</a> maanige anna thinthira edu yav sede helkottiddu??????",Others
32,Nin yene madidru troll madthare node lovdy ??????,Gender
4124,Idarali muslims yake yak urkolbeku... <br>Terrorist yav dharmasavnadre yenu avnige shikshe aglebeku,Religion
7929,King kohli thap madalla avrige ursidre yavde karnakku bidalla naveen ul haq cricket baduku mugithu antha,Gender
4594,Inta hudugirna belesbardu navu,Gender
3005,Loo nayi yen bogolutha eddiya namma janakke ashtu tale kettilla innu ninna elect madalu,Political
7946,IT li kelsa madodrinda hididu waiter varegu ee tamilians du ganchali jasti aytu,Geo-political
6451,Dagar tara adtiyalle,Gender
4686,BJP AVRGE DEVLOPMENT MADO YOGYATHE ILLA INTHA KACHADA KOMUVADHA MADKOND JEEVANA MADTHIRA KARMA ð?¤¦ð?¤¦ð?¤¦ð?¤¦,Political
2858,Bucket channel..... loffers,Others
3856,Pakistan jote nam India inmle yawdwriti sambanda etgobrdu & pkistanakku namgad gatneginta jasti awrnu nawu balitagobku awagle samadana Ella bharatiyarigu...plzz awrna estakke bidbedi....,Geo-political
7022,Avnu mudiya innu 2 varsha avna but ttu bere Heng hudgru nodko nin maklu mele Kan akbitiya thuuuuuuuuu lopar munde ondu,Gender
3724,KSRTC du madodukke elu salary,Others
315,idu ondu politics aa?thoo nimm janammakkishtu,Political
6337,lee tale kettavale modalu  en matadbeku anodanna  tilkondu matadu olle huchi,Gender
1235,Shivaji sulemaga Shambaji loudimaga,Religion
7262,"Yappa ival familge dodda namaskara ðð¤£, yella yeno ivlu dodda saadane mandir haage yappa, brother ð¤£ð¤£",Gender
4696,Huchcha ee tara galabhe ella ebbisi en sadhastiya,Violence
4983,"Jana mechsake ee karya navella en dadra.<br>Oorella kolle hoded mele oor bagla hakondranthe,  thouuuuu nim janmuke mommaklago vayassu.",Gender
1870,E match avish Khan kursidruu next play offs nalli lsg vs rcb hidre Naveen nanthu hadsalla ðð,Others
5507,Ivlu yavur nayi sir kannada ivla bayali  baradhe idhadhe oled aythu beda ivlu kannada mathadodhu bedve beda ?????? i thayi ge India dha gavrava ila ivlige kannada dha mele gavrava irutha i nayi na el idbeko ale idona aste,Geo-political
1687,Intha sadhane yava parents gu beda bhari sadhane highway rani tara iddale che,Others
7603,Maana maryade edyenro nimge thuuu nim janmukke nim nim maklunna bittu theetege dhuddigoskara e thara baalu baaltira,Gender
5114,ALLA NINNA APPA AMMA SATHODRA....DUDDU BEKADRE BHIKSHE BEDU....,Gender
7920,Ayoo. Mudiya. Mamsana. Yaro. Thinbeda. Antha. Elidho. Ninna. Bainalli. Hindhusthana. Anta. Elbardu.  Ninna. didre. Gothaguthe. Ninu. Mullanige. Uthidu. Antha. Gothaguthe. Nenu. Thunnena. Ulta. Madi. Ninthkondru. Desha. Dinda. Bjp. Na. Odsoku. Agalla. En. Sata. Nu. Agalla. Edu. Trailler. Aste next. Buldozer. Baruthe. Ninnaturanna. Gundi. Thodi. Malgsakke.,Violence
7640,Avalige bere yella kelsutte adare avalu madiro tappu helidre avalige kivi kelsalla.,Gender
5665,Nalayak congress. Jnu ondu jihadi institute adakke ban agbeku,Religion
2795,Neen  pratham yake gotillva yarigu......full loose anta hucha,Gender
6286,"Lo gubald , matalli arthane ilvallo ninu yava bhashe matadtiya adu mukhya yakandre ee tamilians ge manners illa",Geo-political
104,Ivarella chaddi...<br>Tata nivu heliddu sari but yake ottaya adann kelri avrige<br>Otnalli mane kea antu kottidiya husharu ee rajyadalli entry sikkaytu innu enen nodbeko,Geo-political
5286,Sathya nyaya bekironu cinema madbekagilla court ide allige hogbeku ella political gimmicks idu adunna nodoku nam dudde karchagodu sathyamsha thiliyoke cinema bekilla istondu buildup yake idukke yavano eno madidke ivaga movie nodi horata madbeka kothigala rajmouli historic rajara hesru ittu thildange movie madthane adna kelavnu yavanu illa,Geo-political
2235,"Mad man didn&#39;t have sense and must be communist or congress party goose,  he don&#39;t kw what he is talking.",Political
2146,Amma inta magalu na visha kottu sayisu,Gender
5267,Peaceful agi idda karnataka na eee situation gy thandirodu BJP,Political
4532,Dagar mane nodro,Gender
3018,Nin vayasigadru manamaryade bedwa...  Boli magane,Gender
6023,Ivl 2 chand alli football adri sule munde,Gender
5488,lo lvdy first eduna nodu next appu boss du nodu,Others
3216,Lofar sulee,Gender
5553,yee tukali yen anta video madtiyaaaa????????,Gender
7183,Naveen  reddy magane namma Kohli touch madidre ninu uliyalla,Violence
3811,ennu en en nodbeyko karma ????????????????,Gender
4233,Basanna nin tappanna muchkolllike estond drama madtiyappa..<br>Avatten nidde madta eddenu,Political
3483,"aden Amma no, yaru enu madade iro kelsa enu madilla... yar mane li nu henn maklu illva antha kelthare..  Makilge n Thayige obru gu thakka haage ne ide",Gender
1787,"Yavdu guru bucket chanel, kettuduna kettadagi nodake inheg nodtare chuthiya gala",Others
416,Huchu...munde..magane.....gothide..hogu.....ððð,Gender
915,Btv news avrige buddi illa first of all,Others
2668,"Christiange  hindugalu  convert agiddaralla jotege christiange nammalli school college hospital kattoke avrige jaga bitkottiddiralla idra bagger yak matadalla, christiange convert agovaga nimge enu ansalva, matantara agovaga maneyavru en madtirtare...",Religion
3284,I&#39;m Hindu but nivu modalu jativyavaste Sari madi Hindu Ella ondu anta ekandare nannobba dalita jai bheem jai Buddha Jai Bharat Jai modiji,Religion
6861,Sonu video ge jatka yaaryaar vadkondidira????,Gender
4653,India na secular madidu doddu thoppu...Namma olle thana na asahayakate ankondidare...,Political
262,Badkirodakintha sayod melu sule munde ninu,Gender
3461,tu naye anthovle est olee nam chikappana bale tagondalle,Gender
5907,Loffer Ashwath 420 bjp,Political
4325,D Boss Neevu Kannada Cinemaa Aasti... Nimmanna yaare Mosaa maadidaru avarige olledagalla....!!,Gender
160,Ivalige hetta taayige gaurava kodoke gottilla... Sede tara adtale... Nimma maatu kelodunteeee....,Gender
5294,stupid girl nen antha hudugi thu nen ajji lougher,Gender
698,Taayina neenu yaru madde irod maadidala antiyalla mahaataayi taayiyante magalu noolinante seere anno gaade nenpagtide,Gender
6069,Speeker waste fellow ðððsumne kutkollodu,Political
3687,Avara vamshatharu neharu rahul sonia indira desha dhrohi congress navaru,Political
1677,Btv news avrige buddi ella yarige interview madbeku madbardu anta gottagalla chapli tagondu hodiri news davrige  hogi raita rige madi avre namge anna hakodu,Violence
974,@AIO All In One sure bro pakka madthini nim amma ge but protection use madkondu coz nim amma ge aids edhe alwa thumba jana gal hatra keyskondi adukke????,Gender
6807,Ivalige chappali haara haaki,Gender
2980,Elli thanaka safe etthu ega Congress banthu en mele ado gathi,Political
1627,Intavarannu gadiparu madi please ??,Geo-political
5055,Alla kanro gube gala howdu aytu iga a bitta announu innu idane alva <br>Avnge punishment kodso riti enadru torsi ad bittu yavno obba mulla na kuruskandu avn keludre avn en eltane <br>A movie nodud mele elrugu buddi bandide munduk eg irbek anta <br>Adre pandit galge nyaya kodsouru yaru,Religion
1261,Pratham uchnanmaga histroiry gottilla nigaradtavne,Gender
555,E dheeyeo bjp kandree orkoollooru obbara ebbara .dusman khidra hai andhree oor thumba hai. ree namgee namma desha namma .dharamma. mukya .nimmanthavara .haleyyora mathakeli .halgiddu.saku .avarigee .       avara dharama .mukyandhree.nammgee .  namma .dharama mukya .ree swami .andhara thamilnadu .hogi swalpa di .ardha  .bere castigee .seree dharee .ennu summanne eddaree .edhu .baratha .agiroodilla       beree .hesroo baroothee. gottaiatha .nanu hotelalli.kelsa madoonu .nange .problem  ella .maneli kuthi erovanige.yakoo,Political
6865,Sabar duddu estu kottare ogle bosdikke,Religion
2620,Shata Dr yar heliddu ee thara madbeku anta,Others
4191,Pratham huchnan maga anta bigboss li nodidvi...adke Sudeep sir bydiddu kett language use madtane huchha,Gender
7506,Boli Maga na ninu csk fan na,Gender
7789,dikeshi ge enu gottu janara kashta sulemaga dkshi,Political
4445,@Muhammed Junaid Faizal turuk sulemagne nim amma akka nannu nanu denga??,Gender
3924,Holasu magala holasu thayi nachige agolwa hutuvagale nadili yasibekithu,Gender
1152,Ninanta hudgi yargu beda ma. Innel hudkok hogona,Gender
4730,tu daridhra davaru,Others
7171,1 kg free kotirbeku adake ninana nin markondirbeku mai torso bevarsi,Gender
7375,  Yar guru elvu adhu otege anna titharo athva mannu titharo antha elvu manege anna thataro antha heltha edale,Gender
1037,First kannada chennagi matodad Kali,Geo-political
4512,Ivalu bottu haakirodu Yake? Unity bekandre? Ella Drama,Religion
3909,Lo kerala dinda band illi ganchali madthiya holaya soole magane Ning danad maamsa sikkilla anta bolimagane congress tunne unnu hogi mudhi goobe soole magane,Political
4994,"Kothnan maga?..<br>Kothi ge holisi namma kapirayana maryade thegibedi..ðð<br><br>Yella 26 appandarge huttiro soolemaklu mughalaru..<br>Ivagiro muslims kooda avara santhanagale.. yella lafanga soolemaklu, thamma thayiyanne 36 bari athyachara mado soole janthugalu..<br><br>Quran anthe.. adhanna hogi pakistan alli follow madi illa Dubai Alli follow madi..<br>India Alli Quran=Dog&#39;s shit..<br>Nam Mane nayi Kakka madutthe adhunna thogond Nim allah ge abhisheka madi, prasada hanchi soolemakla..",Gender
6696,bad kettoytu kala en kharma,Gender
1282,Asahyakara criminals ella halu madtare,Violence
152,Meghana etara hugina nim antovrinda hudugirna yaru namde ero age agide,Gender
3379,Neen yava donnenayaja en kitt dabbakidiya ee samajadalli,Political
6224,Vikas bro starting speech is vere level bro <br>Sonu be like :yaarapa ee punyathma HAGE HAKO CHACCHHI,Violence
320,Tumba sookide meghana ge,Gender
1533,Nayigalu kannadigaru enu avyacha shabda balasilla adella madiddu ee tamil navare,Geo-political
2178,Bucket tv...... Nimna modlu ban madbeku.... Enro nimdu karma olle vyaktigalna interview madro ivl yavl en madidale antha interview madtidiroooo,Gender
6253,Avru sagni tindidru avaga niv avrginna swalpa munde hogi helne tintidiri aste,Others
284,Chi hanthavrna Miss madkolleke hege Mansu Bantu Stupid,Others
3847,Chapplile ??odudru buddi baralva loffergalge??????,Violence
730,avananna sumne bidbardu first avnige shikshe agli,Gender
5266,Evlige yesht sakku ide.<br>Ninge gottu bidu bere hudgru jote irodu.<br>Papa Harish avru ninyindane sattirbodu??,Gender
7240,"CM eddu nintaag respect kododu rules illa ante entha karma kanayya, Sabhaddhyksharu helidru lekkakkilla",Political
482,Ella ninage gothu..ninu adike istu Dina dila..<br>Burde bidtha Idiya .namm neer kudidu olle buddhi kali,Geo-political
3233,Sonu goudan troll madokinta Ee karmad bucket chanel na tagibeku,Others
979,Kannadadalli matadi sayi,Gender
217,Ninage avalu obbalu thayi avanu obba shanda thsmma ninu obbalu dagar soole sariyagidira ninu batte yavaga bichodu naavu nodbeku,Gender
101,Nin amun nin kane ediot,Gender
5215,"Dharshan olledh maddhaga chappale hoditira like madtira sanna Putta tappagutte, Elli sule maklu indrajit and sandesh ata hadtavre",Gender
701,"question is yake innu action togondilla  for that kroori,",Others
831,Sonu gowda dagar neen rate estu.,Gender
6959,Yenne Congress Party Mudukaððððððð,Political
6569,Madam sadhane Andre yenu antha swalpa thilkond banni nachke agalwa,Gender
2083,kachada bevarsigalu,Gender
1842,Justice to Kashmiri Hindus ..avarenu nimmashtu kettavaralla,Religion
2615,27 February  2002 Ayodhya din da  Marali  Baruttidda  Yatrigalu  Karsevakaru  Edda  ntaha  Railway  Bogigalige  Keeli galanna  Jadidu   Jeevant  Vaagi  Benki Hachhi Sutta  Ralla  ?  Nantar  Hindu  galu   madiddu  evarige  sankata vaaguttade  Aadare  Bogiga lalle  Benki Yalli  Hege  oddadi  Hora  Barlarade  Dahana  vagaira  Bahudu?    Goddra  Kanda  Cinema  Barali  evaru  maduva  pishachi ka Krtya  Galige Hindu  Kooda  Pishachi  ka  Krattya  Vanna  Maadu  TTane  Yendu Manavari ke Yagali,Religion
4729,enta dagar munderinda ollolle hudugru halagtare,Gender
4409,How cruel these peacefulls ?? eedi prapanchakke ketta hulugalu,Religion
3254,islam yavato terririsam kaliso dilla bastads terrist,Violence
7227,"Modale kole maadoku hesalla aa mullagalu, heege open aagi helike kotre naale ninnu yenadru madtare, careful.... Avru tumba mathandharu. Kole maadoku hesalla, alla goskara kole maadidru tappalla annuvasthu extremism avralli ide...",Violence
6639,BTV li nin interview nod&#39;de sonu chanagi ugdu uppinkayi haki iro alpa swalpa maryadenu tegdu urbaglu madidare alwa aga nin expression nodbeku so funnyð,Gender
3734,Neev btv news navru enta third class nan maklu neevu ee kalva kuruskondu interview madtidiralla thu kalva nan makla,Others
1234,Nalayak bommayi,Political
4742,Nirilde idre uche hoyyoda iva yentha vakeela sakath duddu hod dirbeku karnatakada nethara rige pothele illa,Gender
611,Modalu e channel na  ban madbeku ahha super tayi mandya davarela hegena thu nem janamke sadane madidala halaka,Gender
6840,Worst Fellow Darshan....Intavrgella fans bere??????????????,Gender
3573,thou yarppa ivanu bolimaga,Gender
2293,"Chadan brother ha bolimaga karate yavarithi politician adhan antha heli bro avnan arrest madhaga court en helthu antha heli please ððððð ,adara bagge video madi ð¡ð¡ð¡ð¡",Political
4546,Nind rajakia antya agud Laxmi hebbalkar dinda tilkond nettaga maatad ninag kaanun ariva elllo Delli delli,Political
5340,Dagar enenu madi saytalo,Gender
3597,Nagara havu arathi song kathe heloove Nana kathe  godse file yavaga. Bjp jointly running the govt with mufti Mohamed sayeed.,Political
5841,Annadaatar bagge yen madiddiyyappa? Tushtikaran rajakarani neevu,Political
757,Avnu breezu jothe ata adodu bittu mokmokakke 4bittidre nin Estella over agi madthirlilla,Gender
3852,Hye nimmmoun tull sole magane avlenen ogiltiyale ninu anta solena mindriguttid sole avlu,Gender
5955,enu badkidana Saman cut  âï¸ Madi sule magnge,Violence
2537,Sidda ramayya cm adre 100%nam rajya indu Muslim state hagodralli  2mathilla,Religion
1536,Eee bal balbekkkaa thu,Others
521,E sule mklu ge first reservation tagiri jai hindu ð???ð??,Gender
919,bomb blast madi eshtu janaranna kondu saysidru.. innu sakagilla ee boli maklige,Geo-political
5376,Lo nin obba news ankera.. komuvadi public tv channel..,Others
1103,"Vikas na kalsroo next season big boss ge, nakkan ivlge DOGGYY style allee  maadakidaanee",Gender
7300,soup ildhiyothu avlge????,Gender
3641,Btv manager ge mett alli hodibeku. Paapa avra amma na yakro karsidira. Sonu dodd dagaru. Interview madta idiya alva ninu ninge vadibeku Kane. Tuu,Others
2068,Fast avl mataddidre en nam kannadakke ero bele ede fast avl samsara sarimadkoli anta heli sir nayi munddege,Gender
7507,Nayi galukachadyave..sadanakke maryade illa.,Political
7197,"Muslim s hange hinge, hang maadudru hing maadudru antha heltiralla neenen satya harishchandran tunda, neevella harishchandra antha yaavdaadru name plate idiya..",Religion
6869,Shata comedy madbeda bevarsi nim kanasallu adhu agolla,Others
4324,"I want your bathroom ??, and nin voice onthara kelak agala",Gender
5311,Hudugirandre Dangerappo hushaaragirappo...... Culture na maretiro hudugiru thu.....,Gender
3587,Adu nindu ur bagalu antha namge gottilvaaððð,Gender
6032,Hindina kaladalli doddoru bandare thande thayi bandare  tale bagisikondu kuthukollo ondu kala ithu ade channagithu kalumele kalu akondu dhuimaku raniru ivaru anchor modalu dress hege akolbeku annodana kali chanadana tv nodu,Gender
5394,Clg ge hogodu unity torsoke alla oduvudakkeð¤£ð<br>Nivella ododu bitti idella yenikke  madta irodu buddi ideya nimigella <br>Ninu hijab hakikondu ba unity agutteð,Religion
6199,hindu sthan nalli muslim safe ....but <br>muslim eriea nalli iro hindu kuda safe illa....,Political
246,Nin Amma ge bele kodu sulle,Gender
6655,Thyu chii,Gender
583,Dalitara mele aaguva anyaaya ninage kaanislilla alwa pratham Nan magne..... Nimma panditaru Dalitara mele maaduva dourjanya kaanislilla partham ninage...... Muchkondu hogi kelsa nodo goobald,Gender
3873,"Manushyara Roopadalli iro Saithangalu, Rakshasaru, Mrugagalu. Hettha thayi nu bidada ...............makklu. <br>Azhadi means Terrorism.",Violence
7813,Magalige vale budi heli,Gender
6956,Nalyak cm,Political
6542,Avl valikalith ??,Gender
4559,Mr pratam  sariyagi helu Gujrat rides 4000  muslem ellanu saysidru,Religion
5713,Neenu yenbekadru  thinnu. Ninna. Mathu. Yava. Nayinu. Kelalla chi ee daridra jati,Religion
2638,Sandesh chakkana thara mathadthidane,Gender
3727,"E cinema thorisi janar mansalli visha   bithowa kelsa madtha ide e modi iwanoge kelsa bagasa ,adodu thorisodi enu gothilla bhari kasmir file and now Kerala story yen iwanu Desh udhar madthanari",Political
4379,Congress Musalmanara Chamcha Muduka,Political
1526,Koti tara adta ediya svalpa decent agi enadru olledna video madi eden olle sannu maklu tara adta ediya mature agi matadu koti tara adbeda aga elru ninge respect kodtare,Gender
4743,Naalayak Speaker,Political
2430,Gambhir. BJP. Neech. Buddhi ðð,Political
4747,Congress +i.n.d.i.a deal agide??????????,Political
3631,Anamadheya enu...nimge kivi kelsalva idu indrajith lankesh voice anta... Goobegala,Others
1019,Enta sulerinda.namma samajakke ketta name,Gender
6523,E. Video. Nodo. Lofar. Bandlli. Avur. Avr. Wife. Bage. Hellidu,Gender
2183,Pratikara takolle beku,Violence
976,Bigg Boss nadithide anthanu ansthilla... En sir idu ondu season haað¤­ð¤­ thuu,Others
3589,Orgadr barbeda janagalu kaithavre,Gender
7095,Ramesha is a tukaali kunni,Others
4457,Ayyo thaayi voice en ast ketdaagide dove raani,Gender
876,Thika muccha lay,Others
1947,nayi  meghana hucchi,Gender
4051,All bjp MLA are supid fellows nachike illada nayigalu,Political
2302,2023ke bjp yavruge&quot; mannu koduva &quot;day,Political
7684,"Edu Sathya  , evarannu beru samrtha kitthu hakabeku",Religion
661,Loper man bjp loper man bjp mla mp pm cm,Political
5312,420Bjp evagladru uddara madi,Political
2619,Ivanu jail inda bandaga en madidda gottillva namge,Violence
6239,Avalge nam kiccha boss matadidu English sulle ge arta agilla,Gender
4341,Bladdy Siddu na first kickoff from Assembly pleaseð idiot he is unfist for opposition leader innu start madilla iva sacha,Political
5237,Hodiri congress sulemaklige,Political
7471,Tayi...neenu naav tumba rich family rich family annod keli nim mane eno mysore palace ankondidde nam mane kelsuk baror mane edukku doddage ede???????????????????,Others
2220,nim btv ge bere kelsa elvaa yen adru Jana ke olid agod madriiii e kithogiroooo interview takolodu bucket hidiyadu Este aithuuu tuuu ...,Others
6789,Sathagooo ajjapa begaa west body ni iddashtu galabhe jasti agatte,Violence
4438,SIDDA HUCHBOLIMAGA,Political
1339,Yentha thayi.. yentha maglu.. ebru. Appa naave punyavanthru.  Ebru suside madkondu sathu hogi.. anna dhanda bhoomi bara neevgalu.. nim thama anthu A1 porki.  Yelarigu kalu aglskonde bandhidhira.. estella mariyadi hogidhe.. avra amma yaru madhe ero thappu madilla antha bere hekthovle..andhre avara amma yestu beeli harirolla.  ?? Nimna nodhmele ne gothagithu.. nin antha hasaya janagalu ennu edhare antha.  Hote paadige mado prostitutes gale nim gintha parvagilla.. ????,Gender
2311,bate bichu innu chanagi kantiya,Gender
5806,karnataka kanniralli kai tolobeku.. Ivaru neer kudkond irli,Geo-political
7557,Ene aadru nimgala Siddhu matthe congress barodilla<br>Nigursbedi,Political
488,Neharu thapp madidare hag mad bardithu POK namage serr baku haarising yen ada yalli hoda udda heg nill sidru,Geo-political
2728,Modiynnu   moodalisidavar   moolegumpagalebeku,Political
310,Sede sonu ??,Gender
998,Modalu tayi ge gourava kodu tayi ashirvad illa Andre nin en madidru dustbin aste....,Gender
7720,bathroom torsu Sonu lowdi...iPhone kodsthini..??????,Gender
4536,Magalige mettu tagondu hodiyamma .....Ella Andre tayiyante magalu nulinante dhara .....?,Gender
7445,"idu yav seeme news channel guru, idakkinta Split villa esto better, anchor dress nodi modlu avara aakara nodidre ivarannu modlu Karnataka dinda oddhu odisbeku.",Violence
190,First btv channel ge ???? hodibeku,Violence
6800,lay ayogya deshadalli thumba samasye ede....adu bittu yavano film tegedidsu....adannu etkond nenu yako kothnan magan tara adtera...,Others
2886,Lofer rss pratham,Gender
5435,Kagiri.niia.pakaspathi,Political
4476,"Illi almost comment madidavaru Bjp mattu rss bhaktadigalu,nijawada hindugalu alwe alla,dharma mattu rajakiya maddhye iruva vyattasa tilide matadta iro gubegalu,yaradru obba nija helidre ivrinda tadkolake agodilla,firstu dwesha bittu manushyaragri",Religion
92,Oyo room yali ayti,Gender
6673,Nija annaya e congress avaru yasto sathaya na muchi hakidara annaya ????,Political
5611,Thu nin muchkond hogu sede,Gender
4111,Halka nanna maga. Hogi muslim thiga nekku.,Religion
2865,Tukali she is,Gender
2598,kashmiravannu pls army ge kottubidi ...avna maatu kelta idre rakta kudiyutte paakistani paapigalanna tundu tundu madovastu ketta kopa barutte ...devre miracle tara paakistana bahubega suttu hogli ...RIP for all pur soldiers...miss u ....,Geo-political
4300,Hog tunne unni b tv,Others
7868,Medam Niv chennagiddira antha iPhone 12 lle nodiddivi  i phone 13 yavaga manele buddi heloru Ella Andre huge aagodu,Gender
5368,madidre appu sir tara irri idu bittu huch sule maklu tara madtiya boli magne,Gender
1932,Sir avrige avra dharma mukhya  CLG alla avru CLG mugsi en sadhne madthare pathre tholiyodu aste mathe constitution right ella public alli mathra CLG li CLG rools follow madbeku CLG alli hijab hakbahudu antha constitution alli illa CLG alli dharma dalli iruva rules follow mado rights ee nan maklige yar kottaddu,Religion
5021,Ade lsg match li dk hakda nodi ball na side vr adu fixing anni sule makla gaycb sule makla ð,Others
2232,Sonu avare alla sir Sonu sule,Gender
2296,Nayigaliginta chanag  kittadtare .........ð¤£ð¤£ðð,Violence
2581,"Ivnu congress chela. Ivnu muslim ge uttidavanu. Hindu galu sc st nu kuda hindugale. Hindugalu oggattagiddare. Le mudiya, ninu siddaramulla khan shisya antha yellarigu gottu. Tika muckindu oogu.",Religion
954,Pratham Neenu yava nan maga??,Gender
6996,Namma india dalli caraption kuda ban agbeku,Others
3927,E vishyadalli king ð du tapp ade andre a bolimaklu naveen ge huttirbek ð¤£ð¤£ð¤£ð¤£,Gender
2121,Back ground alli anchor eno pungtavle??????????,Others
3419,Sonu big boss ge kallanka,Gender
4905,"@Mohan Vasista  <br>Daridra buddi yarige erathe antha jagathige gothu ð<br>Astond buddivantharagidre helbekithu namige reservation beda antha,<br>RSS, HINDU anthira RSS chief yake yavaglu bramanre aagbeku bereyavrige bitkodi aaga nodana.",Religion
3098,Thika muckondu hogo mudka,Gender
5314,Handi lips ide avaldu yavdakku use illa,Gender
3964,Ivaga yelli kasta irutthe porn star iddalalva??,Gender
5275,Slum ali erorna bb li bitre ede agadu,Gender
5657,Tuu beversi ee veerappan taliban ge training kottidna henge ella sede nann maklu,Violence
801,En sadhne nooo  enooo dharidhra Chanel hooo karma ???????????????????? yast jana makl antane gotilla sh*<b>***</b> alle jagla madtale tuuuuu,Gender
1572,Bolimagane naachike aagbeku ninage....  Nimmanthavaru deshadrohigalu..,Gender
183,Nam  kannada  Avala  ketta  bayalli  barude  beda,Geo-political
7691,Huchmunde matte start ayta hindu muslim anta,Religion
6270,Speaker very bad mathadakke bidalla,Political
6516,Innocent mother paapa.. she is soo dominating to her mother. Avl en madudru bayi muchkond iro have control Alli ittidale. If her father was there she would&#39;ve not been like this.,Gender
2304,"Le hogale muchicondu ello biharinava irbeku, hendtina bereyavan jote malagake bittu",Geo-political
2186,BJP NE GUNDDA GIRI DESHA DALLI ASHANTI,Violence
1440,Nina bhavishya diko dlk,Political
1656,Avag edad BJP govt..hindu galan konsa plan madiddu BJP govt..history allu torsilla sule maklu rajkiya madirodu..eddeli hindugale nim esrall badki nimmanne kolsavre....plus 11500 muslim women&#39;s na rape Madirodu thorsilva.... Pandiths and RSS wadigalu rape Madirodu thorsavra... Avr raktha yest kuddirbardu... Godra dal 3500 muslim suttirodu thorsidara... Paapa... Kanirla 300 pandiths sathidare ade timel 1500 muslims na kondirodu thorsilva... Nim yogaytheg nan mettu...sule hindus.. Rajkiya nadsak dwesha tumbtavre.. Matte gulaam nagag desha ready agtide.. 11500 girls rape madida hindu tunne na yav riti chach beku... 15000 muslim kondirovrna yav shikshe kodbeku.. Matte siddavagali India????..... Again we are back,Religion
2205,Amma tayi Ning ond dodda namskara en hudugino eno,Gender
4822,Ooddu horgade haki sonu gowdana.. Voot dltð,Gender
5505,I don&#39;t like bjp but I will never vote for khangress muslim gang worst party aaaccckkkkk thooooooo daridra muslim party,Political
6187,Sonuð¤¢ð¤®ð¤®ene ninu goobe,Gender
2025,"Manahan,mariyadi,ellah,sahr bittu nintavre ee pakshadavru",Political
7269,Manushanige ganchali irbeku thika ganchali irbardu,Gender
19,Lo saacha.. Darshan sir helirodu .. Katt kathe tale kadithini antha.. Manaushyanda alla... Idralle gottagutte.. Nin already avarna -ve alli nodtha idiya..<br><br> Inn nin maathu bari -ve irutte.. ..,Gender
2443,Soolemunde n soolemaga,Gender
2240,"Ajjara dj halli kj hallili samarassya elli hogittu.. Hijab muslim ge aste alla hindugaligu vasta sahite illu, avaga samarasyya agalva..",Religion
2600,Yak nam kanadigaru bedkontare nam kannada yavaglu top intha lofer huchu nayigal atra kannada matadi anta she is not worth to tlk kannada ?? we love Kannada ????? saniya thu Nin janmake ????,Gender
6495,Nin yava heloke bevarsi nayi namm mannu namm niru nindenale,Geo-political
462,Chapper munde.,Gender
4169,Gaandu muduka saabru tunnege huttudiya,Religion
186,@Mahammad Mustha bolimagne namge godi raddu akki raddu adru parwagilla. Petrol ge 200 rs adru parwagilla. Dudd ide nammathra petrol haksthivi. But nim tharad terrorist galige gummidre saku. Neev beledre jevane iralla avaga godi akki yarig beku.,Violence
3108,Gube etharana mathadodu my bro is v good ur a bad girl love andry esttena,Gender
1514,Iwla hesaru apavithra,Gender
4942,"Vikas sister Sonu, adke papa vikas sikapatte urkota idane",Gender
2484,Ni congress dav adi gottu muchkond manig hog,Political
1288,"Estu gaanchalli ide <a href=""http://www.youtube.com/results?search_query=%23saniamirza"">#SaniaMirza</a> ge, aduke <a href=""http://www.youtube.com/results?search_query=%23shoaibmalik"">#ShoaibMalik</a> divorce kottidu.<br>Ee tara attitude Girls nna yaru ista padalla Divorce madi bisaktare aste.<br>Respect Peoples. Respect Languages..",Gender
2112,Nimmamnna badavaru accident ahgi sattru yaru yochane kuda madodhilla adhe obbba selabritige  swalp henahadhru ahdhre adhanne ondhu dhodd news madtta idhira great indea,Others
5077,Ninuna jilige hakidre desha rajyake nemdi     nammagala  dudhu  tinde hige adutira obhanige hutiro nanna makala nivu rajakarnigalu,Geo-political
4910,Sonu. Ninge baiyyoku nachike agtide,Gender
4266,Sullu 420 BJP government,Political
3675,i phone 12 du bathroom  thorusle illla sonu neenu  oooo mostly arun irbeku ansuthe bathroom nallli adakkke thoruslillla alva neenu,Gender
5654,Maryaade gettavu,Others
308,Odger adre danger appo,Gender
3648,Amma tayi adhu awlu  adrustha alla adhu I phone tandukotta adrusta ..????????,Others
6620,Evaga avrige chappali thagondu hodibardu . Karkondu bandu interview madthiddarala nimge hodi bekuu. Interview madthini andre Bekadastu sadhane madiro antha mahan dodda vyakthigalu  edare . Avaarnna bittu hogi hogi ee Dagar interview madthaediraallla nimge enu helbeku,Others
3978,"Brasta bjp,  west cm,   next cm,   badavara   ramayya",Political
3521,ELLA MENTAL GALU,Others
939,Lo bogle bidbeda malko laude obba olle muslim iadane antha 1000 halcut Muslim&#39;s na bidokagalla nivu halcat BSP navru ambedkar hesrelkondu nigradthidira nimavun thulge soole magne buddhist ge convert agthiro ningen gothu hinduthvad bagge halcat nan magne mudi soole magne,Religion
3510,Hogo bolimagane neneno helodu hindu hinduisem e cinema nodade eddare hindu alla anteeya munde modige otta hakadiddare hindu alla anta helateeya hogo modi gulaam deshedalli saakastu samashya galive adarbagge maatado ayogya Sule magane inta nooru cinima eve,Religion
3100,Y Big boss still keeping this soole in show...first send her out of the show...intha soolemunde indha good girls will get spoil....<br>Dagar sonu srinivas gowdas...,Gender
6768,Bjp jindabad bjp. Solisoke. Yarappana kaiyalli. Aguvudilla,Political
5815,Ninu halka nan maga,Gender
7285,Thu en interview idhu,Others
951,Tu iddu ond jeevana na tuu sulle re ninginta parvagilla,Gender
1654,E mudakanige ondu kg matan kodi sumne hogatane bolimaga pakka ganji ghiraki entavarindale namma hindutv halagirodu,Religion
3926,Don&#39;t worry shoiab malik hatra matadistivi dr Sania mam,Gender
415,Evanu danada mamsa tike pakistanke kalsi Alle erli mathe barode beda,Geo-political
5731,BJP kate mugasri desga ulisri ðððð ANTA HELI EE BOLIMAKLIGE,Political
4272,IVNIGOO SANMANYA ANNUVA NEEVU ENTHAVARU ? NEEVU UCCHARA SARIMADKOBEKU.,Others
1734,BJP is sule maklu paksha,Political
5329,Burnal hacchikondidane sidramullakhan urkollutiddane ðððððð,Religion
5009,Uru hogu kaadu baa anno time bandide vrige intha vayassallu maduve agoke nachike agalva maklanna heg mukha torstira thuuu,Gender
1442,di basavaraja sir avare nivu nim beget aste helabeku adan bitu sumne kutta eruva vetakati yana kadsalike hoga baradu,Violence
360,Adenu galeezu antiya ? Thu Nin Amman,Gender
7551,"Tumba thanks madam, celebrity agodu hege antha helkotidakke. Innu bega celebrity agbeku andre, majestic circle ali ninthkondu, batte ella bichakki, kuniri",Gender
4031,"Snake  sham,  Surya keerthi avrna  karsi  interview  madri.  Adukkadru bele irutte nimge... Stupid  media...",Others
35,Celebrity anno ondu varga huttide mundondu dina adu ondu jati agi badalaga bahudu,Religion
166,Lee Mallesh hell tindu eroo ninna yavanu beda anthare sole maganee,Gender
686,Nimontullah BJP Andhra okay Congress Congress f*** you,Political
7995,Anchor nina ???????? hodibekuuu.....,Gender
6622,Terrorism kanike kole sulige nu helu,Others
1880,Nalayak Nayi basavraj bommai,Political
924,Ee huchcha ellinda banda masidi inda bandirbeku,Religion
3045,COVID barodakke ivare karana ,Religion
4644,Chappali li odudru nachike agalwa bjp avrge,Political
7116,Hijab aako mundegalna suspend maadið,Religion
2816,KESARI HUVAAAAAAH  VERY GOOD MEDICINE EAT THAT DRIED BEEJAAAAH THAKATH JASTHEEEHIRAHATHAE innu jasti kittadbahudu avaga,Violence
7882,Yappa big boss maryade ne halaghoytu thhuu..,Others
2076,Kalaberake erabeku evanu.    Hybrid tali. Arda tamil arda kannada,Geo-political
5320,soole makle guru khangress  jds,Political
6568,Lo gandu Sule makkala hijab ivattu special agi kanistiddiya. Saviraru varshagalinda hennu makkalu hijab daristiddare. BJP anavashyakavagi voot Bank gagi madtiro rithi ide idu.,Religion
344,Kantriy sarai tayar madi Mari sawahukar,Others
6079,Wagah boly magane,Gender
4254,RCB ge mentor madidralla avrge gotagbeku eidu ??,Geo-political
467,Elru du chapli clean madsi avul htra,Others
3156,Thata ninge yakbeku evella...ninge puksete yavdo lastge mikerodu waste mamsa ke estondu mathadthiya.. urru byada anthete kad baa anthete.. Ytkotoure dhudu naa...sumne mamkallu jothe sukka anubavisu..,Others
2605,420 bjp420 Modi gulamaru ellaru,Political
7768,"Paapa , aa thayige maryade kodtilvala ivlu . Thuuuu,,<br> Jaatre baddi magle??",Gender
7483,E nan magunge vote hakbedi kamesha ivnu. <br>Kachidananmaga,Political
544,"From <a href=""https://www.youtube.com/watch?v=wNjfSmBoCqk&amp;t=1m50s"">1:50</a> Aaytalla opkondralla andubittre mugiyitha bommayi , siddaramayya heltaa idaare taane thanikege kodi antha kodri taakth idre, yalla kallaru serkondu janaranna kolle hodedu kondu nim mane hendati makkalige batte todisteera kachada bevarsigalu neevu raajakaaranigalu thu nim janmakke.",Political
1269,Hee hucha avaru Karnataka cm  maryade kittu matadu maraya,Political
1201,Ha nayi Mari yen papa madidyo oggi oggi Ã¨ sule jote ede nim amma silent anta gothu Yake helu oggi oggi Nin anta sulege janma kottidare alva adike thu Nin balu ge benki akka ð¡ð¡ð¡ð¡,Gender
6711,Bjp is thardklas sarkara.         ..  Jai bhim,Political
6988,Leyyy 420 ashoka build up kodbeda raithara kashta sala therso ondina show nadiyalla bevarsi,Political
1652,Mantri ninne tann hendati rss maneyalli malagalikke hogidlu Alli hogidd aa mantri evatt bandidane,Political
1553,Nim gandi mori and yeddi yard unnoke hogidare,Political
2350,Ley daver sonu gowdaa adu mannige anna alla adu nin thayina keya sule magle,Gender
7908,Chi yenta olle hudga na miss madkonde,Gender
1892,modlu ninig hodibek chaplinali csk avarna vayiskond mathadthiyala chapper nan maga ninu hogu kong tamilnaadge,Geo-political
253,Neenenu 4 Dina negedu beeltiya  what about your children and grandchildren in future Useless fellow,Others
842,Evlge e janmukke buddi baralla ansutte.. evldu full video na YouTube ge upload madudre thale yethkondu thirgokagalvalla agadru buddi barutte.. please yaradru first e kelsa maadi,Gender
7165,Thika mucho lo mudiya sabru thika nekku,Religion
5757,First a Thurka Nan makllu na hodiri,Religion
4837,Nalakyak thu nin magane TV9 media. Nin magal idre hige matadti yen,Violence
5936,Kaageri Naalayak Speaker,Political
4256,Kelavannu goverment college alli work maduva govt lecturers every Friday namaz na attend madtare classes bittu noon 1 gantege hodre barodu 3 30 pm hage bartare ....idu Every Friday madtare but classes madalla as a govt lecturer agi hege class College bittu hodre college na principle and management yaru kelalla,Religion
3935,rakta kuditide kole agbeku ivaga,Violence
1115,Ahankar guru hintavrige yake bartira bengalurige thu,Gender
7286,Egha ee audio also they will deny it ! Nanu hage ele illa nanu avanalla ! Nanu avalu !  Nangu he qudiogu sambanda illa yaro nanna voicennu imitate madidhare ! Nange nyaya kodi etc etc ! Thu ivrella rascals olle familynda bandilla,Others
711,Inta hudgirge aa devaru olled madolla,Gender
6294,E darshan du delly ondu news irutallo thu,Others
4858,D Boss In Reel. Dubaak Boss In Real ??yav seeme hero no eno,Gender
3307,Hottige evaru uta madudilla ade madudadare satta enadameledudduarisuvaru sagani tinno muslimaru,Religion
5801,Yantha magluge janma kotama ninge doda namaskara ??????,Gender
4738,Harsha kole adaga obne obba muslim atwa organization protest madilla.. Ade obba muslim satre...nam hindugale beedige ilitare... Idu namma paristhiti... Nammor adyawaga kalitaro devrige gottu,Religion
534,Nin ....... Ninge madoke kelsa illa adke bere avr time waste madtiya,Gender
412,D J halli K G halliyalli nimma snehitharu Dalitha vekthi manege benki hacchidaaga ean maadthiddappa,Geo-political
3172,Subramanya siddaramaiah na yako kelthiya soole magne hogi modi kelu 25 seat MP gellsillwa,Political
795,btv yvdrali odibeku ivla kardu kursidira,Violence
7549,Pakistani Alva yivalu hallige hodsi,Geo-political
5838,Evarige The Kashmir Files movie torasi,Geo-political
590,Ivlamman ivlu thayine alla ansutte...??<br>Pakka idu kaas kot karsiro giraaki ansutte,Gender
2319,muchiddidda satya eega horage bantu.. thu shikhandi congress idu bari pandits bagge alla idu mass killing exodus of Hindus !,Religion
2887,Jana tinnuku Ilde saaytidare ..anta timenalli ennn sir group madkond kudiyodu...galate madkolodu....money jaasti edre swalpa illadorige help Maadi.....samajamuki kelsa Maadi kudidaaga sigo kickginta jaaasti sigutte...,Others
4061,Soolegalu hegene mathadod,Gender
3755,Chee ivalu Gowda alla gowda samskrukthi ingilla ivalu yaro chee,Gender
5621,Modi eda ant esta divas naditap nim sarakar eg adu diyal manig di,Political
5659,"Ivr amma mostly Majestic under pass client irbeku, illa andre ee tara prathabivantha hennu makli ge janma sigodu kasta ????",Gender
553,Nenu kalaberike sulemagane,Gender
2863,Prathap obba  hucha nodake ansalla adre ella madodu ade,Gender
7693,Modhij pm adhamele deshakke shanthi nemmadhi congres madiruva dhroha congres nasha agbeku,Political
3439,Kadak answer anthe... Sonu ge bucket alla drum hidithavre,Others
5063,bro kennkerodu kanjii penjii them all royal challengers Bangalore them na adrallu king kholi na in bedthara  in melle lsg yavde karnnaku bedogee illa ??,Others
62,ivanu congress giraaki. Olle muslimarannu support maadu illaandre hogi halal mutton tinnu. Kashmiri files du yajamaana.,Political
1158,yar helidru idanna nodi anta..shadyantra guru idu,Others
2119,"Re watalre c m bagge helri, bari d k s hesru helthiralri,CM supreme alvenry. CM bagge anukampa yakri?",Political
6257,Thikka muchuu muchuu avala tikkadalli avana tune,Gender
1661,Thu evr janmukke nanna mettikkka,Violence
1724,Ninu thika muchkondu uta madu muduka,Gender
3333,Stupid... Amma ge first respect kododu kali...nivu avlige thai agirodu durbagyaa amma...,Gender
6039,Gandu bjp sulemaklu,Political
7877,Dharshan  lockup ge haaki odiri. POLICE  SATHOGIDDAARA,Gender
7919,Ivarella serial alli banna  achhuttare ankondre real life allu  banna  akondu nataka adttare   devre,Gender
6910,@Basavaraj raj Basavaraj Raj ninnaka ade agiruttale hogale mundu sulemakkala attira maligosu hogu,Gender
7825,Report madro evalana yellaru,Gender
7976,420bjp kallaru,Political
4104,Naailak NAYI MUNDE,Gender
5397,Stupidgala nimgella bere kelsa ilwa..belgadre shuru madtiri... public tv avru bekagiro yava vishyanu charche madalla,Others
4322,Bangalore nallee Thamil Telugu Malayale Gujarat Rajasthan Uthara Pradesh Bihar Nepales jarkand madya Pradesh Darjeeling   Ellee kannada death ageede kannaderege value ellaa,Geo-political
4285,"Darm darmakke benki, jati jati kalaha, yare satru hindu horatagara kole ankondu hindu muslim ra madya benki hacchuva kelasa dikkar e sarkarakke",Religion
1893,En thaayino....en maglo<br>Devre,Gender
7307,Video bitidu ede room alla,Gender
2603,kaveri annodu ondu sentiment namm kannadavarige yaradru korik madidre avare iralla,Geo-political
2012,yena.rajakarnigalu..YEKVACHANADLI.MATHDTHI...AKARGE.DESPANDY.APATIL..SUSMSRUTHANAGU..YEN.RAVDIJM.THara.gadaresoda.bidu..,Political
7837,Ie tuuuuuuuuuuuuu khushi ninnindane sir sattirodu l miss you sir. I het u Meghan.,Gender
7523,150runge aatara struggle madidare insult to India,Geo-political
6806,E salla bigg Boss sade show aagide,Others
6530,Yella news reporters T N Seetharam sir kaalu kelage nuggabeku. Kaliro janara kiwili blood barso bolimakla..ð,Others
1963,sonu avru videokone yalli WTF endu heliddare.<br>illige E sanchike muktaay...??????,Gender
645,Matte hosa  polotical porn c d yavaga barutte,Political
1122,RSS solemaklo nim thikdali dam idre madru nodana nim mummond yalla muslim sirkhandi taale quibedtivi,Religion
4259,Ebur hogi hal bavi beli,Gender
3074,Pakisthan e prapanchadalli irbardu,Geo-political
4834,Pratham sir Akbar bagge mathadbekadre swalpa yochne madi mathadiii....banni debate ge na mathadtinii Akbar bagge... kothnan maga antha helbediii....educateds ee desha haalu madodu,Others
1754,Muchkond hogali,Violence
4827,Alla sonu avara amma navare nivu nan magalu tappu madidhale anta avalige sari yagi erabeku anta Buddi kalista ella adhara Badalaagi avlige Buddi heloko hodhavarige Buddi helta edhira niv avarige hinge support madidhre evattu e...riti madidhavaru nale bere yavodhu riti madalla anta yen garenty so nodi amma namma tappannu navu oppikondu adhannu sari madko beku bere yavarige helakke hogabaradhu artha agidhe ankotini,Gender
2957,Speaker ivabba bjp chela,Political
2729,Nanu hucchi hoydhu bido niroo kudubekadre shotha niroo kudiyoge haste delath irbeda,Violence
3572,Amma.mada.kalasa.magallu.madidale.thande.sathmale.thahe.sakbaku.aduna.sonu.madthidalle.hedu.thppa<br>Nanige.hedu.sare,Gender
6856,Nin yaro mudhiya ninge  yen agthide antha gothidhiya   sule magne,Gender
6914,Kohli full ursidane avrige...,Gender
3820,Ninnninda thiliyuvantaha yaava vishayavilla. Ninna upadesha beda. Moonde kooda baruvudu BJP maathra.,Political
6907,Obba Rajakarani  media mundhe obruge oddha adru mathadonu avn bagge kithkolonu yaru Ella <br>Boss bagge mathadonu 1000jana edru Shata nu kithkolodakke aagalla,Others
4269,Burgett sonu??vikas killed it,Gender
597,Sonu Mother looks like mejastic item??,Gender
3555,Nin maklig mangsu suli magne turkur balli,Gender
833,Ayoooo enro evlu Olle padmasri bandirorthara madthoule howww she is made,Gender
7841,Yen dove madthalappa dove Rani????<br>Akkange award kodro idondh baaki ithu????,Gender
6667,Shame on u meghana harish badlu neen hogbekittu,Gender
5810,Mooru bittolu,Gender
6951,Thoo bevarsi nann maga soolemaga neenu,Gender
5096,aa daridra muslims na hodedu odsi modalu,Religion
7235,namm dam irodu ivarige neer kodakkalla,Geo-political
2122,"shilpa sister awalige nachike maan maryade yenila bidi yala bitakidale aa lofar Munde,tho awal jammke",Gender
6866,Congress bandre Nam Raajyanu pakka ide Tara agodu ....Ivagle a DK Bahiranga Helike kodtaane Hindu aagi bhajaranga Dala adu idu ban madteni anta ...,Political
6687,egadru nin kachada buddi bidu kirthi bagge or bere yara bagge kevalavagi mathadbeda ..sariyagi vishya helu suport erutte elladre ninavanthavaru agathya ella,Others
5938,Huttisida tayi yavttu sullu helall sonu ... Nine sullu heltideya 3 Jana ideera nivu,Gender
2187,Islam ondu Terrorism dharma,Religion
784,Thoo Intavarannu interview madtara?,Others
1711,"Politicians namkodre enu madall anna en madbeku navu youths annodan yochane madbeku illa andre nale namge bavishyane iralla.<br>Nam desha na deshada prajegalanna inchu inchagi kolemadthiroru nam politicians ,they never suport us they support only such useless people.we have only one weapon that is voting ,before voting think housands times who is fit and who is unfit.<br>Jai hind",Political
3921,Minnu Thinu Cm Basavanna - Machile Lingayatha,Religion
1323,Muslimaranna friends madadu avara store nalli purchase madadu mada bedi innasaru thilidu kolli,Religion
6528,Thu chappar avn mathu ninge thamasena papa avn mathadodrale gothagalva avn eat prethi inda nov inda elkothidre ninge durankarada mathgalu thu duddu Antha saythiyalle Thu ega dud kotre avn barthana ninnantha duddige dagar bekadru agthiya thu  nin alagogthiya uddara anthu agala,Gender
4458,Kannakapura road side modlu hegidyo haage ede enu development illa.,Geo-political
1490,D g k g Halli galate. Hijab galate <br>Goripalya galate. Namma hindu madudare  ivanu Yara swamy.,Religion
1074,Ee fake story movie yannu nodi samajakke yavude olithu illa. Budhiyillada sangigalindagi producer hana madida.,Others
478,Btv ge hodibeku modlu??,Others
520,Gaandu sandesh nanmaga tukali nan maklu you ella darshan du sha nu tikthkolak agalla obru,Gender
4206,Sonu madirodu 100% Tappu but Vikas neen entavanappa? Nin maatinda onde gottaagiddu kelsa kaarya ilde dina poorthi instagram nodkondu road road adaado dodd porki anta. Maryaadi kott maathnaadi yaare aagli. Live alli cal maadi maana maryaade tegyodalla... neev yaav reethi kachda kelsa maadilwa nim girlfriend jothe? astu olle avra?  before saying something bad about someone look at yourself 1st how much perfect you are,Gender
3263,@Kashmara Natureschild tika muchukondu hogale kandiddini First nimmata sulemakkalanu kollabeku,Violence
2218,Leee dam dam dagar,Gender
6175,Baket??? tv ge bere kelsane ellaa..... Enta chappar galanna tagond interview madtiralla??????????????????????????????vikas benki marre ninu??????????????????????????,Others
6435,Kittogiro sule muchkondu kuthko,Gender
1933,English bere edhuke Kannada ne netuge baralla gobege,Others
263,Modi ge question mado dairya iro vyakti andre adu sidramayya matra... Mikdavrella neev helidde correct anta nayibala tara avr helid kelkond idbidtare.. Next CM should be sidramayya sir..,Political
3681,Dawood ge sikshe agbeku avan aman sulemaga dawood ð¡ð¡ð¡,Religion
4808,Le lowde ke ball rohith sharma du not out adruu out kotruu adru bagge mathado gaandu gaandu ð¤«ð¤«ð¤«,Gender
6683,Gambit is kirik nanna maga . he only started acting like monkey. He is not fit for player and political leader how many he will next election is coming. People teach lesson for this monkey.,Gender
6340,Eestadru idkondidirala nimge odibeku metnali,Gender
964,"hudugiru.. outlook ge bilthare madam.. not for the internal characteristics, internal beauties, western cultures, styles, fashions, cake/night parties",Gender
4530,"TIPPU HODEDHA REETIYALLE SIDDUKHNA BERKETULLLA hodedhu hakabeku ... jai NANJEGOWDA, URIGOWDA .... JAI OKKALIGA.",Violence
7325,@Bharath NP ðâ¤ darshan mele astond love idre hogi avndu unnu ... Lowde,Gender
3857,Bathroom li  kultikondu pose kodtiala iga swalpa  kodu,Gender
1231,Berakiputra.. Yav hijda huttidano eno,Gender
663,Tamil janara character nodidira heng adtave baddetavubtandu,Geo-political
968,Thu movi nija wahi islam annu Ari yeari fast,Religion
255,Sule maga sabhadyaksha ........bjp ge dikkara?????,Political
4984,Yarava muduka muttala ninn rajya aliddu sakilva idu beka,Geo-political
7075,Rythara neerella tamilnaduge bitbitra?,Geo-political
242,92 Pakistan sulemakkalu dislike madidare ??,Geo-political
5043,boli maga tanu bp jasti madkondu namdu jasti madtane,Gender
29,Ala evaru kannada mathadala antha helid thakshna yake aka paka jana nagodu yake astondu Ahankara e janakke thu nim janamakke nama kannadigaru nijavaglu dhoda manasina janaru yakandre yavathu bere language ge yandu avamana madidavrala antha olle hrudaya hondiroru hats off nam kannada janakke am really proud of Kannadiga??,Geo-political
2475,"They first convert. Admele fake passport madi dubai or Saudi ge kalisthare, allinda ellige kalisthare antha god knows. baaddi maklubsulerige huttidav ivu",Religion
8015,Hucchu Sule makkala sante andre hinge erutta di......,Others
6231,nija brother awle  bekntle vedeo maadi bitido bewrsi munde,Others
7599,"Ayyo ivlge makke hugudru nachke agalla bidi,,, ivle great ivlge ivl madodella sari ivlge,,, ella mannu thintare ivl matra anna tintale,, makkugiri ivlge",Gender
1002,Sule makalu btv avru,Others
614,Btv Sula makla nen amun boli Munda,Others
5957,Go VEGAN ?? Sulae Makla..<br>Watch atleast 1 of the below VEGAN Documentaries First and then talk about Consuming DAIRY PRODUCTS mamsa mamsa anta yak saytira,Others
1467,Bjp ge jatka cut madbeku ð,Political
7814,Nimunela hutsodru badalu condoms erlilva nimma appa,Others
6104,"Nayina togondu bandu,simhasana mele kudsidre hige agodu....annayya..............",Gender
3350,Kanale neru bantha ama yantha <br>Magalana hethseya ??????????????????????????????????????????????????????????????????????,Gender
2354,Lo kachuda news channel gala intavrne interview madi.... Yella henmaklu ivlna nodi kalili... Ogi hel thinni nevu news oru,Others
3217,Yavan bandru nem hanebaraha este kandro tarle mundeva yar bandru nemmanna manel Erok bettu evru kule madok hogtara,Others
929,Thuuuuu ninna ninn jati bagge matadakke nachike agbeku,Religion
4772,A ugragamina saha ella kallinda hodidu sayisbeku ella uta kodade: avan prana dehavanna bittu hogodu avanige gottaga beku,Violence
6030,Mamsa dhanudda! Dana tintare handi nu tintare e muslimaru,Religion
108,"E taatange kashmira file movie Torsi, and devstana kedavi masidi kattirodanna dalu karedukondu hogi",Religion
5324,DON&#39;T WORRY INU MANGALORE ALLI BENKI HACHUA TIME BANDIDE AVARU HORATA MAADLI NAVU SUMMANE KOTHKOLLALA NAVU KUDA READY AGIDEVE NODUVA AVARU KUDA EDUCATION HEGE MAADTARE ANTA ðªðªðªâï¸âï¸âï¸âï¸ðªðª,Geo-political
319,"Huchsulemagane..... Love jihad , gohatya , kaanunu rules paalsalla , population thumba bega growth aagthirodu Islam du ka bevarsi ....",Religion
6607,secularism namma deshakke kantaka,Religion
636,Bandh madoku percentage beka... Yella bosadi maklu,Others
3394,aa muslim sule makkalige intha save barbeku,Religion
4429,Yella bittavu big boss ge doddavu,Others
420,Allina lingaytharu ee bari sariyage buddi kalisthare muttidkobeku,Religion
6307,Muslim anti indians .pakka 420 galu,Religion
836,Oddhu  olage haki,Violence
1707,"Hindutvada adharad mele iruva ekaika rashtra bharata, nimmanta hiriyaru heege mathadidre mundodndu dina idu muslim rashtravagi hindu alpasankyataradru achari illa..inta vichara iruva manushyananna khandita nambabedi..doddadagi bhashana bigitane..muslimaruge illi jaaga kottiddeve.. Iruvudadare iri.. Illa andre pakistanakke hortu hogi..  Naavu hindu aram agi badukutteve",Religion
79,Malleshge dikara  ayo bai muchu,Gender
5402,Yke anta loffer ge oddu olage haki gallige sersi,Violence
7296,Edu yavado dagar Mane edde hage edeð,Gender
6720,Tale ketta huccha . Muslims tika nekko giraki ivnu. Yaro saiba free aagi maamsa kottirbeku.,Religion
5355,Next week sonuna eliminate madi yaru esta padalla,Others
352,garbini hongasige trisula hakida gatanege yaru responsible heli,Violence
4360,"Sir,Yasin Malik and bitta karatee ebrunu galege yerusbeku",Violence
3468,3rd class congress party...ivara mukhavada kalachi bittu,Political
5323,Nin akkan sede mundeva??????,Gender
7078,Thuuu loperrr ella hudgiru olleyavaralla hage ella hudgiru kettoru alla ella avaravaru madiddu paapa,Gender
6964,"Btv news avre nimmalli ondhu nanna vinanthi <br>Namma rajyadhalli halavaaru samasyegalive aa samasyeyannu janarige thorisi adhakke sambandhapatta adhikaarigalindha sookthavaadha parihaara siguvanthe Maadi,<br>Halavaaru prathibhegalive avarige vedhike kottu janarige parichayisi <br> News channel andhre ondhu jawabdhaariyutha channel aagiruthade <br>Trp goskara Inthaha tiktok naachike illadhavarannu film actor galani vedhikeyalli koorisi nimma gauravavannu kaledhukolladhiri",Others
6997,Basavaraj bommai dkopa eg ninna kivigi hoovu ittidare Jana,Political
5641,Nine dodha goliju,Gender
2840,First ee news channel anchor ge matte channel head ge mettalli hodiri amele ivlge avr ammange hodiri intha kachada kelsa madirolge support madidikke,Violence
571,Leee bevarsi nimkinta aa madrasi gale eshto vasi,Geo-political
4889,"Lo gandu ninu yamana hatra hogo samaya bandaytu, namma deshada janara shaapa tattade bidolla.",Violence
6706,@viky thika mucho looo naaayi??,Gender
6348,Bommai waste cm ðððanta eega gottaytu,Political
5038,Karnataka nasha aagabeku annuva sarakara ea congress,Political
2689,Srirangapattanam temple ge enagide anta nodi. mattu namma hanuman temple Muslims forcibly akramana madiddu.. himse avara astra vagittu,Religion
6089,Hindu rashtra   tonne   madtare <br><br>British boot gulamaru    rss   bjp    ð¥¾ð¥¾,Geo-political
3790,Film alli hero real life vilan,Gender
3377,Hi tirpe munde nin mentor alla RCB dagar nin mentor madiddakke team kate mugade hoytu,Gender
2990,"Nenne monne child nan maklella nam boss ge mathadtara gandu naveen, gandu gambirð",Gender
3476,2000 nalli Gujarat nalli godhra galabeyalli muslamanarannu hathye madsidha modhige shikshe yavaga.,Religion
5491,420 cm nalku janmada dhimaku,Political
4764,First e news avru gi hugibeku,Violence
7926,Edu agle fake antha edare gandu dagar  fans??????????,Gender
7047,Nin maglige etkond hogi covert madil alwa adke ee reeti matadtiddiya,Violence
865,Big boss alla sex boss function modalu nodtidde evaga bitbitte tuuuu,Gender
3158,Nam esta nau yava films..adru nodthive aduna kelike neenu yaru,Gender
7096,Dolly rachita ge line hodita idda..bidi bidili..avanu ok na. Avaninda enu kalibeku.. road roadalli line hodeyoda..,Gender
6207,Yaavde shaatad mele shadane ewldu ella kamangigalu anchor aagtavre,Gender
7648,King tunni solemaga,Gender
5901,16 lakh subscriber idira e channel ge nivella dagara ge huttiroru anta confirm aytu,Gender
4676,Mindri muduka Sule maga,Gender
1888,Bucket channal ivaru en kittgtare,Others
3360,yakri kushi hig madidri nive matadod Kelli namge novagatte harish heg agirbeku  ene tap madli adre hennu andmele kshamiso guna erbekri,Gender
5124,Kathhe ge vayassagide but buddi beledilla,Others
5138,Thu nim vaysigadru bele bedwa . Nim antavru janakke olledu tilsbeku ee tara Matadbardu. Video hakidirala Nimg first manners illa,Others
1353,Ei habbadalle bali kodabekittu hindu virodhi congress paksha wash out in India ei tagarige iennu belalikke kodbedi amele adakke Ruchi eiralla,Religion
1276,kannada matandilla Andi Adakke obba mahilege yesteuGun,Gender
7419,Bagni guta andre edu ????????????,Others
1062,@#ps hesaru helallikke agada naradhama sulemagane. Mucchu ninna helu tinda bayiyanna. Lofar,Gender
5147,Ninu bega saite boli maganeð???ð???ð???,Gender
7337,"@Rahul H Brahmins idi samajane odedru ,avra mele attack ? Avru estu janara life haal maadidru tamma swarthakkagi annodna arth maadko first mooda",Religion
5391,Superð??? sir tatei IVARIGELLA ENU PHARAK BELALLA KOTHNANN MAKLU bevarsi madrasigalu,Geo-political
554,"le bewrsi so sonugowda chplli kithogo hage hoditene nino maryadaste helidre nin bathroom 18minit vedeo nodidare yalro tho nin janm ke maan maryade ilwa ninge salo aadro ninge maan maryade idre hogi saai ninind olea,hodgiyrigo ket hesru,tho kachda munde sonu gowda",Gender
7155,Nim avva Nan jote bula thullw anta drama madiradke nin huttiddu chtya Nan magne,Gender
5723,nivu sule maklu nimage yaru heliddu illi iri anta jati antira,Religion
1211,Nadyale chapper munde,Gender
4018,Bucket TV enro nimdu ond show nu nettag madak agalla,Others
4931,Nin tulge nan jod sigako,Gender
7359,"She is kacchhdda, girl",Gender
5754,Tu ninoune randi suli  ninna tullaga tunni jai kannada,Geo-political
7537,ivalanna yar guru karsiddu RCB mentor aagi dagar ??,Gender
6131,Daridra btv,Others
3123,Ee fake storiyannu nodi samajakke yaavude laba illa. Budhiyillada sangigalinda producer hana madida.,Others
5512,Ayyo nin voice ge nandhu sikakka.....hey bitch....,Gender
1108,Nkn report madro,Gender
3594,ISLAM DHARMA HEGIDIYO ADANNE ISLAM DHARMA HELUTTE ASTE TAYI....NEENU THU KACHDA BJP JANMAKKE BENKI HAAKA DESHA,Religion
4648,CD King .chapala chanigarya,Political
1504,Kannada mathaduaranu rcb select madi  nama desha the  daddaru,Geo-political
1973,Adikke vayasadamele buddi kadime aagutte andu nale Dina nimgu sersi Koch hakdaga gottagutte guru ivattinadu dabeda nale du du,Violence
6001,"Sandarshana madoru hege mathadbeku big bass enu swarga sonu devathe annothara helthiya thukali soo,,,, mundera",Gender
2748,inthor hing agbitre innu youth boys and girls hegirabeku.... naachikedu mundevu,Gender
1596,Amma maglu ebbru bayi bittre  bere henn makkl bagge matadtare nodi,Gender
1581,Freedom app modalu tegiri henu dodda sadane madidatara Elli bandu bogulutan,Others
4622,Karnataka No.1 bucket ??????...,Others
5018,Avaligenro gottu yuvadopu <br>     Karkodu hogi mavina thopu. Nimge modle buddi illa thundu batte hakidre saku anthoranna Mike hidkondu intervie madtirallo,Gender
145,Amman munde kalmele kalu hakondu erorna tv li torstare ??,Others
807,innu munde artha agatte jds mahatva enu anta .. Adre ee mudiya obba saybeku ashte,Violence
4193,Muchappa saaku kandidini nimm jatiyavaru madodanna,Religion
3502,hi sule nimm hengasarige idu olle kelsa,Gender
6362,Kitogiro munde,Gender
382,Thu yaavo ivella????,Gender
2418,Ninu antavle bidu. Tayianthe maglu. Honnayakanahalli li ninu dodda dagar antha modle elargu gothu,Gender
7816,40%B J P THU,Political
994,Mudukaniga duddu kottu halsiddara yalla drama ee politicians enu madoku hesalla aa rajyadinda bandu nammanna altare,Geo-political
7771,Evaga onde dhari kashmir  dalli hindhugalanna sayisi hodsiddaralla ade reethi naavu muslim  mara mangalu namna hindhu mangalu aa manegalanna kashmir  pandith  avarige kodsi,Religion
6728,CM bommai avarige baidre bejarilla ...adre n vegetarian helru hottege 3 hottu mamsa tintara <br>Half kwledge etkondu maatadbeda ....chicken maadbekadre onion Tomato rice henu tinnalwa ....bari mamsa tintiya hottege swalpa tilkondu maatadayya ...yaro 1 kg mutton  kotru free agi anta bayige bandage maatadbeda,Political
7964,Pethmundede  kapalak barsi budhi helavru yaru illa adukke e thara chaglu ninu thu thu thu papi  antha hudgunna miss madkondalle papa harish,Gender
6148,Thika muchkondiro fool. D. K. Shi levelge ninnappanaane barodilla. First Neenu win aagodu du. Ninna Anthya Kanditha.,Political
2227,Kera thagondu hodithini ha Sule ge ?? papa super actor nam siddarth ???? thumba miss madkontha idini,Gender
3478,Guru next match alli naveen ge 4 over alli 100 run chechodu antu pakka .ipl atwa international match yawde eddru..<br><br>Hinge swalp Dinda hinde westindian bolwer obba egrda<br><br><br>Ewga awna address ellada haga agide<br><br><br>Munde naveen Kate kuda aste Guru,Others
3262,Ammange respect kodama modlu... Amman kashta ammange gottu... Yaro ninna sakirbodu bt 9 month kashta patte boomige thandirodu ninna... Le first yengirbekuntha kalii amele mathadu.,Others
6615,Istond attitude  olledalla  meghana,Gender
1915,Kerla story ne fake ansuthe sir .....jathi bage movie madi popular agake sumne story create madii madidare ansuthe...ee story nija agidre nam Indian govt enu madetha eethu aa time ali  ...?,Others
2373,Soolemakla <br>Hindu Muslim bai bai antidralro soolemakla<br><br>Fck you Kerala,Religion
2923,Gamber oba crecketer alla Ondu chika magu ado batting taranu gamberge adoke barodilla gamber 2nd 3rd standard makalla jote adoke layaku,Gender
5261,Fake...thu Sule makla yen sigutte le nimage,Gender
1363,tuuu yastu ketadgi matadiya kushi Good byeeeeeee,Gender
1439,Neene Dodd galiguuuuu,Gender
351,SHAATA DESHA...KARNATAKA BIKSHE BELUTHE...SEPERATE STATE ADRE,Geo-political
7024,Chonu  mansinda opko awdu tappu agide Nan inda anta..e tara yaru madbedi anta helu.....ninna yallo  edtahre ..nam jana .nin madirode doddu kelsa ankondu attitude yalla  torskobeda......ninn nayi gintha kade madbidthre..husharu,Others
6508,ADIKKE THIKKA ODITHA IRODHU...<br>TAMIL NADU BIDALLA,Geo-political
4165,"Nanenadru aval amma agidre utadali visha kotu saisbidthide e nayege, c how she is dominating her innocent mother",Gender
158,Karma guru!!ð¥² <br>Akkaavr illigu kaalitruuð¥´,Gender
6217,Great young man ansul saxena. 96 desha drohigalu dislike madiddare,Violence
989,Looti hodiyo bagge mathadi next cm siddhu  Karnataka king congress,Political
5119,Bekitta idella . Thaku maduve life nalli onde sala,Others
2382,Evaru hige jagludade madtar,Violence
3693,Loo tika muchkondu correct agi mathadu adu over agression,Violence
2352,Hight weight Ella kammi ....namge ond hudgi naanu. ...est kicch ide mansallli Andre. .naav en madok sadya yav tara revenge teerkobodu nan antha gottagtilla. ......,Violence
5662,Thu nin janmake. Nettag kannda matadak agalla illenak sayak bandidiya,Geo-political
8057,Avr cool agi mathadthane but nivu thoooooo,Gender
2585,Prathamanata Actor  yaru Sitka Hilla   Ango Actoragidiya bere vichara Na  Andabakata chanallnalliro. Ancor helbaudu.   beedi,Gender
5940,"Tu nim janmakke, btv, bere news ilva",Others
6263,Public TV deshadrohi channel,Others
4547,Muthalikji yaava islamic janaanuu kashmir pandith hatya bagge maataadollaa..yestuu maataadruu... congress party ruling timenalli hindugalannu Gulamaraage maadidduuu..muzahiddin organization supporting persons namma madyee nee iddaaree..hottee huriyuttee.. HINDU DHARMA VIRODHI maadorige bembalisabeedee,Religion
7556,Lay samajavaadi muduka nindu  ooragala hrudaya edre Muslim ge handi tinke helu nam dharmada bagge nalige haribidbeda,Religion
132,Congress nirmula adagle e deshadali samadana erute.. so bjp ge vote aki e congress na nirmula madi,Political
3839,Pratam koti nan maga edella whatsup university students,Gender
6544,Siddu sir ondivsa mannu mukkuttare that&#39;s for sure,Political
5895,Nina.meravange.madidarll.Ninenu.helodu..ninahathra<br>ero.hanadalli...115.mla.galanna.karedisaboudu.....,Political
2439,ivanobba saaku dehs haalu madoke,Gender
1376,Anchor du nimdu dress ??saryag iddera,Gender
1151,Aa yemmanige yak sir estu budhi helthira uttake maryadhe kodha jana evaru ð,Gender
5867,Poli munde sonu,Gender
3663,Kotwal sisya .. jail alli irbekaagittu.   Modi/shah govt also sleeping.   ,Political
1488,Thuuuu alkA bevarsi mundhe meghana....yentha olle hero Harish sir missss u lottttttttt ??,Gender
2211,Madam muslim hudugaru hindu hudigiyaranna vashikarana maadi love maadtare,Religion
3959,NIMM AMMAN SULE MUNDE NIN TAAYNA KEYAAAAA NIN NAN TUNNE TARA EDIYAAAAAA NIN TULNA KEYAAAA EN DODDU ENGLISH UTTIDOLA NINU ENNODH VIDEO BIDU,Gender
7448,Jammu Kashmir en Pakistan avar appanda..namma Soldiers enu bitti biddilla,Geo-political
4122,Mana maryadene illa,Gender
4537,"Secularist cpartiyavarella idannu allgaledu, adu isolated incident, idee Islam community aathara illa anta, sabara manege hogi bandu, sabara ghandasarannu maneyalli serisidare, ade ghandasu ondu dina nimma magalu, hendati, soseyarannu harisikonda hoda mele nimage gottaguttade. ",Religion
1110,Brother nivu File The P.I.L. on against him...madi,Others
6416,Naveen kathe illige close ...mugsi bitta..ð,Gender
1874,"Tata, idu yavttu hindu rastrane, nivu muslim ge hosa rastra madi kodtivi don&#39;t worry",Religion
1579,BTv change bucket change edther,Others
3449,Nin nettage kuthukole,Gender
2108,"Guru  ivlna ,, bigboss editor stpny kanroooo,,,",Gender
2210,Aviveki Nan Maga sidramulla helibitrea agoyta?,Political
1628,Cm  bomai navare nachike aagalava nimgage nim kaaladalli PSI hagarna aagide  thu nima  BJP government ge chapalli tokondi hodibeku,Political
7316,match fixing madoralla enta aatagararu,Violence
3438,"Vote kelakke  musleemara ( site) jagadalli bundhu  kelidare  Kalu catharsi BJP ge Dhikkara  BJP poison  ,  jaibheem â?",Political
3807,Yaak banthu akrosha antha kelthiya neenu journalism madthidya thooo,Violence
1378,Pakistan Pakistan annotu nodi yaru support madtirodu anta clear agi gottide,Geo-political
4900,Aswath embha nalyak mathadu  manga neena hethawaru dharadaru,Others
3044,"????????, Hagidre 2002 ralli gujrath dange yava sulemaga Bandidda...<br><br>Gujrath dange bagge Ondu film madi thorisi.",Geo-political
5960,Voters hucharu ashte.  development karnataka.,Political
5207,Neevan comments off madavne ðððnakkan Lucknow team full comment off ð¢,Gender
1364,Pratham hindoo  babar  avna appa aagoke saadya illa mostly ninnappa irbeku adke babar ge baidre ninige urita ide,Religion
4980,Idiot speaker yarivarella,Political
7501,Hogele lowde ??.  <br>Jai kannadambe??,Gender
5671,Sule mundera thode thorsankond kuti dira nodok aktilla..mane ge banni mathadana,Gender
2432,dhar anta hesariroru ella pandits ee..pandit agi ulida pandits na konda fame avnige sallutte,Political
1869,hindu spirit hallu madi egga<br>4muslim katrisi avaga hindu hagguthare ....<br>cinema nodi hindu hagi <br>estu dina elli malugidrappa hindu galla.<br><br>hoogoo huchappa,Religion
1145,Barri natka nimdella congress avru kas kottirbeku e yappange ð???ð???ð???ð???,Political
5994,Naayigala jagala??,Others
4778,Hindu Dharma halu agide nimanta jativadigalinda,Religion
6034,Tu nin janmakke ivar galinda nav oor bido hag aytu blore alli idre namge neerilla,Geo-political
7608,Please Back word and dalitharu don&#39;t vote bjp mata hakabedi,Religion
4399,Troll sule,Gender
6554,Bommayi ingineering padhavidhara dikeshi<br>Sslc  kotwal shishya. Adakke ekavachanadalli matadodu,Political
7815,Ee sule maklu sabrugalge huttiroru,Religion
6535,Yen mental guru evlu aden douv madtale paa<br>Famous aagbeku antaa aase idre halavaaru daarigalive <br>Batte bichkondu video madodu vande alla adrinda maryade hogatte,Gender
3752,idella nilbeku andre Gandhi family sampurn sarwanasha agbeku,Political
325,E nayina modlu pakisthanakke kalsi,Geo-political
1855,Yee Ee thara sahata savra Audio hakhudru waste.. En kalthana reap madidhara.. Yakh ist yelithidhira TRP nimvn mideas,Others
2383,Sulle makllu ninu Btv avree thuu,Others
809,Inthavaran ban madbeku,Gender
1621,Lo lovdy mundee yaru Sacha alla antha helbeda k neen Sacha llla k na.... Lover andha thakshna Ella thorsbeka ..idhu Hindu samskruti alla thilkoo,Gender
2527,Yen karmano,Others
5638,Tamilians na hod du kalsi allige bidtivalla alle kudili,Geo-political
6685,@Pavithrajanu Pavithrajanu Sonu ge madeve agideya ella mathe avn boy friend heldha antha batte bechi thors beka adralley artha madko avl yentha avl erbeku,Gender
735,Ivl show madtavrala mett alli odibeku press avre thu??,Violence
7887,Harijana musslimma byby amara hindu cay saw high muslim nayi,Religion
7754,Virat Andre agreessionð,Gender
4700,420 a s n 40/ sarkara maga,Political
378,Sudeep sir sari avlig makke ugiyokeð¡ð¡.... Modli horag hatti sirððð,Gender
7849,"Khadar Yaa sha... chali nu bidsilla,bari olu kathe...",Political
6209,Nim avva Nan jote duplicate ag keyskondlu adikke nin huttiddu chtya Nan magne,Gender
7207,"Tu students West ,Bari aligetionð¤«ð¤«ð¤«ð¤«",Violence
2474,Ashwath nararyana loper Nan maga,Political
6790,Neenu hucch nan maga ð,Gender
5192,He bjp sarakara tu nimma jaati  jaati madde jagala hacchuvaga  nimage mana maryade ella yakandre narendra  modi nimmappa alva thuu  nimmmmn,Political
1166,Sule munde,Gender
5730,Idu world wide ide but election gimic agbardu what a number difference 32000 inda 3 thu ivn janmakke,Political
1896,Speeker RSS goonda,Violence
916,"Learuna,ootayakmadde,kakkayakmaddeanthakelthiyallo",Others
4785,Sonu gowda mindri,Gender
3578,Sir nimge confirmation ella andre niv video headline na yak atara haktiya swalpa nu commonsense elva,Gender
1777,avaru Khan gress pappu siddu Khan brothers,Religion
4919,Maana Maryade Bittovru Oorige Doddovru Anthaa Sumne Gaadhe Maathu Helilla Best Example Aste Idhu,Others
5781,Kothnanmaga Akbar hucchnanmaga Babar is Super ibru muslim nann maklu,Religion
4281,Neen bekadre avr thunne unnu... adh ninnista adadru iratto ilvo ee hijda galige,Gender
4069,"E news avrge buddi illa ivlu yav Dodd celebrate antha karsi interview madtidira Dakota,,,,,ivl range ge innu yav script hu bandilla anthale bevrcy",Gender
3177,Banri namm uralli innu gudslalli eddkond makluna odusthidare bandu interview madi show thorsolna show alli interview madthidira,Gender
2779,Ban hijab and suspend aa muslim chinaaligalu,Religion
5983,Enadhu caption kadak utharaa????<br>Avlu muuru bittavlu adhikke nonsense agi mathadthale,Gender
3863,Ninu hettirolu antha gana karya kelsa madidale alva papa adike troll maduvare....avulu avul batte shivaaaa,Gender
3890,Ashwath narayana psi scam voter ID kalla,Political
4645,yaru madilde iro tappu madidala anta keltirala ?????? support madtidira magluge,Gender
7331,Nin English ge nan lavda..... Lofer munde,Gender
5631,@AIO All In One nim amma nu ninne nang kalsovle so ninne nim amma videos nodi sakath mood banthu nim amma na kalsu bro... nan ning second daddy agthini??????,Gender
4679,E Congress sulimakle Tamil nadige niru bittidare,Political
6047,English alli mathadbedi sir... Aha soolege Artha agalla ð,Gender
7460,Ninbagge think nan maguldu karnataka janate ne nodidralappa anta yachane madthoure,Gender
3083,Berke sidhu 420 nan maga,Political
7916,"yaru saacha alla , annoke agalla neenu... neenu tappa madidiya , adakke bejar madkodu bittu samarthane madkoyiyala... matte bere janand bagge matadatiya.. namma karnatakadalli bahal Jana innocent idare... neenu tilkondiro Tara yellaru madalla",Others
1198,lofarnanamakala.baujet.adamele.thikaurkolli.,Political
6014,entha entha avru  kashta pattu madirthare avruna bittu 500 reals ketta ketta photos akudre ivru en kastha pattu avru,Others
6185,Stupid show ??nayi handi gala show,Others
4520,Ondu kapalakke edi avle yella sathya bai bidthale. Ammange estu bayolu ennu batte bicchi dans madidre yenu avlige avle hemmari enu avla amma yake. Sulu heli yestu dina meribodu. Yella class kotte karkondu bandavle hemmari,Gender
5945,Ninn tullu yallaru nodyar tago,Gender
5765,Ooge awar thikka nekku,Gender
7687,Boli Maga na ninu csk fan na,Gender
7567,Bauarce.munba.matu,Gender
1143,Yaro evnu thukali ellida bartaro ivarella hora rajyadavru,Geo-political
280,"...bharata nalli utamaade Pakistan alli vanthimaadthiraa ,Kashmir Pakistan hogeddary channagethu antha aa turka country gy support kodo nevu galu jaasti baimaada baaradu turka saibu uneducated muslims",Geo-political
3210,Sonu Neenu enna swalpa kalumele ero batte thegdu kuthkollama thu nin janmakke.. aa thayegr helthale aage kuthkoli ege kuthkoli antha,Gender
1085,Sonu matadod nodudre Tika ella uriyutte olle chaild tara adtale,Gender
4129,Dagar mundevu,Gender
6653,Thu nin avanu,Gender
623,Avanu yentha supreme court judge guru.... muchkondu Karnataka bandh madi one week.... bagillu muchhhi sariyagi,Violence
5046,Idu south kade agbekittu Ivrige sari goota baddu direct Yama loka kke kalstiddru.,Violence
2003,Sonu Amma Sula munda,Gender
2329,"lo thamma movie hogi nodu artha aagutthe , yen movie antha. Aa terrorists saayisirodu kashmiri pandit maatra alla , alli muslims idu thappu antha helidaro avrnu saayisidaare bekandre google ge hogi research maadu artha aaguthe. Ee thara baseless comment maadbeda bandbittu. This shows how ignorant you are ashte",Religion
184,SULLINA KANTE BJP YANNU KITTOGEYIRI DESHA NADANNU ULISI CONGRESS GELLISI DESHA ULISI BJP TOLAGISI,Political
1747,Bereyavar recording keloke nachike agalva..,Others
2123,Boggi puti sule munde nataka maadthale nambabardu ????????,Gender
4389,Ede Karnatakadalli Dhalitharannu Maneolage Benki ettu Kondaralla avaga E Moorkarige Kaneeru Baralilva thoo Nakali Hindugale Bari acting,Religion
2644,Bucket ?? channel,Others
6705,ijadagalu eli eli mel janare naavy nyaya maaduva kashimir issuege pandithsge namma help avarugalu namm annatammadirarru kashmir yaara appanaddu yaava turukanann maganandu avara amman soole makkalu,Gender
752,Bitti biryani kodthare..hogi tingu munde nadiyo halka sulemagane.. ðð,Religion
270,JDS bage yako matadtya gaandu,Political
1000,Hello muslimarru kasmira dali oddisuvag yali sattidaru,Religion
1454,Kittodnannamaga en dudd kotre kole bekadru madtane,Violence
3821,Muru bittavaru yarige deha kottoru?  Ee hijda gala?,Gender
1970,"Kalsu guru horgade,, est dena ettkond erode hecchuð¤¦ââï¸",Gender
2283,Eevaranna  karsi nihu  thappu  maadidiri  sir  eedu hanchali  eevlu,Gender
7847,Ley lowde k bal first hogi history na correctag tilko ðð,Political
606,Half kunne rande maga ninu,Gender
5419,Kotnanmaga akbar???? babar jote enittu ivana sambhandha,Religion
3322,"antha GAYLE,VIRAT,ABD helaythu innu evalu yav **",Gender
7703,Modlu e melvarga davru ellrunu equal treat madodu kaliri.,Religion
3192,Dagar sulle munde,Gender
7606,Ayogya nannamagane yav hengsu hettidalo ninna,Gender
202,Dongi spekarð¡,Political
2033,Population rise avara MUSLIMARA  koduge...ð¡ð¡ð¡ð¡,Religion
1404,Mhaddlu.ninu.daesh.bittu.hogapp,Geo-political
5891,"Even Manglore, Udupi and Kerala ella islaimic tumbide",Religion
6659,Mendre ge hogi todro sir congress<br><br>Film?? super?????????? sir,Political
1698,Ayyo murka fan gale <br>Obba vyakti movies hero adre or dana darma madidre hero agola<br>Obba vyakti ellaranu respect madbeku then  only he is real hero<br>DON&#39;T BLINDLY BECOME ANYONE FAN ONLY BY MOVIES HEROESIM.... <br>real hero always <br>The DR. RAJKUMAR SIR????????,Gender
5784,Avar kottiddu ninn tale halagi hogrle avar desh kattatare avar jotege hogappa,Geo-political
5912,Soolemaklu kongru,Political
7762,Inu intadela anyaya ela jasti agute. Congress party bantala.ela hallagi hogute nodta iri,Political
154,Congress paksha erovarigo desha munde baralla,Political
7136,Howdu yajamana ninge bjp adikaradali idre ninna misalati tagitare adake Inge matadtiya Ninge Deva bekilla nin jati nin misalati important,Political
1959,Bjp mulla gala film,Religion
474,E nan na maga mudhuka gaa sabru jothela kalsro sabru manella  adga madkondu thinnu sullla magnna nen thayna thalla edka,Religion
75,"ROUDY,HADISIMAGA,D,K,BRASHTA,E,BOLEMAGA",Gender
6098,Divya madam nivu appu sir ge sariyagi interview madtha ella .. Nivu heege madbardu..avara respect ulista illa,Others
6246,Karnataka kandantta waste CM,Political
1886,Kushi hate madtini ninna tumba ee thara madidiya papa hudugarige,Gender
256,Useless sabhapathi,Political
1775,inta hudgina nan yellu nodilla thuuuuuu nachike ilva avlige,Gender
7405,Speekar sari illa west,Political
7970,Avlige mana mareyadene ells,Gender
2759,Istu  vayasu adru nimma darma  jaathi beda villade iddira alva  nimagondu salaam ð®ð³,Religion
5282,Dugar sundri saniya,Gender
7274,Mannig yen tintare ante ????yenta maat guru,Others
1971,Amma tayi solpa over acting Kami madu thu.... Nodoke hagtha ella,Gender
2464,Magalanna suletanakke bittalu,Gender
7690,Eee anchor and avala dress my god so ugly,Gender
4539,"Modiji idralla en madidru akhanda srinivas mane suttru,shivamogga dalli hindu mukhandana kole madidru,bjp govt en madidru Hindu govt anthare hindugalige safety illa,dina rate jaasthi,elladakku tax,10 varsha adhikara kotvi en madidru bjp,eega enu madokkagolla,hindu galu oggattagabeku ashte,JAI HIND JAI KARNATAKA.",Religion
7293,Ist saacha gal idmele athara videos nodi famous yakrappa madthira.. avl kitthogidale maadidlu neevgal saacha idre amikond irbeku. Vc leak aythu antha ella Bai bitkond nodidke thane famous aagiddu avlu..<br>Comment section alli istond Jana saacha gal idaralla guru wow,Gender
575,Gambir and kohli na ban madbeku ipl enda,Gender
1529,ee hero heroinu yav kadalli sikru maga ..olle kaad manushya tara idare,Gender
6318,Waste fellow Bomma nimage buddhi illa,Political
3014,idakke adashtu bega uttara kodtare namma yorharu..nimm mukha mukli mutti nodkobeku aa thara madtare,Others
5534,in en nin antha maklu uttsi nim amma think madle beku ð¤£ð¤£ð¤£ð¤£ð¤£ð¤£ð¤£,Gender
1120,ivare ivaramman politicians ella partygalu mindirigale intha enthaenthddu namma kannige kaanade muchchittiddare antha gothaguthe ee darveshigalu politicians political parties bjp enu saachaa alla modinu saachaanu alla ella nindirigale ellaru turukara tunne unnuvavare intha bewarsigalu iruvavaregu namage hindugalige nyaya elli siguthe??,Political
2586,Dagaar Randi ivlu,Gender
4674,Anchor ?? ondu chappli li hodibeku,Gender
6233,Think madodhu yaak andhray ningay yakadhru janma kotno antha papa awrigay ennu yenen nodbeko e nanna kannugalali antha Nimma amma yochnay madthawaray ??????,Gender
1856,Nalayak Congress Nayakaru ... Kela Kannada Holatagararu Congress Sarkarada Virudda Mathadode Ella ... Ganji Girakigalu,Political
358,Nimage mana maryade illa bommai thu muka didre cm GE seet ge avamana,Political
3799,"Avaga Congress iddaga pratiyobba praje tale mele 5 Laksha Sala yittu, adre iga namma bharata Modi Bere deshagalige Sala kodo Tara madidare srilanka Afghanistan ge Sala kottidare namm India economy alli 5 ne place ge yeride, Sundaravada kattadagalu devalayagalu kadsiddu yaru Congressge idella sadya agtitta? ",Political
2284,Ninn enu doddu sadane madirothara mathadthidiyalle edun yak thorustidiya fastafoll already ninnu fulll,Gender
54,Sulle Dagar munde sonu,Gender
3275,Why santro Ravi is t handed to court and investigation ella bayalag beku,Violence
3612,Before match haters niv gellala <br>After match shameless behaviourð¤¦,Gender
7107,Chapliyalli ninna Amman ge hodebeku,Violence
4702,@Manjunath Bg caste mele cm post yake kodtare bosudi maklu,Political
7170,Thu.  Thu. ????????entha jana pa,Others
4925,tuuu avl janmakkeee,Gender
3901,Madbardh thappu anthe???? yaru maddhe ero thappu?????? olle joke???????? thu thayi anthe maglu bidu ..... Yalla madve admele secret ag adru appa amma ata adthare?????? ee dagaruu adikke teacher agidale... Kithodavluuu???? inthavrna karsi tym bere waste mado idhondh channel... Thu nimma!!! Prapancha suthi news kodri andre social media bagithavre...,Gender
3209,"ella partygalu cong, bjp jds ellaru bewarsigalu ellavannu muchchihaahikondu bandaru hindugalige baayalli mannu haakidaru bewarsigalu ivaru ",Political
4907,Nan kaili gun kodi avan hutte illa anno haage madtini.,Violence
1559,Bolimagane ð¡ð¡ð¡ð¡ð¡ð¡,Gender
5414,Dhu nin janmake...olla huduganna bali thakondeallwa....,Gender
7726,Kothnan maga ninu naya paisa knowledge illa,Gender
5447,"Sidramaiah Ravaru Modalu CM Aadagalu Ede Tarle 2023 Ralli Sidramaiah CM Aadaagalu Ede Tarle,Henri Edu Raitarige. E Sarkaara bandmele Gandantra,5 Beed, Bere Paksadavrarige Catch Aakuvudaralle MP ElectionGe Magna.Mandyadavarige Edu Bekagittu.",Political
3389,arun ge  thanks helu ella andidre nin BB ge bartirlilla,Others
1424,Hucchadshimakla film Bere reality Bere,Others
5612,Yen karma pa iduðð,Others
7535,Public channel ma arun ginta dodda BJP spokesperson bere yaaru illa,Political
1853,Mudakanige age agide mentality..retired agidane e e matadtidane..Yaru kivi kodbedi..,Gender
2086,Monthly payment yestu nimge ..nachke agbeku nim lifestyle ge,Others
4557,Kageri  speaker allari vidhan sabha dalli sweaper,Political
3351,ivalu dodda dagar....btv promote madutta ???????... pimp btv,Gender
1147,Anchor kooda su**<br>Ivlu kooda su*** ??,Violence
7712,Kittod munde yaru saacha alwa neenu correct hagiru reel chennagi Bitte,Gender
5597,Dagar na interview madoavasyakatye ittha thu,Gender
6918,Thaayi anthe maglu noolnanthe seere...gudsattira...elru manelu henn maklu irtare...en matadtya ninnamman,Gender
3318,B tv avarige mana mariyade elwa che yanri edu ondu news karma guru btv ban agabeku nanna magand,Others
4731,Ivanu obba langa sulemaga,Gender
5026,Onde doubt nim maneli nina enu kelalwa    anta elru a type ansute ellaru sulere irbeku,Gender
5536,Nin beku andru avr ninig sigilla manga olle hudugn life almadide thu,Gender
5551,Easy defeat for Anti Hindu Sidaramulla .mulla agakke layakkididya,Religion
7536,Ninnanta magalidre innena madatare Amman nodidre paapa ansatte adre nin hege changlu anta gottagatilla,Gender
7479,Madodu tappu madi estu ahakara bittilla mana marhade illa thu naayi bevarsi ivalu,Gender
2115,Hey boli nann m....... Le edaralli ads,Gender
6037,Ninu thiklu thara adudru evathu chanagi mathadthia ankonde adre enu uddhara ago lakshana illa,Gender
3878,Evale ondu doddu bogas enu evar family bayali pada ne bartila,Gender
776,Bjp average thunne hunoosbek,Political
778,ella tamilians ge konga nadige kalsi,Geo-political
5299,loude ke baal yaranna antidiya nodkond annu,Others
1693,"vikas anna innondu hudugi bagge helidag anchor  nidhanvagi , Adu aval hane barah, antaa helta iddale correct Aagi keliddare arta Aagutte  adellinda bartaro ivrella... Aadru vikas anna nivu super",Others
7112,Tepri tara matadtavle,Gender
3466,Hore le berka mundedera,Gender
5353,Niyouyantha habimanigalu hinthasamadala che. Che please dhayamadi harthamadikoli mundevaledaguthade,Others
4103,First muslim navrna pakistan Kalsi india ge saport madala,Religion
6467,Congress vote akoo gandhu chutya hindu galu eddanu noodbeeku......,Religion
1630,Neena I kalla.berayaregahelutheya.,Others
2393,D boss  anno tullugalu.....nodi...muchkond mane  kelsa  <br>Madkond appa amma maneyavaranella  Chanagi  nodi....,Gender
6684,Awanobbaa loafer doctor nijawaaglu howda....muka odidre thika thara iddaaane loafer shenda naalayak minister,Political
2539,Dagar sonu,Gender
3977,ninag hrudayane illa meghana vanchaki ninu olle hudugan jeevanad jote ata adade ninag yavattu olleda agalla I hate u megha but I really love u harish,Gender
550,Kachada ...guggu bosadimaga ramesh jarakiholi,Political
1534,Tunni Pakistan mendry,Geo-political
5248,Rss bjp ahtankavadigalaga hosa nataka,Political
651,Avla thuu dabba,Gender
3810,Aralu maralu yavana huchata. Dudd kott mele start agatte ivella..tindu tegiddu ayta sidramulla navare,Political
3470,Pakistan pudi pudi ????????????,Violence
4851,Hucchanan maga akbar kotinanmaga babar chutiya sulemakkalu,Religion
5836,Ipl ella  fixing guru even Jason holder last over 3 full toss,Gender
3053,Yala dove edu agadre nin mobile yavd antha kelta erlila video li ????,Others
1022,"MANDA,TUNNI,KADER,LOFARA,POLITICEN,E,BOLEMAGANIGI,KANNADA,KALI,LOFARA",Political
4974,Dagar sonu,Gender
2315,Ivaru kannada mathodhu enu beda first avranna Rcb indha vaddu odisi pls,Gender
3514,Enta dagar ge janma kottadke tumba bejaride antare,Gender
42,Howda nin momagalu na kottu madve mado mudiya.....ðð<br>Tulle gandu kashmir nalli hogi pungu ....tunne kuidi kaustare nimma bhandavaru,Geo-political
5151,Nimma amma think maadodu neenu dagar agidya antha sulee ??,Gender
5962,Samskruti kedsirodu Turki Nan maklu.  Ee ajja huttide waste .... Bega sayappa mudkappa,Religion
3013,The great Loudi....,Gender
3289,Tukali news tukali ancore,Others
5787,Daba  video ivlu madod video ge yar en credit kodbeku,Gender
6779,Muslims majority alli iddaaga en madtare nim bandhavaru !! Nimde tika keytare saar,Religion
4349,Le Badmash Sule makkala e boomi mele nijawaglu kasta padodu raitru avarigi help ago tara ondu budget adru madi ... nijawaglu nimma appaga uttida makkalu adre avarigi budget madi avarigi sigo tara madi houdu antini nimmoun.....raita na bevarinda yallar ondu hottu uta tindu badukirodu arta madkoro Sule makkala,Political
1560,Ninu bathroom full video nodidini biduuuu malli,Gender
2853,hate henge madodu anta tilkolli,Others
6532,ninge elru ade tara kanstara bro nin saryag idya,Gender
7363,E vaiyanige dikkara.saburna nim manege itko..,Religion
6094,Shame on you guys who&#39;s supporting asshole ondu hudugi beleyod nodoke agtha illa antha,Gender
2405,mudiya ning yak beko.. Thika muchkond thagondidh mutton beyskond thinnu hogu..,Gender
6323,RSS RASHTRIYA SEX SAMITI,Political
5623,Edralli erorella weast peoples,Others
3685,Very good Vikas bro eantha chapper munde gale ban age beku we all karnataka support Vikas bro.....,Gender
1167,@Madan Gowda nin muchkondu irthiya ninge yavalu heliddu nan madiro msg ge comment madu antha nindu nin nodkondu iru illa andre nan ninge ????,Gender
1350,Avanu chai mare gottilla vadhare neenu hudigiyara sex video madi mp agiddiy,Political
6934,Lee kothi home ture antiya bare nin mukha noddidde aytu,Gender
7774,BJP government first badukiro aa ugragaamina gallige erisi,Violence
4921,Nivu hijab hakode adre nivu bere shale collegegalanna nirmisikolli,Religion
710,Ivlge talebuda ilwa matadakke????????,Gender
7248,Illi Darshan sir du tappalla matte indrajith du tappalla paristiti haagide illi yardu tappu andre Darshan frds anta nambiro avn jote iro tukaali galaddu avrindane ivella aa boli maklinda Darshan gu kett hesru idu onde alla chanagirorna bere madodu ivr kelsa,Others
7189,"Soole maga sumne kutkolu, anagarika, ninna appanige dikkara.",Gender
1383,Tuu nin janmakke olle hudugana prana konde very bad girl,Gender
1712,Evl istu halagoke evr appa ammane karana modlu avrige chaplii tagondu yaradru hodibeku yanta maglige janma kottidare naayigalu,Gender
753,Dislike madirorella pakistanadore erabekhu munde maklaaa,Geo-political
4170,"Sdramulla khan, brothers friend dks, kari idly hdk, &amp; ibhrahim, nethrathwada jds pithamaha devegowdru, Punjab pak ge seriso plan nalli iruva, kajji kejriwal, pls see this film,,,,,,,,,, onde matharam... Jai bharath...",Religion
3882,Huchha venkat hodidhirodhu sumne alla ivna hanebaraha awnige avagle gotthitthu innu yeradu bittidhre sari irthiddha,Gender
3176,whole ipl is fixed and scripted....fans ella bakra tara kanstara,Others
6025,Nenu corect ge batte hako ofter that nem amma ge helu thuuu,Gender
5122,&quot;RIP&quot; Sonu lowda,Gender
6557,Thuuu inotor nella yen madbeku....... Future ante future thuuu,Gender
7097,Kachada kageri ivanigiro bele ella hoytu holeli,Political
1617,Nan maga ena child kohli mele barthane kodbeku sariyage,Gender
7582,Congress ge vote haakida yella Hindugalige ?? karnataka story beega barute. Tu nim janmakake,Political
2027,Gautam Gambhir gandu. Bage mathado full details please,Gender
3705,tamilians en kantara nodidra navu avaranna support madakke,Geo-political
1304,Yake ee lofergalna interview madtira madam,Gender
2518,Lo thata modlu vishya poorti tilko.....yallu mamsahara bidi antha yaru helila....muslim avru kotiro samskruti na hampinalli tumba chenagi didivi.....sumne Mike sigthu antha build up kodbeda.....mamsa tagonde thane sumne manege hogu,Religion
707,Idyavudo congi...mangi company,Political
1695,bavarsi  girl,Gender
980,"Sabhadyaksha bolimaganige hodiri..........jai siddramaiah,jai khadar",Political
7775,Tappu yaru madalla ? Darshan kuda human being Avrigu Kopa barodhu sahaja... Celebrity aadhre kudibardha ? Kopa barbardha ? Avrigu emotion iralva.. Naavugale kuddhaga jagala made ilva.. Darshan madidre Matra adhu Big crime ha ? D boss Na nodkond urkolor Laksa jana aadhre.. Avranna preethsoru KOTIGatle jana eddhare... Jai D Boss ??,Others
7435,Hindu gala mele atyachara adaga nivella yelli sayitira nachike barbeku.yee ajja hindu galige bahirang vagi dhikarisuttiddane. Artha madkolli ð??© hindustan jindabad.,Religion
113,"Modlu hendtige hodidhu jail ge hogibandha, amele car accident maadi hospital hogibandha, ivaga hotel ge hogi paapa supplier ge hodiidhubandha ??.... Innu fame allidhane andre janagalu ivnu madtairodhu sari antha opkotaidare ??.... Dhayavittu Democracy paalisi, inthavrnella janagale shikshisbeku, shikshe aadrene olleyavanagokke sadhya ... Janagalu echetkoli",Gender
4688,Hatru Sonu ge..???? aval Dodd selebraty ankondidale...shambavi .????,Others
920,Offical team page eh comments off madavre andre bhaya hengirbeku..king fans bidalla naveen na,Others
7738,Avanenu tode tattodu nanna jyothe Vada madoke heli...naanu gumtini,Violence
4234,yaroge bekagittu idella sumne muchkond idre agtittu ee bosadige,Gender
5399,Haagadre bjp avre kallaru....yaare agidru badukiro AA sulemaganna bidabadru,Political
4852,Congress na betre pakistan madtare namdeshana,Political
1316,Nin amma paapa kane yake lovede nin ammange value kodo soolemunde avra yedhurgadene kaal mele haaki  kari thullu thoristha idhiyalla thuu,Gender
4388,Athi agiddu jarakiholi nindu.neenu congressnalli iddu dk shivakumar edirisidre oppabahudittu Adare dk shivakumar arrest madsoke Shah kalige bidallo.ninagintha Shah vayasinalli chikkoru,Political
5363,Adond bichii kutko sonavva dress,Gender
914,Guru bere avrella sumne irlilwaa ivn maatra yak egradbekittu..avesh Khan ge rubtane anthane aache ittidare inna yav range irbeda,Violence
6461,Thuu Idu oned chennal ah,Others
1816,Aggbeku avamana thu yar guru RCB management.,Others
5240,Thu lofer Nan makla TRP goskara innu enen madbekro batte bicchi bettale torsodu sadhane ???? <br>Sadhane padada arthane kedsudru ea Btv avru thu.. ivr yogyatege,Gender
5889,Next Congress fix sir  nivu obbare satya helutirodu yava sulle makkalu dwasha sarutidare bjp modi sahili kachadagalu,Political
7875,Bichkond idre Nati agtale,Gender
13,avaru badukidashtu namma nemmadi haalu,Others
7414,Fixing madkoloke kakka colour team ankondirbeku.ð,Others
6982,Khadak answer anthe?????? mana maryade illa btv avrige Mathe yuvlge,Others
7620,"Yaradru, congress vote hakthini andara dekesii muthi muchko",Political
107,Soole maga prathm madak bere kelasa illada nayi nann maga,Gender
423,Le baket nimma akka and dks ge love and matte en.yen madidare ante howda baket nanna magne,Others
7049,Thayige netug mathadadh kali nin thayi adag Ning gothguthe,Gender
7936,Thikka muchappa jhatka thinusulemaga sidramulla,Political
1254,ivardella aytu eega madrasis start madkondavre... beku anta sumne iddavaranna keralisis jati mata anta start madidarre..,Geo-political
5816,BJP inda iddi desha halagi hotu<br>te ban<br>Lock down<br>Ivaga jati jati komuvadi paksa innu enu madtaro deshada janakeð­ð­ð­,Political
4378,Nin amman adna helake nin yaro Vatal Thulraj,Gender
46,thu Ninna janmakke benki haku I not like it megana,Gender
5715,Prakanda pandita. Oh ninna matu keltars. Adige madsi kuran munde ittu alla ho akbar antha heli gadddagi thindu nidde madu,Religion
3272,Nim amman mathige vonchuru govrava kodu uddhara aagthiya illa andhre ninge 3 lakh alla one crore bandhru naayinu thirug nodalla,Gender
7342,naveen soolemaga,Gender
4637,Sullu Data Idkondu Madida Propoganda Movie,Others
3495,Idiot Meghana.....,Gender
7546,Avrige halal nalli naditiro mosa jaala artha agalva?.hindu cut madiro maamsa avrige aagalla.hagidmele avru madiddu naav yak tinbeku. Avrigondu nyaaya namgondu nyaayana?maamsa cut mado hindu galu enmadbeku.papa.,Religion
6335,ee tamil bosadimaklu ella kade heege kantri buddhi,Geo-political
1329,@Nihal Suchethan nin ammane nan Amma bro... Avre nan Amma..<br>Ninantu ond hudgi bagge aa thara matadodna enjoy maadtiya andre pakka yaavdo mindri magange huttirtiya bro..,Gender
2762,Dagar tullu evlu meghana,Gender
7585,Nachike illa maklanna bittu kooda banda ketta thayi,Gender
7321,"Younger player senior ge respect kodbekaðð, den y Virat disrespected Gowtham and sourav",Gender
38,Yavadru knowledge adru avrge okay anthe matte yake school college ge bartira hogi ramayan mahabharat na study madi mane lli iri.. thuu enu agtha ide he bharat desh.. antha nija gottagilla..nivu irodu india dalli aduna fast mind lli itkolli..,Religion
2952,"Sule maklu kashmir terrorist, india also irresponsible with it.",Geo-political
2213,tu ediyat lofar maghana,Gender
1772,Chaplil hodibeku avlige,Gender
4946,"bari bramins are Hindus in India anstide, OBC, SC ST janagala savige belene illa.jai Kuvempu, jai basavanna, jai budda, jai Ambedkar.",Religion
7619,Kage Nan maga ee mullagalige ee stana kodbardu,Religion
3635,Muni mulegump agtane ee dushkarmi galanna matta hakbeku,Violence
751,"One month ad mele yella sumne agtira, eggs bari joshu aste, , Hindus alli vaggatt illa bidro, obradru hindu ond yet hodillalla 3 days adru, bari maatu aaste, ond hakro , jai hind, jai ram",Violence
4345,@Mohan Vasista <br>Bramanru= muslims <br>Ebru onde <br>BJP vite keluvaga hindu navella ondu annodu amele EWS alli bramanis ge matra reservation tagolodhuð <br>Ee natka nadiyalla namgu buddi bandidde,Religion
5624,Daleta Verodi nem TV gi Dhikkar .BJP Baket TV .Tu Tu Tu,Political
2709,Nin behavior nodi nim tayi think mÃ¢dtale aste,Gender
5290,"NRC maadidakke ne....Corona banthu...muslimara viridian horaadiddakke.....innu hijaab   nisheda madudre,Inn yaawa roga baruttha??? Thu nim janmakke, nCHKIKE AAGbeku ..",Religion
7778,Otnalli elli erorella dagargale... ??????,Gender
5040,Sir United Nations decision wrong ide...King Harisingh Kashmiravanna nam Bharathakke kotta mele full Kashmir namde....Kadana Virama yaak banthu... United Nations full Kashmiravanna nam India ge kodbekittu....UNO jothe Modiji ee vishyada bagge maathadi bega solve maadbeku....Jai Modiji...,Geo-political
2045,Le bosdikke moton thind malagle,Gender
6339,Yoollaaaa nin akkan thikaa nek keyaa,Gender
2526,Lofar btv,Others
78,Evannaro doodda sulemaga BJP yavanu,Political
4947,Ninage dhikkar pakistan nag hogi avarajote uta madu,Geo-political
3057,Sule munde,Gender
7570,sathya helidre bjp avrge kopa  siddu kandre baya siddaromotsva di uri,Political
7561,Mallesh estu tagondidira nimma mommakkala kalakke niviralla aaga sari nimma muslim bandavarige halal madade eruva mamsa tinnisi  aaga nimma bandvaru oggattagiertare nambike babahdu swamy,Religion
2316,Ninnakkan sule magane agarana mada sule magane bommaiah,Political
1610,bharata central government kalajiyinda monitor maadi  immediately Hijab deshadadyanta bahishkara madalikke kayde tarabeku. Shalegalalli hijab tegeyuva vyavasteyinda ee tara tondare kottu namma deshada maryade tegeta iddare Ee shandamuslimgaluâ¦   ,Religion
2672,Modlu ee muru bittiro btv avrge ugirappa mana maryade enu illa ivrge,Violence
7328,2varsha hottig erodakke madve bekitha <br>Hudga hudgi madve adrene 5/6varshake divorce nihu 2varsha ????????,Others
3741,Nalayak mantri loafer minister,Political
1289,Mukli muche chuul munde ??,Gender
604,Handi mamsa tegudu kondu hogu yeru beda andru.  Frustrated Leftist keeps crying who cares.,Religion
6498,Yavidadru hudaga na hate e Tara matanadatara....to much girl,Gender
6729,3rd class sule avlu  show kachada agirodhi a sule endha ne,Gender
2571,3rd Umpire kange en itkondavne,Gender
7428,Tu evalu yaav  anchore  re tu,Gender
4658,"Tata Muslims galu Muslims hey , nim kaldange illa ee 21st century. Ogi tindu maja madu with those ppl songs ..",Religion
7765,Enandre avle bitko kuthidale avr amma ge helthale saree sari madkondu kuthkoli antha.bidu thayi nim maglu enu thappe madilla.thumba olleyavlu thumba saacha nin maglu.avl janmakke istu thayi enu made illa anthidale .intha maglu para vahiskondu barthiyalla thayi AVL janmakke istu thuuu.hennu hennagli idre thumba olledhu dagar agbardhu,Gender
3970,Sir nimanta news channelgalu madakke kelsa illa idu nam kannada bashe avamana madta iroru nimanta patrakartarinda avra padige avaranna bidi adu preethi inda barbeku adanna nivu tilkolli yarigu balavanta madbedi idu nam karnataka ke  avamana madbedi jai karnatakamathe jai hind,Geo-political
4765,@Muhammed Junaid Faizal andre Kashmir dalli aa hucha suleee makluu(terrorists mundeemakluu) Kashmiri Panditarigee madidduu sarinaa. <br><br>Terrorists suleee maklui namm deshanaa haal madtaiddaree.,Violence
3711,Thuuuu ninna olle hudgir tara Mukwad hakonda natka madolu ninu very bad girl,Gender
5779,Kashmir dalli sc &amp; st galanna  nimma bandavaru kole madi odisiddare. Nimmanna avaru thamma bandavaru antha oppikolluthara?,Religion
4131,Bhosdi maginge enu gottilla akbar bagge matadta iddane,Religion
1813,Slipper renali hodeyabeku...,Gender
4636,nimage ee gandasu janmakke aa bhavane irabahudu adre avarigillavalla..<br>nachike agbeku nimage...swabhimana illavalla nimage...shame on you,Gender
7586,Sule makla btv aaa sonu sule dhu shata heriri bvc gala,Gender
2702,Kashmirdavrnella bombygs hakri hogli sule makkalu,Violence
4943,Ninnan karedukondu pakista Dali bidabeku,Geo-political
220,"Asal avaldhu thappenidhe heli,avanige kayile idhe sathidhane zrash mathadididhale atime Alli enagidhe antha nimeege gotha sumane bayabedi vishaya tileedhu mathadi",Gender
1955,Ivattinda.. Nivu entavru antha gottaithu bidi.. Geddaga bala idithira... Biddiaaga jutt idithira..,Gender
7290,Free mamsa sikirbeku ewnange adakke nigartavne,Political
632,Kaveri bagge maathado andre cinema collection bagge maathadtha idyalla gubaal..<br>If u continue making cringe cinemas ppl will only watch tamil movies ashte,Geo-political
4966,Thu nin janmake ninu ondu hengsa .. Namma nadina maryaade kalitale,Gender
5548,"Sonu ge asht maturity illa adu gotittu BTV avr kardu TRP g goskara oblu hudgi na avmana madodu tappu, innu caller&#39;s ge  avlu madiddu tappu andre callers du tappe negative thoughts na open agi heli avlg hurt madta idira avl illi iro positive attitude bagge heludre avlu sudarstle. No one will follow others unless it&#39;s there own choice. Let&#39;s try to bring change not hatred...",Others
2744,Aa leeps nodrappa ......chu chu antane irthale,Gender
2522,Evru nijvad terrorist le nimmavan nin nan mund ididtandra rounda chanda yardu byare madi vagiteni,Violence
4308,@Pradeep Kumar Narayanappa Shiroorkar ninu handig huttid cross breadaa,Gender
238,Bosudk shivakumar,Political
3536,Hogoo guggu eshtudina eldeero mathu neenunu sangina,Violence
5452,Avnannu saayisbeku naayinaga ava,Violence
5526,22 minutes real kerala story nodi Dhruv Rathee YouTube channel  nodi  a sulemaga nodi kanadaka hakondu mathadta idana alva sulemaga,Religion
4026,Avligae attitude jhasthi,Gender
5152,Yaaru ah huduga na baiyyolla. Avalu young idhale mistakes aguthe yaaru saacha alla. First leak madida huduga nannu balckmailing plus man baanga maduva case haaki olagade haakbeku.,Others
2053,Medam intornella karsi interview madthiralla ad yen sadane sadane madiro nam D BOSS na ban madidiralla idu nam Indians odiri capalee??????????????,Gender
6701,Boli magane  cm  thika muchkondu kuthukollolo,Political
1346,nima ajji kachada ??? dress na news chanel alea engea hakidiya en maneali hakotiya,Gender
5426,E tara joke madi ne vishva guru bandu bidi alli rounds hakidru jana nambilla  evr  dodda mosa gararu,Others
6715,neenu mental nanmaga. are hucha.,Gender
7848,Darshan avru  olle nata   friends   gumpu katkond  yenne party&#39;madkond hotel alli kelsa maado badapayigala mele dharpa torisodu yav nyyaya,Gender
7283,Khangress bandre Govinda gooovinda,Political
5220,Pakistan and India and China muwaru Kashmir ge codabeku 3desha dawaru Kashmira mele soshane madotidare,Geo-political
2456,Edu estakke mugiyuvudilla<br>Pratiyobba natara natiyra<br>rajakaranigala hagarana<br>olledu kettaddu bande barutte<br>Edakkella manushyana<br>agnanave kaarana,Gender
1788,Anchor lofer drees senses chenge mado,Gender
588,Kashmir Alli nam hindus nashakke karana nim antha chappers<br>Kashmir Alli astondu athya Kanda adhaga en madthidhri neevu ......en madthidhri yaridhadru.... Neenu barle beda hage ogibidi .... Kashmiri hindus hennu makla shapa nimge nim family thatli ....,Geo-political
5633,Sonu first nimma thayige maryade Kodi.. basic knowledge ilva nimge.,Gender
7356,"Entavalanna karkand banadu interview madtidaralla B Tv nan maklige dengbeku, avleyaro ancor center li bandu lowda ge support madtavle thuuu nim janmakke nan ....... idaa first avl ancor ge dengi",Violence
1778,Kalmarige tagondu hodiri akin,Gender
4726,Dabba channel dabba reporter krma....edu ondu interview na,Others
8045,avarige gottu ansatte avara cinema karnataka border datalla anta yakandre idakke proof avara abhimanigalu dabba,Geo-political
6868,muchkondu court Adeesha folllow maadri,Political
2792,Yake beku hijab soolemundeð¤§ð¤§,Religion
5564,Sudeep Anna <br>Avlu Dod dagar Anna <br>Avl ajji Lofar avl nodi yalla mane henmaklu  avr avr dari ne change madkobidthare,Gender
6130,nimm voive kandre agalla innu ee bayalli enen kelbeko,Others
1265,Tv9 tale hiddka bari ide aytu,Others
5646,Yen durahankara thorusthale than thayigene yeey child lakshanthar jana nodthare anno sence erli manel ogli public al adhru maryadhe kodu mangettovle,Gender
1431,Le dubak muniya ninn jati ninn rajya nine itko,Geo-political
2157,Bevarsi partam. Ninu hutte illa aa kaldali hetlar ninna appa,Gender
3754,Adesht sull creat madta ediro thu nim janmakke ??????,Gender
6338,Evalanta obbaruhudgi edre  ella hudgi edru kett hesaru,Gender
1872,Thu nim janmakke,Gender
7455,Evaru beleso ah muslim haavu evaranne kadiyutte,Religion
5722,Hdd ninnatha sullugara drama master yaalu galodhilla beedu nachikayagabaku ningaa evaisalli evaala baaka,Political
6617,Halal cut madiro danada mamsa khareedhi madi press navaranna karedu mukya mantrigala bagge keelagi matanaduva eee manushyanige Hindu sanghataneyinda dhikkaravirali,Religion
1919,Yai yenappa nayeegalu kachada dange kachadthirall ree nevgalu barathada satth - prajegl ree.... kannada da hemanth Bangalore ðºðºð¥¸ð¥¸ðððð,Political
5862,Yenu upyoga ella. Darshan yentha asahya/criminal maadadru avna fans avna boot nekakke Jai Dboosa anta line nalli nintkothare. YATHA celebrity TATHA  fans.,Gender
1884,Ee video nodi nagbekoo albekoo gothagtilla ????????,Others
1229,Ee boli maga sidramullakhan Anna irbeku ð?¤£ð?¤£ Halka nan maga.,Political
3338,"@#ps ninna daridra buddige enu helabeku anta tiliyalla. Brahmanaru yavagalu ninnante reservation kelalla. Buddiyinda munde baruttare. Ninnnta daridra buddiyavarige tiliyalla. <br><br>Ambedkarge odisuddu, hesarukottidde brahmanaru. Brahmanaru ambedkarke ya",Religion
5463,Avana name haenu antha ghotthaglilla avani sulae maga avara Amma nijavagalu ibbanae appa Amma Hilla aa qurel man  beverci alkat thoo avana mukakkae yava partiyavaru  avanannu galligae haerislilva,Gender
2971,Yanta Family Ge Yanta D@&amp;@r Hutbitte Nodu Che Thu ð,Gender
3729,Hello MR Newz reader.. First nevu manage hele nimge intha nonsense script kottidu yaru.. daridra vagi kutkondu daridra news nodidre heege agodu,Violence
3987,Good...  nim wife jote danada maamsa uta madutta ondu video madi avaga nimna opkotini.... Ninu pakka musalmana anta,Religion
6968,Bagguskond key*** Dagar daasange,Gender
272,E SULE MUNDE NA METTINALLI ODIBEKU,Gender
4049,Hu bro crt aadre. Bjp gov avru ege Madtha edhare andre. Ella muslim avru ketavru hindu muslim war madtha edhare .,Political
7030,Sule Munde na interview madthiro nive Btv avru Sule maklu,Others
2758,Correct guru Sule maklu Pakistan avaru  there are some other videos which they have spoken very bad about our country,Geo-political
5121,Mugisri Looter siddaramaiah na encounter maadlebeku Looter siddaramaiah na siddaramaiah Looted 3 Lakhs crores from karnataka gouvernment public money in 5 years as a cm of karnataka CAG reports says officialy in 2017 alone 35000 crores rs missing from karnataka gouvernment public money siddaramaiah is a mega Looter a mega corrupt a mega manupulator a mega opportunist public must encounter him as earliest possible at chamundeshwari,Violence
6447,Ee sulemunde entha antha edi Durga ke gothu <br>But ee suli endha papa nam Harisha prana bitta,Gender
6081,Just shameful eevarella rajakarani gala?,Political
5431,Halal khora,Religion
3739,Shata Sule maga ninu,Gender
4748,D Boss dagar ge saktagi closes tagotha idare nama boss,Gender
3417,Useless pratam anta ella ankondidare,Gender
1889,Ee chanallu darshan shatanu kitkolake agodilla,Others
4875,Nakan Sonu?????????? nima-----n,Gender
469,Pavithra ge Naresh aasti nodi aase ayta... <br>Naresh ge pavithra aunty aasti nodi aase ayta..<br><br>Fully confused. <br>Upendra song nenpu bantu.<br>Aasti nodi aase ayta...!!! <br>????????????,Others
5708,Yaru support madlila siraj bai Ella support madididre chemagirthithu,Gender
6737,Dhanya vittu Congress ge serodu beda alle henu kittu gudde akilla ivaga illenu kittu gudde aakthare,Political
644,Eshtu varshadinda barada rools eevaga yake banthu...nimge anu Kaditha unta makkalrað¡ niv heluvage an nadiyolla..,Violence
1416,E Bevarsi munde saibeku aa devr idre,Gender
3370, thuu yen aduu iden show na illa mattonda.. Yako bere anstaide,Others
2784,Ee turqas mele innu hatred jasti aytu ee naija kathe cinema nodi,Religion
6147,ninu 5varsha edde peddaramayya ninu havige bandu mathadu thu 10kg akki kotru matadilla BJP ninu sayatha ediyalla,Political
2416,Hutatma anti Alla Tayi aa randi maganige namardha sooli maga,Gender
1470,"Sri rangam, Hampae, halebidu somanatha temple, Nearly thousands of temples ella haal madi bitru aagin kaladalli ee turukus",Religion
297,"Astorolagagale, kala meeriruttade. Neevu sayuva varegu kanneridutta koragi sayutteeri<br><br>Jai BJP, Jai Modi, Jai Bhajarangi",Others
227,Lo bomma ... Yen maha CM ðð,Political
7441,Modalu e RCB franchise boli maklu kannadakke avamana madkonde bandidare adu e namma kannadigarige arta aagtilla,Others
6976,Serial dalli nodi olle valu ankondidde . tu ninna janmakka benki haka,Gender
7449,Loffar BTV News eddu .E loffar sonu inda yast jana Hudugirru algthidaree Gotha .<br>And avluna Estodu interview maduva avashya katy etha?,Gender
732,Uneducated old men......chikkamagaluralli dk nintaru gellalla.......enne etu,Geo-political
5796,40% bommai bjp tusssss pataki,Political
2752,Laddijeevigalu yenne hakkondu makade malagbittavre ??. Suvver Bekson gullenari ange kantane,Gender
6062,Amma shanthi magalu disko shanthi nijvaglu intha amma ge ivlu maglu annodhakku nachike aguthe ??????,Gender
4628,Namdu country Li yeniki edhare muslim havru get last,Religion
1841,first kannada kalisi nantara adhikara koduva kelasa congress madbeku..namdu karnataka,Political
4182,"2 Muddada Makkalu nenapagalilva. Namage Aa Makkalu , Suchindra Prasad avarannu nodi kanniru bantu<br>Ennu Yestu maduve aagi Thali yeno",Gender
5595,Ley ninna buddi enagittu,Gender
2202,BAADA JAANARRA PRANA HEENDO PARTY BJP GEE DHIKAARRA DHIKAARRA ððð,Political
4135,Gandu thata thika muchkondu duddu thagodu hogi pachko adhu bittu extra yela mathabeda ninu desha drohi aitha <br>Nam purathanaru modalle yellidare tirkondu tinu parvagila adhre turukara sahavasa madabedi antha <br>Adhare swlpa Jana nimantoru t...... Ke hogidira nachike agabeku,Gender
401,Nanu matte nanna sadhane??,Others
6651,Lo thukaali ninantha sule makkalinindha raaaajakeeeya e sthithi,Gender
5902,Ayyyo sulle munde Dod Dagar alva nenu nen inda nem mannevrge maryade kodthara,Gender
7893,raja Hari Singh madiddrinda ishtella agtirodu avanna bandhisbekittu,Violence
163,Kerala dalli gandasru ellva sabru du chipore eroda chutya keraliyans tu niv hijadas allva,Gender
2834,chaddi anchor<br> chaddipratam,Gender
90,Adu yav sudagad ground maraya,Geo-political
5523,Super bucket tv fabulous bucket hiditira inta kittodavarann tandu nim channel maryade haraju hakirodakke jai,Others
7054,Nachike agodilva ninge e rithi batte akond bandidiyalla adralli nima ammanigadru buddi illva dissent agi batte ako bamma antha heloke,Gender
2660,Yen speaker louda ð,Political
4053,Loper munde,Gender
7152,muduka(manemuruka) neenu namma naadinalli huttidde dodda durantha,Geo-political
7249,LE SOOLE FIRST NEENU FULL BATTE HAAKU AAMELE AVLU FULL BATTE HAAKTAALE .TV SHOW ANDRE SEX SHOW ANTA ANKONDRA.,Gender
7999,Ivalu dodu saiko Mundae intavarige Pakistan iss avare kaige sigakondre talekadithare ????????avra amma ninge bele koduthila bevarsi Mundae sulemundae bega sathuhogu,Gender
6526,Thu evara janmakey,Gender
570,Lo btv sule makla bucket  hidyodu  bidro sule makla btv,Violence
1453,Boss e mundena modlu kalsi plz....,Gender
3512,Avurukuda mukili adisko bevarsi hengse,Gender
808,Chief talk meghana,Gender
2611,babur obba loafer muslim sulemaga,Religion
2147,Tho nimma awara expression iwara expression nodta posiolety madtira,Gender
5550,Ade mirror munde ninyhkandu madiddu ede room nalla,Gender
7334,Aa bosudi Afghani na kithu bisaki from indians league ....,Geo-political
457,Amma nige hege matadthavle nodi chu<br>Enta makllu edre uddara,Gender
393,Tv 9 chanale manna haka yenella news haktira alli freedom parkalli 8dina aitu nhm ola guttige ukararu strike madatirodu e new chanel davarige kantilva nimma chanel benki bila,Others
296,Gandu ashwath narayana khojja idda haga idda di,Political
3725,Komuvadhi soole maklu indha dheshada bhavishya  halkthirodu...,Violence
3673,Haadaragitti  evla mate ashyya agatte,Gender
6387,andre congress bandre bargala confirm anta,Political
579,"Full collection, bitti mamsa jamaisu, engil nan makalu thu bevarsi politics",Political
4781,"le bewrsi sonu gowda,karnatkad yala henmakalu nin trah bte bichi fames agla yala henmaklu nin trah ne irla yaladro road nli sigo ninge chpllli kithogohage hoditene tho lofar munde ninge ashte maryade idre igle susaid maadko saai",Gender
4326,Ayya Tatha 1kg mutton beliyoke 6 kgs vegitarian food beku like hullu kalugalu etc beku hogi Turkra jote bigatana madappa yaru beda andru ninage,Religion
7576,Ninu Diana thinvnu,Religion
972,1 kg mattun thagindidiya manege hogi thindu ucche hoidu malokko moduka. Nibba cross beeja.chakka nann maga,Gender
5581,Bigboss yava nan maga nodallla...yavnu contest sari illa..biggboss nadesikosuru sari illa...yella floop,Others
6748,Edhu interview thuu ??,Others
1792,Etthi bisakri guru,Gender
7089,hero antu agalilla.. evaga dwesha harad tavne.. madu madu..,Gender
5676,Enta nayegalinda le namma desha halagta erodu...kottero koduge terrorism matra.,Violence
2574,Looo btv chanel thika nayi Mari keydru yene agli prapanchdalli thumba Jana hennu makklu pizza hut Domino&#39;s matte donzo Zomato antha dudkondu thintha edare adre evlu mana mariyade harahakondu jivna madtha edale thuuu evl janmakke Nan sata madga yeddu nadiye side ge leee dagar....,Gender
1598,Estu kachada actor bere industry li ella,Gender
4543,Where is your nude video bath room ????? thorse illa ð¤£ð¤£ð¤£,Gender
1658,idella Fake Kashmir Files produced by BJP Andhbhakta bari sympathy goskara 2024 elections,Geo-political
2821,Tunny ninge aa turkigalade bekenamma namdu bedva?,Religion
1650,Muslims support 50% maadode e SC ST OBC Jana BJP en maadidru samadhana illa ivrge ð??? modlu ninu tio mudka mutton chicken amele avrna saako katiya modlu nin tinkoo chennagi ð???ð???ð??? ivatho naale  hogtiya mundin generation gu wrong information kotte hogtidyaa,Religion
6660,Chaddi collge ge hogbedi .,Others
473,Lo gaandu kashmir files du gottagutte Muslims mattu congress enu anta,Religion
5360,"First hindu blood iddavaru, Congress mattu avara maitri paksha kke vote haajbedi. Congress nirnama madi.",Religion
8054,Le mab sulemagane,Gender
2127,Ninnammman sulemunde. Nin Dodd dagar ninna first show inda karnatak Dinda orgade hakbeku,Gender
2549,nammoru antha oggu munjjii madi kalsthare ee muslimaru,Religion
7162,Thu lowda   nows edu,Gender
2855,Sonu gowda mindri,Gender
5166,Avajjanna Kj Halli DJ Halli ge ondu week bittu banree sari aguthe,Geo-political
1732,Haudappa neenu raajbhavanadalle pramaan maadi hudugijothe malgiddu,Political
646,Le mejastic alli 5rs ge keiskollo hijabi soolemundeððð,Religion
6801,Siddu Mulla khanð  yaak beku ee jeevana,Religion
1437,Thuuu nin janmakke ee hengsu ivalige huttidala?,Gender
3462,Stupid megana beka ee thara ninge,Gender
4470,Boot  nekko  modi  gulamare <br>King  kohli... Arshdeep. Shammi <br>Best performance,Others
1676,"<a href=""https://www.youtube.com/watch?v=QdUAOW1fvyk&amp;t=2m26s"">2:26</a> ali nod guru pusur pusr antha helkodthoul reporter???? <br>nkn ad AVL hanebaraha anthe thu???????",Gender
1390,<br>Kashmirakke hogi Horata madoke yenadru Sangatane madthiya elvalla...? <br> Yella Samaanya jana Yaro barbeku bandu Namnella Uddara madbeku anno brame alle kaala kalithivi... Ade Politicians ge Vote Bank.. ,Others
6445,Pratham chedi aku neenu hogi,Gender
3345,"ð Sasyahari galaagri sasya beledu tinri Andre, Raita kaayde virodisi eega ino desha drohi helike Kodoke bandeya mudi Soole magane..!!  Neebba Anaagareeka Soolemaga...!!  Hogale..!! ð¤·ð»ð¤·ð»ð¤·ð»",Gender
7878,nange permission kotre ivagle aa huch hadshi makkalanna suttu koltini,Violence
6841,Cha marid yav aadharagalilla keva drama sury yembh sulemaga keval komuvad kall Yilikke helodu supari kole madisode Evan kelasa sullin saradaararu,Political
4586,nara hantakarannu yavattu bidabardu,Violence
6848,Modine  kannada  matadakke try madtare  evlu yavalo matadillandre eshtu durankara erbeku allva,Gender
580,Mindri soolemaga kageriððððð,Political
2505,Shatad interview tagolorge shatadalli hodibeku .,Others
7111,Arun yalli Sonu lowdaððð,Gender
5331,Changlu mudevi sade pallav munde,Gender
5642,Well said sisterðMuslim ugragami soolemundediru hijab beku anta boglodu,Religion
6351,"Ee darshan establish agidde Dr Raj na  indirect agi moodalisiknodu. Namma thandege sthanmana siglilla, avarathara , navagruha antha ellaranu kalehai picture madi. Dr Raj avara Naya Vinaya nu ellastadaru maigoodisi kolli egaladru",Others
2492,devru muslim anta huttirorige manushyatwane kottilla yake anta gottilla,Religion
1593,Thika muchkond iro lo pratham,Gender
2102,Dengi devru madodu andre ede erbeku ??????,Others
6168,Pratham nin avvan...elli narasipura elli kashmira...pratham akkan dengi,Gender
3222,avanu helida video torsi ..nimma purana yarige beku nayi nann maklu,Gender
2118,"@Sinan Chinnu aa soolemaklige yake explain madtiri bro. Naayi baaala donku.. auru ene comment madli, saayli bidi auru.",Others
4074,Jai vikash ann . Ugi mundege thuuu sonu lowda,Gender
769,Hijaab haakuvarali irodu bedhabava inthavarannu College alli serida baradu,Religion
3714,Neer rajakarani galu bitbittu nilsake cinema davru road ge barbeka? ?? Siddaramaullah khan ge kelu hogaley ??,Political
51,U idiot girl thu avrammn,Gender
7032,Ninna bettale video madida room torsu,Gender
6560,Miss you harish????...changlu avlu thuuuu,Gender
7386,Sadhane ?? magalu madiddana Tayayi samarthane ?? yaaru madbarda tappu madidala ? Avr manelu hen maklu ilva - e Tara eddidre maneli chaplili hod du aache haaktidve,Gender
139,thu nin Janmake nachike agalva antha holle huduganighe mosa maddalla ninnidane avnu sattidhu ninu nijja uddara agalla stupid,Gender
7518,ivla Bayalli Hasuvina ganjala Haki Kannada Barutte,Gender
5987,ella desha looti madavre,Geo-political
1906,alla guru swalpa nadru ivagle ond intrview Li eng behave madbeku annode gotila en guru ivalu yappa,Gender
7574,Dayavittu elru aajan mattu madarasa eradu ban aagbeku,Religion
3445,Thoo ninn mokke ninn maglige sariyagi bhuddi kalisi illandre ekkada takond hoditare,Gender
5549,Daggar Sonu louda,Gender
1094,E byawarsi hindu galu Muslim gals annu pregnant madi cheat madthare adhu agbahudu idhu agalla soole makhlu,Religion
4597,"Sidramullah khan ge thika urithide, Raitharige 5 laksha sala badi illade kodthidarre Bommai sarkara Adake",Political
1116,kashmir files The Bollywood Khan Mafia tumba try madide ee movie na stop madlikke. There are many Hafiz saeed&#39;s and Dawood&#39;s in Bollywood,Political
1498,"Modlu e holasu muslim paxa congress nu mattu Islam dharmavannu deshadinda ban maadi????????. Ivattu Devara naadu anta karesikonda Kerala ivattu islamic state aguttide, pak, afghanistan aguttide. Dayavittu namma Kerala vannu kaapaadi. ????????????",Political
3813,Evlige tumba attidude,Gender
1857,Cha aste marilla ....India ne maariddare,Political
959,Love u vikas over acting... Ningu thorsidale ansutthe vikasaaaa,Gender
4497,Media yella shata lekka !! Dboss enu antha namge gothu sullay Makla bere news hudukro,Gender
372,Yeno heavy support madkond thumba hogultha idralla ivla kachada kithodh fans nodrappa nim mane hudgi na avra ammange yav range ge maryadhe kodthale antha . Innocent innocent ankondu thale mele hathi koorskoli Inna ?????? av lu avla fans yella kithodhavre,Gender
210,Samadanadinda kello aviveki modallu mulla ji bjp,Political
6633,Nim avva Nan jote drama madiradke nin huttiddu chtya Nan magne,Gender
1826,stalin direct neer kelidre evaru kodtidra,Political
1043,Innu e kannalli yenen nodbekoo????????<br><br>Inthavrnella next generation avru role model agi tagonbekaa?<br><br>Adke naan big boobs (Big boss) nodala???????????<br>Pure BULLSHIT ??,Others
1173,Sir evaru sullu kate katti hindu muslim madya jagala hacho kutantra evardu e huchu sulemaganige kelasa ella adakke,Religion
3011,En speaker neevu enri helthidira nachike agalva full state li matter hagiro matter bagge helilla andre matadodu bedva en sir neevu,Political
6240,Mannige Anna Tintara ??Arta aagilla nange mann tintiro anna tintiro first decide madi,Others
7498,Sarakar education haalu madidhu order thandhu,Political
5720,E sule na yake promote madta idira,Gender
4028,Untouchability cast system practice mado manuvadhigalige hodire yen adru thagondu,Religion
33,"Suppose endru Kashmir davrege aytu Kashmir na pak ge betteve hogi anta elduru evga avru hogalla ast hallagede evga Pakistana,India Dali ero freedom avrge ale segola anod avrgu gotu",Geo-political
1242,Nin sampradaya palsodala nin dagar Sonu gu sampradaya elkodu yata sampradaya elkotidiya aval Sonu dagar akka nu ede samskrutina,Gender
3310,Tuu btv tuu yaran karibeku yarana bidabeku gotta agala,Gender
5098,Sonu starting attakke erbitlu amel biddodlu,Gender
4565,ni Nan Shanta k huttidið bolimaga yav gandso ninu,Gender
361,Evl Yaro Mangun Tullu.... Evle Crct agi Batte Hakilla....... papa Avr Ammange Helta avle....<br>Sonu Gowda Nin Bayige nan Frd Lowda...,Gender
2808,@Gowda nimma avva sathaga sms maadoo sulamagana yashatta janakka uatidhiyoo sulamagana thu nunnamun,Gender
6606,Yappa punyatma mahanubhava neenu mamsa aadru thinnu sasya aadru thinnu neenu thinku BJP GU Mr basavaraj bommai gu enappa sambadha <br><br>HINDUSTANA YAVATHU HINDU GALA DESHA NE BERE DESHA AGOKE BIDALLA <br><br>THIKLU THIKLU THARA MATHADODU BIDAPPA <br><br>INNU 25 YEARS BJP NA ALLADSAKKE AGALLA BIDAPPA <br><br>HOGI THINNU MAMSA THINDRE SNEHA IRUTHA,Political
3732,Nakkan adyaavane aagirli thappige shikshe aagle beku yaavde kaarnakku bidbedi boss narka thorsi ??,Gender
7770,Evanie dgam thakatthu  jasthi thu nina jhanmkke,Others
303,"Le mudiya baadu thindu malakko hogu, saabara tunne kudi",Religion
1396,Nene dodda Kalla matte aa madrasi bagge en heltiya,Geo-political
5116,Hijab Keval targatiyallondealla deshadadynta byan Aagabeku nodi avara kannu bittu bereyenu kanasadeeilla eidrrinda yaradru komuvadigalu uopyoga tagoltare terarist kandahage kanatare mundodina yaradru komuvadigalu uopyoga tagoltare Jai shree Ram good job ðððððððððððððððððððð thanks Jai shree Ram Jai mata di jai shree krishna jai bharat mata ki jai jai modi vishw guru Modiji,Religion
5858,tuu nim mukakke estu evlge yavaga Kai kodtano,Gender
3500,Evala chatakke makkalu bali,Gender
5737,Sulle maklu BJP sarkara,Political
6191,TRP goskara sulle nala interview madthira,Gender
2860,"Ondu seriousness illa CM ge, budget mandisodu higena!! Unfit fellow",Political
4756,Bolimaklu nimge dum idre jatka cut tindu torisi..,Violence
5444,Kushi astu oleya hudgana dp na miss madhakondu ninuu bad girl,Gender
6215,Hindu Muslim godi mediai ivarige enu gottu,Religion
6013,Nim ammangu nin dagar avtara notakhagtilla yavaga saitiya anta helatara Ede  mukada experience tuu nindu ondu janmana,Gender
4779,Le kuduka Sule Magne appu hodaga pakisthan fans kuda shradanjali cadle hacodara mulaka sallisidru.. it mean kalege bashe ella. Nin obba nata hagi Yaru helbarda mathu helodke elru ninja doora ettidare... Sulemagne. Edu rajkiya vishya thadaka,Gender
1885,Khan gress lofers histroy ni tiruchide lofer Hindus indigu Khan gress ge vote haktare,Religion
7707,Supreme court love marriage virodhi asali,Others
2219,??@Rio de janaironinamman tullera????ne nin bandvala????,Others
1645,Thayi ge gowrava kodtila e bosudi sonu <br>Hetha ammanige bele kodtilla muka tirgustale Braman mistake hennagi hutbitdiya adke nam troll brothers nenna sumane bittidare trolleys yellaru kettavaralla nav curectagidare avaru yak matadtare nenu expose madode life andkobitdya batte bichine famous agbekanta ella,Gender
7638,BJP na beru sametha kithhu haki,Political
6961,ANTHA  KACHADA NAYI ENNU BADUKIDANE ANDRE WTS NONSENCE.. ENTHAVARNA SAYISBEKU,Violence
4175,Mamsa thindu nilsidre namma raitharu uddara agthare  road mele bisadodu nilluthe,Violence
5196,Pakistan hogi kogu dikarana,Geo-political
7967,Otu time yella idella film..adu muslim alla tererrist,Religion
7595,aaa movie nange artane aglila yesto jana movie nodavaga madyadale yedu odru,Others
7998,bjp solu guarentee only 35 seat will win,Political
1021,Papaa broo sathya thilidhe video sikthu antha troll madbidadha,Gender
7347,ADIKKE NAMMA KANNADA INDUSTRY IVATHU NAALAYAK AGIRODHUððððððð<br>YAARU MOOSU NODTHA ILLA...<br><br>JAI KARNATAKA...,Geo-political
7776,Mia khalif replacement,Gender
2228,Abhimanigala abhimanakke runi agiri...abhimanigalidare antha jaasti loose tongue tara mathadbedi sir...yethbidtini...thale kaditini...adella mathalla,Others
7367,Sida heava sime naayaka matetedare musalmanara para matanaduva tipu santana,Political
2511,"A tukali nanna magne,",Gender
7844,Hello  pragegale  e  3 pakshagalu bedapakshethara barabeku  aaga ivarige buddi baruthe,Political
6668,Ellaa kalaavidarukopisikolluva modalu Raajkumaaravarannu omme nenapisikolli,Gender
350,Nendu bari sadhne guru,Others
5301,Idu congress jantuhula kakka dinda hegatane bandide swlpa hottu oddadutte.,Political
3895,Mannige anna ??,Others
2575,Halla Amma yaru mad de ero thappu madidala anthiralla  yen helbeku idakke ??????????????????????????,Gender
6200,Thai namskara .. One mother like u is enough thu .. U also make one video n release Alva .. Yella are doing,Gender
796,tirukanannu love maadu aadare turaknannu doora idu,Religion
754,Eddakke karana adavna terarrist sayisbeku ð ðððªð¹âï¸âï¸âï¸â°ï¸,Violence
3374,"Congress navaru kivige hoovina badalu, kitthogiro kera thagondu katkondre olledu",Political
2114,"One doubt nin thamma nin video nodila 18, min du ????",Gender
1203,Yentha Sulege Janma Kote Tayi,Gender
3753,NINNA TODE   EDE BHAGHA TORISBEDA....IDAKKINTHA NINNA PARENTS SATHODRENE OLLEDU....,Gender
2400,Hadashi maklaa ibbru,Gender
3829,Loo keppar tullugale yar yargu agalla agodilla avarigoskara nivu yaka kittadta idiraaaa,Gender
694,Turkanige.huttidya,Gender
6948,Nin mukali hattar huch suli magana gorige hogati mamsa tinnti olaga kapastaiti ninga mammagana muchkund kashaya kuddu malko omecron,Gender
6162,B J P Andre <br>BharathADALLI muslimara mele jagala madu annatte,Religion
1516,Thuuu fake sulemakkla????????????,Gender
3203,e yappa satru yocnhe madadiravalu ivalu tu nimmantavarinda love ge belene illa Nam henmaklige belene illa,Gender
7733,Evaba 420 bhayotpadaka,Violence
7520,ivanobba huch sule maga hsm,Others
1502,Modlu aga adhikara idda thukali sarkara na chappalili hodibeku bolimaklanna madbeku,Political
5628,terrorist ge support madi namma desha dalli irovara prana tegedu pakistan india ondu mado jati ee congress du,Geo-political
4828,ivarigella yaru kelsa kodtare avaru kai tatti duddu kelakke layakku,Gender
7295,Thu soole munde ningyak bandittu intha durbuddhi,Gender
2461,Hindu Rashatra bagge dikkar hakuva ninu desh katto ninu muslimaru ninage baanvaru hindugala haad hagale kole maadidavru ninna bandugalu che nayi Hindu aagi huttidde ninu duranta.,Religion
6151,"@Nihal Suchethan nin akka thangi nu ide thara yargadru kalsirtare bro?? Ning gottiralla ashte, cz adu viral aagiralla",Gender
6588,kannada Jana are poor and enu buddhi illa kachadagalu,Violence
7918,"Illi komuvada agthirodu a alkut modi maadsiro movie irbohudu idu.baavanthmakavaagi sayisodu Sathya, illi comments maadiro sule maklige a nirmapaka courtnalli kaalpanika antha eli release maadirodu. ",Political
6027,ee movie sullu madhu sir ??,Others
5189,Nim amma entha magalu huttidale anthe chita madutidre,Gender
7997,Sulemakla Scripted  publicity,Others
2969,"Sir. Bari cinema mathrana ne ondhu industry na. Delivery jobs madorige, civil engineers ge, road side alli vyapara madorige yenu support elva anna. Bari cinema cinema cinema cinema. Thu sak aiythu",Others
2173,"BJP Preritaru kelvaru janaranna,Jaati,Dharma,mandira masjidi,Love Jihad,Mannu Masi anta heli 20% percent Muslims ranna neechavagi torisi 80% Hundugalu Naija samasyegalinda janara dikku tappiso hunnara bittu intaha apadanegalalli yavude satya iruvudilla...Jana intaha mosada aata dinda yavag yachettukoltaro...?edu nijavagidre kendradalli sarkara yaraddu ? Innuvarege yaake yavude karyacharane yagilla?Swalpa jana yochis nodbeku...",Political
7476,Est Dena yealli shata thrithaedha suley magne  .Enna swlpa Dena thadi nenna convert. Madthrey ðððððððððð,Violence
5432,Pratham yaakappa history gotilde herogiri madak bartira.,Gender
2888,Inta shameful lady  yarig example agbekagide.... Idaralle gottagatte Karnataka Andre estu uri anta????,Gender
5448,bolimagana CM age relaxation kodu frist,Political
3304,Ayo nin akkan tukali Sonu  ware wah drama ha ..tu,Gender
6962,Nachike agbeku nimabaige mannaka,Gender
7651,samaya bandaga jana tamma colors torastare,Others
2811,Sule munde ivalu esht janara jote malagidalo,Gender
6886,Hijab hakdre nimge yen tondre bolimakla nio pata madi ð¡ð¡ð¡ð¡,Religion
4401,"Yaaru saacha alla anthe, yella nin thara ne irthara",Gender
3131,Evreella yava seme celebrate galu hugri bucket TV GE thu nim janmukke .....,Others
7685,Chrtian schoolge kalsithiro appa amma evara mathu kelabeku egagale hardha hindu samsrukthi halagide.,Religion
8027,Makkalannu yenisalla avalige avalige avala sukave  hehaithu,Gender
2093,Thikalu baddetadu gundittu saysi ivaranna,Violence
1691,Psi scam giraki Ashwath narayana,Political
895,Naveen sulemagne comments off anko ????,Gender
5135,Tindu sai aa mamsadalli swalpa visha hako,Violence
4956,Sidramayya mathu chanagide antha nammbakke hogbedi,Political
3143,Aythu nim du ke bashana nilsi â¦. Modlu hogi KASHMIR FILES di,Geo-political
6855,Lo sonu modlu tayige respect kodu. Shs ur mother respect her... ad bittu kal mel kaal haki tundu batte haaki kosiyodallla.... madidde halka kelsa adrallli bere tayige hangiru hingiru anta heli kodtale...hengirbeku anta ninge nin taayi heli kottididre neen ee tara maana haraj hakki elllra baayallli troll aaagtirlillla... innnadru buddi kali... modalu traditional aagi batte hakodakke kali... useleff feloows,Gender
3646,Muslims na Pakistan kke Kalisbeku . Illa andre Navu Nam Bharatha deshadalli Nemmadiyagi Iroke Agolla.,Religion
7860,thuuuuuuuuuu u u ùuuuuuuuuuuuuuuuuu ninu oblu hensa hennina kulakke avamana,Gender
5856,En Tunni budget helodu yavdu madalla 420 bjp,Political
2485,En sadne madidale thuu evl janmake bari buildup dove rani. Yalar manelu henn maklu edare adre ethara yaru ella.evl video bandagindha nan ganda yavaglu nange ph muttoke bidtila thuu. Evlu yaru en sadne madidale antha yala chanal intruew madtidira. Avlge swalpanu parchatapa agtila avl akkiro batte mathado rethi nodidre inthovlna nam karnataka bittu hodisbeku ansuthe thuu evl jalmake hennagi utti intha kelsa madi janada munde yenu agila nand enu nodila anothara buildup kodtale chiii??????,Gender
4033,Hyee dagar papaa nim Ammang matadok bidu,Gender
591,Congress Party Gulamaru Seculargalu Kashmir Files Filmnnu Nodabeku Jai Hindutwa Jai Hindu Dharma Jai Shree Ram,Political
205,Yav sanskriti tandidare ??? Bomb ? Love jihad ? Cow theft?? Illegal slaughters?? Riots ?? Idena sanskriti !??? Nev matadbekadre dkond matadi,Religion
744,Nimmanthavaru alli irbekitthu<br>Aa time alli...<br>Aaga gotthagtitthu...ninge.<br>Tholagu....,Others
3746,"idannella Syed Siddaramaiah Khan ge heli.. nodli idella avanu.. Muslims are ready  Hindus jote aramagi iralu... But Syed Siddaramaiah Khan nantavaru ella haal madtavre (so called secular people)  Syed Siddaramaiah Khan ge gottilla ansatte yavaga Mysore Files film will come, first avana makkalu mommakkalu irtare adralli",Religion
6821,Sullu siddharamayya,Political
641,Oho oho jai dev lofer ninu I knw yur lofer mindnin enen msg kalsidiya married women ge anta gottu,Gender
1649,Kalu anda bakthara kunndaga kodi sariyagthada avaga ee muslimarige khushi agbahudu,Religion
789,Yelru wait Maadi avldu Instagram I&#39;d ban maadstini?? 2 days alli,Gender
2273,Kashmir Pandits ge anyaya adaga Elli hodidappa,Religion
1495,Ivalu yaru I can&#39;t annodake  modlu hodsi illinda,Gender
2570,Tata muslim beda e rastra dali,Religion
1271,Avvnuu idddidduu Rubbbbi <br>Addu bitttu samdana maddo avvshkathe  ella <br>Because yarru yennu Sacha ahalla <br>Antha thapppu na thilkonduu eddalee <br>So,Others
7750,Tika muchkondi hogoloe loude....saabru court adesha follow maadu anta helola bandbita nimavan jati na keya,Gender
3618,Nkn sule munde gal nella karkondh show mado tirke nan maklu media shatad sule madklu reality gu reel gu.<br><br><br>There is no value for JOURNALISM ITSSELF,Gender
2295,Mele yaruvaga adara doora oupenadida mahabavo bjp MP 124 janrana saeisza eida henta hocha sulatana helidu bjp vimorcha adyaksha baratada durdyava  eivru jalinanli eirabekagitu modhi sir samrajyadali Anya madavatu jalinida horage rirataru,Political
2463,Bevarsi TV ge inyav celebrity sikthare ????????,Gender
3319,Ee sule baayi enda &quot;kannada&quot;anno ond chinnad word baradu bek agilla enthav enda nam kannada bhashe yn kelag hogalla??.........  kannada matadake asadde madoru 5%huuula galu edde ertave ennu 95% Jana Hemme enda mathadtare nam kannada na ??,Gender
3070,Nim Amman pinda,Gender
6136,First neenu nododh bidu..ogidallappa neenunu Tamil alli maatad kondu film release maadake..nin film alli odalla antha uri ninge..,Others
3851,@Gowda nimma avva sothoogidhala thithi yaavaga lofer ninu sothoogu evathu haalu thuppa bedtharaa,Gender
5420,"Nangenu arthane agilla halal bagge mathadilla illi sasyahari bagge mathadtidare, en gift kotidare sangeetha, kashmir al bayothpadane kashir panditarannu odsdaga,nam devsthanagalna chidra chidra maddhaga, 15 nimsha time kodi yalla hindugalna mugsbidtini andaga yallogitappa ee sokku ee rosha vesha, tv channel avr munde e helbit hero agbidona 1kg mutton thangondu wow secular guy",Religion
4478,sule munde,Gender
148,Rip sonu gowda tika blast agirabeku superb vikas,Gender
1398,Super vikas Anna super Sonu bosudi,Gender
3538,Congress avaru Hoovu ittikondre BJP avaru Lalbag ne eduthare.,Political
524,Eee pratham yaaaw bwc.... Iwanige itihaasa abcd gothilla... Naayi tara bogalta iddaane.. Loafer....,Gender
4596,thumba chennagidale hudgiðð¥°thullu cleanidare chennagi keyyabaku.thullu tight irbahudhu ðð¥°ð¥°ð¥°ð¥°ð¥°,Gender
7673,Bere yenu news elllva nimge yake interview madtideya  evarana janake enu news kodtidera edirida,Others
2177,Nim appa huch sule magan,Gender
4383,Loper sule magane jds avren nin hendthi dengidra ella nin Amman kedidra boli magane,Political
6128,Miss Sonu Madoke bere kelsa ila andre hudki madi ethara worst agi home tour madi  don&#39;t waste your precious time Jana machilandru parvagila devru mecho hage madi swalpa nima life na meaning ful agi  lead madi... god bless you,Gender
1291,Avlaa buddi ele gotagtaa ede.. Avlaa tayigene... Evlu maryade kodtaa elaa.. Avraa tayi mundene kal mele kalna akond kuthavle.. Thu ????,Gender
5351,"Nin Kurukshetra Robert moviesge hogi bere rajyagallalli Kai chaachidaga yellogittu Swami ee maryade nindu. Nam tatte varigu bandre matrana gottagodu. Kannada cinema antiralla.. neevenu film Maadi laaba namge kodta edira Swami. Bere film Elli dudd madiru tax govtge hogodu, neen madidru tax governmentge hogodu.<br>Sambandane eeralla Elli nadita erodenu neen maatadta erodenu. Olle cinema madidre yellaru support madtare 1st olle cinema Maadi aaga Jana nodilla anta helu.<br>Stop making useless statements and learn how to act and make films first handitara tindu kudidu deha belasadre saldu buddi belsko. Chutiya",Geo-political
5254,Evlna Pakistan ge kalsi,Geo-political
1848,rakesh papanna bandre ninu hucche huykothiyaa sandesh ninu,Gender
7972,Un  nalayak c m entha sava,Political
2237,E thu thu media dhavaru entha news ge bega odi odi barthare ade nam d boss film release day ge obru bandilla,Others
4763,@Pradeep Kumar Narayanappa Shiroorkar  yaw topic ge yen matadtiya.. jai sree ram andre ningenaythu? Yarg huttidya?,Religion
5044,"Kurubaagedru Evanege reservation eedaru govt kelasa seegade vokkaligara sahayadeenda accidental AHINDA CM aada eevanu.. Yto Jana reservationeelade Govt employee agee jevana sarthaka madekondedaree.. Eevanu duduu maderodu evanu makalana dedree gothaguthadee.. Yella wastebodygaleu eetara beleyodu..Evanu helo kathee bare bogus...samanya Janara jeevana bere swamy.. Karnatakadale Yto Ramaiah eedaree.. Yaru neentara Ella.. Yaru neentara Kiuruba antha helkondu beledela swamy.. Nenu Kuruba agee huteede Neena qualification.. Bereawarege compare madedree neenu yeenu badava alla bedree.. Neenudu hindideshada hybrid family....Evandu Mysore maharajaru Tara Pan India Maharajara level.. Yte aadaru evarugalu pan India golla,kuruba,dalitara bracketge seredava..",Political
4091,gandstana ille iru gandasu,Gender
5689,Aa sulle maklna sumne bidbarddu,Gender
6409,"Ban her coming to india, avag buddi barate e bewarsi Gul gee",Gender
4052,Are bapre 1 kg nentey maganeashte saaka innu enu kodtira ee bosadigalige,Gender
4523,Idu thika ganchali    ivalige ide next,Gender
519,Koli na oddu odsi ipl endane ban madbeku,Gender
4962,Nindu leack agiddu video upload madu nodbeku nan nindu sonu,Gender
4602,Hoge muslim shata kelu nenu Nenaman bosaDK sule magane.,Religion
422,pork tinnu sulemagne musalmana,Religion
4072,"Ri nivella sinima bagge math adta ediro ella hindu, Muslim gala noduve birukannu untu madtidiro Thu nimma, edu ondu news channel a..nivella deaha drohi gala le. <br>???????",Others
3603,Soole makle rss aur amman keyybek,Political
2423,Yappa en durankara evlge.....ali yav girls smoke madalla evlu oble tuuu en baralla over acting ge en kammi ella .....evlge yaru vote madta ella adru yake edalo arta agtila ??,Gender
304,Nodthini ninna dummaboss shateranigen kombu edya,Others
6333,First a sule magnige hodibeke tayna keyya carectagi matadoke Kali le ninnamman nimmantavre jati jati anta saytirallo thu,Religion
5603,"1st of all shame on you BTV, to bring this kind of people for interview.. just for TRP",Others
214,Tika muka eradu kade bhajari batting,Gender
6077,devru anta idre ningr satta melu Elli nemmadi kodade ietane,Others
6489,Eee B TV boli maklige met metali odibeku .. sonu kadak answer anta bere akavre .... Arda e media endane enta room edda dagargalella tv channel alli bandavre,Violence
6244, nim moun tulla randi magan,Gender
563,Darshan belita iddare avrige hechhu fans followers iddare annode ivatt darshan avrige kaarana hinta avamana......modlu indrajith sir sandhesh sir modlu obra vishya na innobra hatra helodanna bidiii......yesht clear aaagi heltiddira modlu nimm ibrigu baibeku.......,Gender
5614,Thu nin janmakke benki haka,Gender
2242,Ashwath Avanamukkakke ugire Avanu Shashakana Stankke Nalak,Political
3999,Uguri makkake bjp nanamakluge,Political
1764,"Nehru the true villan of the Kashmir problems pandits hesaru helkkondu mosa madida deshakke.. Sins of Nehru, indira Gandhi and Rajiv Gandhi ella vapas bantu in the same way of terrorism. God punished Nehru family for their dwesha hindu gala jotege.",Political
7589,"Wow wow!! First of all Huch nai Kachiror thara idd baddor Hinde yella hogi Kannada Mathadi, hanganni hinganni annod bidri. Nachke Agalva ee TV Navrige. Avrenu nim maneliro 3rd standard maguna ? Hadu helu, dance Madu and takshana kuniyoke ? Nim mane kelsdora avru. ? Niv helidnella helbaka ? Illandre baying bandange henmakligella baytira. Namma Karnatakada mana maryadenella mooru Kasige Haraajakta Idira. Thu ee mediadavru. Hyderabad averagi Avryakri RCB support madtare? Kannada sportsperson Chennaige hogi. Whistle podu Andre sumnirtira ?",Geo-political
3035,Wold alli 57 muslim contry alle eshto varsha dinda hindu galu kelsa madtha eddare ..awarella enu mathantara aagbitra edella bjp sule makla vote bank politics ashte,Political
4093,yena.rajakarnigalu..YEKVACHANADLI.MATHDTHI...AKARGE.DESPANDY.APATIL..SUSMSRUTHANAGU..YEN.RAVDIJM.THara.gadaresoda.bidu..,Political
3032,"Guru 1 girl life spoil aadaru kuda idu international news, forget about numbers, just see the Maintality of islam people",Religion
5951,"1947 ninda 3-4 lakhs braru girls inter caste marriage agide, evaga aa brahmru janasankhya 1% ge elidide karnataka state alli nodi next generation ge hennu galu sigta ellavante e kannada bramru galige, Pandit rige pujari galige yaru madve madi kollalla becoz avra Juttu, oonde nama, brahmru girls heighly qualified &amp; ganchali or Inter caste marrige agi diverse kottu single parent agiertare anta hetare public janru, ennu 100 yrs alli desh dalli brahmru erode ella <br>Extent agi hogtare, avrige makjalu only one erodu",Religion
7724,50 kke 50 Jana yodharanna bali togobeku,Violence
2963,"ishtu davalatta ivlige, mentor madida punytma photo kodunindu ??",Gender
2531,Guru bitta karate mele action agabeku bro....a chodimaga sayabeku and a tara brain wash hogaladisabeku....,Violence
6372,Actually Actually Gandchali  nettag kannad amatadak baralla en ee madrasi galdu,Geo-political
7174,Ban BJP rss Bajrang dal,Political
4540,Ninage Bharat Ratna award kodabeku. Sayuva kaladalli Bhatta fish tindu jati kettananthe. Dana thinnuvudu bittu.leader kushi padiseke Kuri mutton thintheya mutton channagi behisu illadidre loose motion anguthe.,Violence
6587,Le Bosdk nale nadiddu Saytiya yak beku le ninge sulemagne,Gender
1482,Neevu bitti buildup tagolodu horgade kannada maatadoke yochane maadtare kevala nodtare yar yargu doddavralla neevu bitti buildup kotti belsodu  namge bele kottorge maatra bele kodri bittakki entornelaa odoru ogtaa erli,Geo-political
536,Haridu hoda tootu,Gender
6822,Bolimagane bomahia,Political
5920,Ivna yar speaker madidh maklu thara adthavre olleð¤¦ââï¸,Political
7793,Pavitra gowda darshan ond room ante ante ..thu ivnobba celebrity .. kachada bolimaga,Gender
3194,Ninnantha maglu idre think madde en madthare,Gender
4313,Only elections gimmick,Political
7379,"Pakistana nodu omme gottagutte, tarle nann maklu kayyara Congress ge votaki visha kudibeku anta yidare baddi makluge gottagtilla Adu visha anta , ketmele buddi bandre yen prayojna helhi, ",Geo-political
3717,Dabba speaker ð¡ð¡,Political
8025,Sulemaga siddukhan,Political
5777,Dove rani preethi hesralli murder madidlu,Gender
6457,"pratham topic bagge mathadu namgenu bejarilla,  adanna bittu huchnanmaga antha helthiyalla nalage swalpa hiditha irli",Gender
3189,"Modalu gandasaru nodbeku<br>Yakandre maneya gandasaru nettagiddidre maneyalli yellaru nettagirthidru<br>Modalu drinks ban maadbdku<br>Aavaga gandasaru nettage manege bandre<br>Yella sariyagutte<br>Ee filmalli bari hennumakkalanna thorsidare, aadre yestond gandu makkalu Muslim hudugina madve aagi, Pranav kalkothidare<br>Edannu thorsidare channagitthu??",Gender
4505,Vayasaada Kona maneg nadi rajakeeya madiddu saku,Political
6330,Ninge ithra nataka adoke Bartha ninge bhu,Gender
1741, ninnatahavaru bhunige bhara hennago badlu gandadru agbarda,Gender
2554,Cm basvarj bomai ninna hatir Bal eill aragendr nar eil BJP,Political
6702,Amma Munda hakkoa batta na adhu nenu first correct agi kuthko,Gender
5911,Psi scam congress navaru madiddar anta nivu madtiddira Tu nim Janmakke.,Political
485,Bolimagane fixing illla yen illa views goskara yeneno helbeda,Gender
4503,Solenanmaga pratham. Huchha na ivanu,Gender
7731,Halal kora,Religion
5317,@Manjunath Bg enge edre tikha oditare,Gender
7102,Nim Boss Biryani tinnakke Hogtare sir  we die together antane Obba Hennumakkala Tandeyagi Modlu avanige Torisbeku,Others
2908,Hindu virodi,Religion
1568,Finals ge RCB v/s Lsg match agbeku. Avnajji avath heavy margin indha win aagi gambir ajja nd Naveen kaka na innu heavy ursbeku bidbeku and even avesh Khan avnig anthu attadskondu hodibeku,Others
1805,Nachke agli avl janmakke,Gender
812,Fraud Ashwath Narayan nive heege madri,Political
6634,Esht janara kade shot hakskondu . Bathle video torsi dudd madi mane katsdri,Gender
7413,Hindusthan sangitha bharthada sangitha Muslim&#39;s sangithalla e murkhanige islamalli music andre haram antha gotthilla mamsa tindu tindu boltagibittavane avara kale avar deshadalli modalu iralilla bharthadalli hege ayithu matthe islam deshada kattadagalu a rithi nirmana vayitu modalu indiada telentgale nirmisiddu avara techlogy alla,Religion
4424,Eee Saab soolemakkklige boot ?? kalalli hodibeku,Violence
149,Lo bjp iddaga male barutte nim Congress bandre bargala,Political
7794,mana mariyade ella thu.....,Gender
300,Yavvvvva bagal gotte illlla nodu,Gender
6520,Ye Malleshappa mund vandina Benni chori hakataralla avag tiliyutte,Violence
1545,Adiveshan heasrlli jagla adtira matte Government duddnna nive loti hoditira janta duddnna maja madtiddira,Political
4181,Neenu 1 kg mamsavannu thegedukondu hogi onchur visha haakond sathoguð¤¦,Violence
5944,yarige bekittu inthadella avar hatra en ide bomb irbek ashte,Gender
3302,700 kotti anthe... thika urkondu urbaglagthane siddaramulla khan... ððððð yelrigu kuthkolli antha order madthane siddaramulla khan... ððððð,Political
4021,"Big boss 10 ge yar yar hogoke ista padtira, ivaginda ne batte bichi kuniyoke start maadi. Ella taayandiru tamma hen maklu na prepare maadi ee mahataayi tara",Gender
7317,Yene heli swamy congress govt bantu andre baragaala anta arta. Daridra paksha adu,Political
8003,Nimma amman Sule magane,Gender
5209,Already obbun saysde. in yarna saystiya,Gender
2529,Lkb Nan makla nimma novvu only Brahmins ge maatra DALIT galige illa,Religion
4556,"Hello Bjp bhaktre, modalu keelu jaati, melu jaati annuvudannu nillisi aamele nimagala pungi ooooooooodi.",Religion
3204,Nimma appa elva nin antha magalu nodi hodi hodra papa avaru nimma antha magalu yarigu beda antha nine kelko deevarali,Gender
4414,Lo neenu first thakath idre government virudha strike madu,Political
3380,ivalu bijapuradalli irabekadavalu benglurgogi ond daravahinalli acting Madi estond sokku Nam hindu darmadalli obbane nodu obbanbe manasalli obbanne madvi agbek evalu evag belitaiddaval istond sokku innu star adre mugitu,Gender
3422,Neenu helodalla edana avaru helbeku gotayata muchkondu manege hogi thandirodana thinnu,Others
7927,"@Bharath NP ðâ¤ Kalaberike Nivugalu, Navu E deshada mulanivasigalu bekidre DNA testige ready edira?",Religion
6365,SULE MUNDE GURU EVALU EDU ONDE MATHU,Gender
2369,Handi nanmaga neenu,Others
418,"British avru Bandaglu Nam jana Yen mathadilla, Congress 70 yr looti madidru koogadlilla, <br>Yaro Obru Prajakeeya andre yaru vote hakalla. <br><br>Vasthavadalli badukodu kaliri avaga Nija yenu annodu Gothaguthe...",Political
3758,Guru neeven gu gambir gu kobu jaste ede naveen career mugethu Aste,Gender
6539,Nam urallu 2 jana sex workers idare avrnu interview maadi ??kachada Chanel ??????,Gender
2878,"Naayitara road mele khanda tagondu tirugabeda yallarannu torisutta yekendre drusti aagi hotte vubbi sattgittu hogi, manege hogu sumne , naavu bedaru naayakaru ninna Hage road mele torista hogalla ,ghass ð irive kacchidangayitu ninage alva ,hogo mudiya bjp bagge heltiya bedara kula nammadu bjp ge avaj madidre haddina Hage harkondu tindaktivi ninage ,janata nirdhara janakke gottide adakke bjp bandide ,naale Congress barabahudu adre sum sumne saayabeda yarigadru baidu ,pukkatte sikkiro mansa  sumne tagondu hogu ,sikari madi ,beteyadi tagondu bandre ninage tiliyodu ,sumne tagondu hogu manege bye",Political
4220,Raktha kudhiyutheð¥ð¥must watch no Muslim and Hindu all r one guys God never created ur Hindu and ur Muslim idella nav madkondirodu,Religion
785,@Seenu N le appi hogi maneli amma yendru madirthare tindubittu uchhe uyyidubittu malko ogu aste nin jeevanað,Gender
3286,News 18 channel nimaghe maadalu kelasa ilva? Oota madalu biduthilla,Geo-political
4137,Thudugu thullu yak thorishide bidiki,Gender
1403,"Caste reservation Increase ge estondh kade horata madthare. but obradhrunu helalla, caste remove madi.<br> jobs sector, education sector ella caste enthuk beku. bekadre internally familys li caste religious eniruthe adh follow madli. but e reservations adhella beda. but politicians nu caste remove madi antha kelalla, yakandre ha b*<b>*</b> m*<b>**</b> ge, vote main, ha particular caste avr avnge vote akthare, so avrge jasthi support madthane reservation kodsthane. so yarunu reservation thagiri antha helalla. karma guru",Religion
7540,Inta tukali bevarsigalu irodrindane hindhugalige inta paristiti bandirodu,Religion
608,"Nimge education gintha darma ne mukya agoytha, Thu neevu buddi kaliyolla bidi",Religion
1663,Sumne hogappa 6 thingalu modlu Modi kerala kke babdidda aaga helida maathu kerala dalli ondu seat gelbeku adakke sahaya kelalu hodaddu cristiyan church father commietty ge helida maathu cristiyannaru ee Sala bjp ge vote haakbeku   eega cinema  ondu vele Gujarat files cinema bandre Modi Amith Sha maadida hanrbaraha horag barutte,Political
6664,Yava randi makkla e kitogiro chanal n follow madatirooo ??????,Gender
5562,Suddu bolimag kallanana maga,Political
569,Pakishanannu nam Vasa madkobeku,Geo-political
53,Virat yalli .Naveen yeelli .cricket naa haltinovnatra hinu cricket halli kan bido hiro paphu  madadhute ðð,Gender
5863,Thu nen janmke benke hakal daridrvali.henth hudagan miss madkondi,Gender
4168,I hate saabru sule maklu,Religion
5370,Sir English version oddi sir neev English bere Arabic Alli bere erutha helli.1st page Alle est saati tallege thumbodu eruvannu obbane adu alla matra antha .neev open mind inda odi avag nimge ansuthe.,Others
5870,Nale nim manege bandu nim maneyavaranna madtarala gottagatte bosdk ninge,Others
5794,navu avara movie nodtivi anda matrakke neeru current ella kodtivi anta alla .. Bitti biddavre,Geo-political
7822,Avn gandsagidree comments sections off madtirlolla??,Gender
2639,Avlige matanaadoke baralla enri nev btv  avru,Gender
3328,Sule na karkond bandu olle chance kotre hinge hagodu.,Gender
2059,"Munde magne, ade 650 ge 20 kg ragi barthade Or 15 kg rice bathade one week thinhidu. Thin munde magne.",Geo-political
1119,ha ha  news  channel    galla ge    .doddha     namaskara.     thu   nima   janmakistu   .,Others
7306,yarig huttidiyappa punyatma,Gender
6805,Mosale Mangan aata shuru ayatu,Gender
5186,"Hindhu Na kondaga  helogidappa <br>Allal certificate bandhaga hel hogiddappa <br>Kashmiralli hindhu galna Nasha madi kole madi rape madidaga Elli hogidde<br>Masidihalli Kashmir bittogi ,illandre kole madthini antha anunce maddaga yelli hogidde .<br>Convert madidralla avag hellidde .<br>Pakisthan zindabad yeldag hellidde .<br>Terrorism maadidag helli hogidde .<br>Allal mark devara prasada mele akdag hellidde .<br>Ninu nijavada hindhu drohi ,congressigga <br>Tirupathi temple Alli muslim avarna administration Alli akidralla avag hellidde",Religion
6941,Aaa naveenunge loude nan maga nam boss munde ennu childu avnu shaa antha nigrutoune avnakkan,Gender
1258,eshtu episodes madidru sakagalla ee tamilians boli maklige en beko,Geo-political
6648,Aa kitodoluge horage haki pastu,Gender
2892,Money idre ne manusya antha prove madbitllu,Gender
450,"Mutalike deshdrohi ,afjalguru deshpremi    adre illella irodu alla deshdrohigale..newso news",Religion
3876,Benki ittu aithu fake movies madi Idhella BJP ya shadyantra janara imotion na jothe aata aadtha iddhare aste,Political
1736,Vikas hego hage avnu video madirodu.<br>Think madi  vikas ginta jasthi dailog hodidane aduke batte bichirodu.,Gender
6898,"Ninge mutton puksHate sikkidhe adu congress inda, jothege ond bottle kuda yettidiya , script sarige rehearse madilla martihoogtidhe, ninge acting bartilla, next free sigalla mutton ninge",Political
6394,Sir evalu turki antha gothithu adukke nanu yavathu e chappar na abimanishilla   p v shindhu ??,Gender
5406,Rakesh adiga roopesh shetty bitre yar sari illaaâ¦ yella dove,Others
1114,Ondu kelsa madana aunu yalle erli tandu kochi kochi charga madi bisasana,Violence
3610,Nimmouna tullu,Gender
3896,Thukli nann maklu,Others
3869,Sariyagi dhengdhe guru,Others
5045,sattmele avanenu swargakka hogtane..ille kengeri morili bidd saytane,Gender
3702,Pakistan zindabad ani Anri anthale aa Sule indiadhor beda antha Pakistan thunne hudikond odhalu,Geo-political
1456,LOPers nan maklu Pakistan terrarist suver nan maklu,Geo-political
748,bolimaganige chappli tagondu badi beku,Gender
6957,Tika ganchalli thooooooo stupid,Gender
2365,Superr vikash anna???? karnataka da ella hennu makkallu nanna tharane anthale dagar munde,Gender
5854,Dagar gella interview beka btv yav nashemadthare antha gothagthilla darag galuna bitti bere yarigadru interview madad bitti sayyi????,Gender
3179, nim moun tulla randi magan,Gender
7910,Hijab Namma muslim hudugigalu hakku adhu yaava hindu naayegalu hamdigalu helakke hakku Illa naavu muslim helthine neevu hindu hudugigalu sindoor bindi mangalsutra dupatta batte Illa school colleges banni nu heli,Religion
7550,Huchha mudya rajkumr avru gokak chaluvali madidaga elli hogittu nimma kannadabhimana evaga bandbitru bevarsigalu,Geo-political
2548,Yak beku edella e tv avru sari ella troll madli antha e thara interview madthare evaru...sonu ning buddi barralla ma ege adthiyalla...,Gender
5934,T muci. Kondu Allaregu tket kodisu Swatantra horatagararu Ede deasha ka astu kàsta paterabeku narameda modiya bage yake estandu aluve,Political
2326,Murka 1 kg yak 10 kg tago nin tale paka ladi ninu turk jathi,Religion
425,Nimge kuda dikkara ee mullagalella seri desha haalu madtare,Religion
4390,Sule munde nA kyakarsi hugthu hatti avla ache ge,Gender
1101,Hogo loper thatha nin hentha sede anta gottaytu ninn maklu hingena hijdagalu,Gender
6497,Amma Tayeee DC yean Court Kinta Dadavvara Avre Sarkarada Kay Kelage Kelsa Madodu Innu Neenu Avara Hatra yean Hogtitya Innu CJI Hatra Hogu Ninge Nyaya Sigute....????,Violence
1728,Nayee  soole maga bogaltane,Gender
3908,I dagrn live karsiddu yaru avran  metttale hodibek,Gender
950,ley child Sonu nina mukake,Gender
7496,Lo sudeepa yako Nayi balu baltidiya. ? E daridra bigboss show enda janakke yenu msg kodtidiya amikkond maneli kudu film madoke dam ella andre.. saniya matte Roopesh ge yenu byiyodilla e mindri maga,Gender
6078,Ivlu yav sime thayi guru,Gender
6133,Sabapathi bjp kade iddane belavanige agbardu atara madi <br><br>Last time ondu Muslim chikka hudugi modi avarige ye helidakke jailige hakidru same kaon ivarigu agbeku ð¡ð¡ð¡ð¡,Political
6764,<b>Yarale eki estu matadtala</b>,Gender
5337,Mandya MLA galu katte kayiri,Political
3812,"yaru maadabarad tappe maadiddu avlu , idu India . usa alla ella torskondu duddu madoke",Gender
1199,Evlige evr amman hatra matadstirode avamana anno hage nadkotidale,Gender
5735,Thu nin thulge,Gender
3905,Eee thgaaalapaaaaa Evat evl ammmaaathaaaaaaae ge unity nenpaaagide Evyalaaa Nasguli nimdu Rajinithi anthaaa yalrigu gothu sumne unity antha dove bidbeda thaaaeeee eli Ond hennina thale Mel ero batte Mel estond dveshaaa ero chadddi gal nivu Nim holss bai yali Unity anthe ð¤®ð¤®ð¤®ð¤®ð©ð©ð©ð©ð© nimgalig Helð© thindru 4kasin bhudddi baralaaaa,Gender
4830,Sadane bidi swamy.... Nivella change agalla.. est kottidhare duddu ee election ge?,Political
4583,Le sidramullakhan bolimagane yava seeme nayaka ninu uri iddirabeku,Political
3492,evonon shikshe ge olapadisi.,Violence
3643,Sagar friends galella   sonu akkana  bathroom video nodi yeshtu sala jatka hodididaro,Gender
1928,Pratam ninu nayi tunnige huttidu bevarsi nann magane ninu tunni magane,Gender
7173,Avanu lofar kd  one aswath narayna 4200000gandu pimp to RSS aso criminal Jana chpyleyale hodhara,Political
119,Ye maga thikka mucha namm pm bagge matado yogyatene illa ivugalige,Political
3609,Metere agauke avlu layak illa,Gender
6815,Kundigas nimm nimm jati nodko hogi ,Religion
7559,"Dalitar Mele Halle adaga Avar manegalige Benki hacchi suttaga Nivella yalli eddri agelli hogittu nimma dwani, Brahmins mele Halle adag ,adu Hindugalu,Hindu Dharmada mele Halle,Ulidavar mele Halle adag adu bari Jatige matra simita agirutte Alva?",Religion
7336,Nina.meravange.madidarll.Ninenu.helodu..ninahathra<br>ero.hanadalli...115.mla.galanna.karedisaboudu.....,Political
7677,No 1 dagar in Asia,Gender
417,Onde ondu matigu answer kadalla bari Pakistan Hindustan Muslim Hindu China lock down anta jangalige huchar madta iddare,Geo-political
2277,Le ninama muduka elo indu kg free mathe indu bottle free kotavre anste aro muslim  ninu namage e Hindus bage helodhu mathe kalsodu  first ninu kaltko okk naa gandu muduka,Religion
5199,Sidda pedda,Political
2641,Ttuuuuu Btv channel ??,Others
2645,Fake news. Yaryaru antha helo.,Others
4317,"Thu,aullu madta iro dou nodidre,Alle hogi odi beku anstide...??????",Violence
60,"Ah sule na Inna yak itkondidaro, ah sule ge yaru vote madolla first of all.",Gender
7895,Nin kanthri thirboki kachada  channel  ge rohith sharma kandre yak uri adunna helu first,Gender
1993,"Nimge Jana enagadru vote madthoro ,",Political
1154,"Muslim virodi galela ,hebrnanmaklu",Religion
1862,Next yavanige sikathalo paapa aa nanmagnige yejalu eegin kaladalli na hudugiru yellaru avarannu nodbeku andkonde barthare munde maklu sari naavu nodithre kelthare ninge akka thangi elwa antha antha munderu ge hinge aagodu olledaythu ninu yenu hudugaru astu kilu andkondiddiya anubavisu ????????,Gender
5803,Sonu gowda nayiya  sadhaneya hinde iro Shrama sikksikkorge batte bicchi torsodu avlu antu nayi...nayi helakku bejaragtide nayige olle buddi adru ide .ivlu kachda ge neevu publicity kodtiralva neeventa kachda agirabhudu,Gender
6590,Congres siddu mugisoku modale siddu congres mugistare bidi avaridre congres kathe harohara,Political
11,3rd class channel...dubba Thuee reeti ketta rajakarani galanna yake etti hiditeeri ivarella enta nayakaru,Political
7099,Yarraadro a muddi manusyana bayige mannu haaki .. thumba bogalthalidare,Others
4522,Huchha ninna muslim convert madi taliban ge kalastare ee bolimaklu,Violence
4127,Ivane dodda kala ivanu hatra hogi question keltira,Others
7937,"Dodda sulle evallu rate este 599 ,699",Gender
5747,Arlo Marlo baege bnda hage mathadthare siraamayya,Political
911,Muslims namma anna thammandire sari swamy aadare Hindusthani sangeetha Muslims kodugena!!.. Thale kettidya nimge.,Religion
3078,Bro naveed sulemaga tika ganchali à²®à³à²à²à³à²¨à³ kirick madiddane bere players jote,Gender
4428,Pakistan nayi hareti akige hanga maduda ada,Geo-political
5538,Rahul ð Sidramaya ð ... Congress ðð. ... !!! en helli bogus raja,Political
2941,Nima ajji thulu ????,Gender
5648,Evl yaro loose erbeku ??papa avr amma,Others
4506,Shame on BTV.. y are u calling these people media marayadene thegithidhira,Others
4803,jaylalitha iddaglu ee vishya ittu alva eshtu rajkiya madodu,Political
2343,Shem... Shem Congress... ððððee thara cheap cheap agi adtira,Political
2875,ella muslim rannu saysi,Religion
2608,modlu kanrnatakadalli unity belsi.. nanu belagavi inda.. ille jana hodadadi saytare,Geo-political
4580,Thu ivrige nachike mana maryade annode ilwa ivlu nam kannadada hennumagalu anta heloke namge nachike agtide??,Gender
5326,Naveen ge ide Maari à²¹à²¬à³à²¬ next,Gender
1357,Aa Kitthodh mundege Chappali thagondu hakodu bittu yaaru madde iro thappu avlenu madilla antha helthyalla Avl Para ne mathadthyalla Thayi neenu????,Violence
5632,"Jai, BJP,. Lavde Hogi kashmiri file film du",Political
6091,Muslim nodidre sittu barathe....,Religion
7757,Nodri tv channel nali kuthiro anchor du and Sonu du battegalu nodri.. ashte yaake bicchidira.. innu poorthi bicchi kuthkondbidi. Sonu du second video ne beda. Idhe nodkothivi.,Gender
5146,"Ivru yav saadane madidare, karma ????????????????????????????",Others
1274,RSS nachike  agabeku,Political
3604,stupid kandidini muchkond kutko,Gender
1013,Suli magna niv fixing madkondriii,Gender
40,Amaanaveeya vaagi koneya kshanadalli 24 Kashmir pandit mattu 1 magu ivarannu gundikki saayisida kroora Muslim galige nanna dikkara.. ð¡,Religion
1247,Avrenu hindhusthana sangitha madthidhru ninenenkilthiddhe nineshata kilthiddya,Religion
7154,Mannige Anna tintara???? Yan Amma tayee first kannada mathadhu kalthko,Gender
4096,ee video dalli antadenide bonte.. like maadakke.....??,Others
3429,Kutkolo tullee Bomaiii bjp avru kituu gudee akirodu du ediviii tulgaa,Political
6881,bjp yannu rajyadinda oddu odustaare,Political
6029,ivarella nam rajya alo nayakaru thu,Political
7888,Hettha thaayi munde kaal mele kaal haaki thundu batte haakondu irakke naachike aagalva boli nan magle,Gender
3193,navu enu anta namage matra gottu nimage heli enu agbekilla,Others
3504,Famous ghade . Santeli avvan nodudmele Manel maglan hen nodtya anta ee baddev nodi bardirbeku????,Gender
2562,"Dagar dagar dum dum dagar dagar ð, shame on all of them",Gender
492,namm politicians ee tara irodrinda ne terrorist ge avakasha jasti agtide.. thu politics,Political
4126,American English yarigaadru istu English barutte Sonu pls poorthi English nalliye interview kodamma.... Nodoke chennagi kansidre saaladu....  Nota anda  upayogakke barode keluvakke,Gender
1643,Ennu swalpa makkugiri,Gender
4501,Yatha.raja.thaa.praja.deddu.nenu.x.cm.andre.x.raja.nanu.praje.nanu.yavdai.pahkskai.seraidvnalla.seddu.nenu.nanna.kshetrdallai.elxnalallai.nanna.verudda.frutest.madu.,Political
4691,Ha batte bhichkondu thorsu antha kalskottidare,Gender
2286,Sariyage helidira sir avarge benlore beku tamilanadu ge water beku yavadadru 1 select madka beku nivu matanadiddu 100%GOOD.,Political
5060,Talk properly with your ????.. <br>Bevarsi ??????? mataadu nim amma na jote..<br>Thank God nin appa ?????..??,Gender
5350,Naveen hogene avn inna satta king na  face madoke agutta,Violence
5088,Yee  hadargitti.     iee  picher madisiddu  nim  BJP  yee  sullemaklu.       idu bare  calpanika  aste.    Nijawagi  aagiddu  alla  . Nim  tale  tumba  shagni  mutra  tumbi  hogide   thooooooo  thardklas sullemakla.      Sangi  chaddi  sullemakla  thooooooo,Gender
7067,"Nin yaro haa genocide supporter errbeku , first tolguu nan magnee.",Gender
3400,Enro anna thaane thinnodhu nivu,Gender
6255,Hakri suley maganna nenu kambakkey,Violence
655,Mucho saku mulla nann magne,Religion
7406,"Boli maga ashwath narayana ,ninna hesaru ashwath naryanana badalu &quot;&quot;&quot; naisulymaga ettuko&quot;â&quot;&quot;",Political
1507,Avaraa koduge ð???ð??? avara sangeetha hazaan koogoduð?¤£ ninu huttidu byarige ð??¡,Religion
2191,"Ivlanna Biggboss he kardidde hecchu,antadralli mic sari madkoli andiddakke big boss ge baitale????????",Gender
1418,Nin janmak benki haka,Violence
6770,"Thayige maryadhe kottila andre, thayiya kasta artha madikotila andre, evaru onedhu henna, ????",Gender
4102,Mancha giraki .. modi innu evanan pakshadimda yake horahakilla .. evana sex video desha yela dideye,Political
4488,congress bolimaklu terrorist bolimaklu ella onde,Political
6738,Arun pakka cheddi RSS gunda..,Political
885,"Yes bro nijvaglu movie nodidre karulu kittu barutte, <br>Haage nang innodu doubt ide bro pulwama attact aytalva, a bomb hakidd naayi kuda kashmir avne, but navella ankondvi avnu pakistani anta, avaga alli yaav sarkara ittu, adara hinde iddidu swalpa jana sikkidru adu yaaro singh ips officers, avru evru ella, avrgella en shikshe kottru, en aytu anta kooda ondu video madttira please",Violence
7402,Yappa devre aval lips one second kooda kiss kodod stop madalla...adu yesht janakke kottu kottu practice hagi aa lips ade position ge hogutheððð<br>Alla thamma anthalalla avar thamma aa videos yella nodi yen hugyalva anthaððð<br>Avar amma papa ival bagge yochne madi madi heg hagidare and avarige channag gothu ivalna yaru maduve hagalla antha ade yochneli korgi korgi heeg hagidare,Gender
3720,Nanna hindugaligaagi bajrangigalu directaagii protect madbodu aadre illi  hindugale hindugala shatru aagidare,Religion
2684,Sede thulee king du thap idu...nav king kade ne ð¤ð»ð¥,Others
7018,Alele le yalru avare hatret ante . Avlu IAS pass madwala preeri torsoke thuu nim janmakke,Gender
528,Pakistani Sully makallu yaru erbardu sir plz finish Madi,Geo-political
6234,"Yak over madthiya normal aagi mathadu olle English ge huttidolange madthiyalla,dodda dagar neenu ????????????swalpanaadru mana maryade ilva ninge thu ninna janmakke",Gender
2656,avdu avdu avar ammana avalige janma kottu e tara shoki madu anta bidhige bitidale alwa avar amma sadane madidale bidi yav thayinu madde ero thayi  e amma madidale appa hen karma. avar amma kuda ade helta edale yaru madde ero tappu yen madila anta heltare karma e btv avarge bere avarge buket ediyokke agala yavaglu evalna karkondu bando shoki madtare,Gender
875,"dboss all haters sulemakla nann tunne unni,, jai DBOSS ??",Gender
5687,Sule magna ninge duddu esttu kotro,Gender
2592,"T ganchali , don&#39;t allow her in Karnataka ,.... She is Pakistani",Geo-political
6656,inta rakkasarege yen laba,Violence
4100,Bosadike aswat nayi..,Political
252,Ninu cm hagoky yugyte ell. Bommai,Political
3950,Congress navaru  madiro desha dhrohi galu mathantharakke kummakku kodo desha dhrohi congress navarige chappali hodiri,Political
3883,Ammage sariyag kutkoli sare hethkoli ayyo kapi,Gender
6553,Congress navaru Muslim ra ........ Nekki vote tagolodu aste madide 70 varsha...,Political
7056,Nin antha kithodavlge edella bere beka muchkondu hogele nin handi musudina nodoke asayya agutte dagar,Gender
1770,Sakappa saaku BJP government saaku next election alli Siddaramaiah CM agbekapa agabeku,Political
6834,"BTV Video grapher,  Anchordu thode,  Sonu thode,  matthu yede Bahagana highlite maadi video coverage maadidane,  amele ivrgala olaa udupu andre Kaacha kaano haage video maadidane ee BTV Video grapher mele Under A+ Adult videos Case haakbeku..  Naachke aagbeku ivru janmakke",Gender
6630,Le gubaldu 3 six vadidhre fixing antiya 5 ke 5 six vadidaga Rinku adu fixing alla nin yav Tara matadtidiyaleee bakra,Others
4589,Hogo mudka kushi bandahage matadbeda,Others
3793,Avravara esta avravar madtare ninh data kali madbittu yak nodtira silent aagi irakkagalwa idarallenu tappag kanista illa react vidio madammma comentsgalige,Others
1313,??Glass ????? ucche kuDitaidaLa?,Gender
2801,Ee mindrimagane hogi maamsa thinnu hogi,Gender
5053,Muslims  narameda  aithallaha  adakke  yara  kanniru bartha  illha,Religion
1027,Akka Gaand gaabari agodlu,Gender
451,Sulle makla btv thu nim janmake,Gender
3281,Makak ugdu kalsi Sonu na,Gender
7113,Nim avn bucket tv and I phone 12 ????,Others
8013,Pakdhali dodda bucket divya erama amikondu AVL anebaraha anthy husky voice alli yak beku ninge ......evlu dodda celebrity antha interview berey,Gender
3205,E gatanegalu nadiyuwaga congress adikaradali etu a sule maklu congress dawru nama hindugaliga ago himse gotu edre yenu madila saili bidi anta edru.. enta congress e dashadinda nirmula aglebeku awagle e desha uddara agute.,Political
3596,Kalla nanna maklu badavaranella thulide Bitruuu avra avvvnige huttilla BJP sulle maklu,Political
5775,Btv nan shatha btv anchor dress gea nan halea yakdha,Gender
5866,Btv ge odibeka ella yarg hodibeku helro thumba sadhane madidale neked sundri,Violence
3750,"Akbar the Great kano!<br> Boli magane Firstam..,",Religion
7830,Vogaleee tulleee daiparrr sulleee magnee,Gender
7704,"Matte hudugi shoki shuruvaithu, name fame bandmele swalpanadru mana maryade itkondu samajadalli irbeku illa andre ondalla ondu Dina publicnalli ee thara maana haraj hagutte. Sandesh obba olle snehitha agirodakke darshan safe agi idare illa andre jail nalli irbekagithu.",Gender
1994,@Sharoon Murthy nan yavaga nim hero na kappe ande bolimagne? ðð,Gender
3161,singular for Speaker Horatti Sir.<br>Siddu u do t learn..Durahankaru.Ekavachana praveena.<br>Shame..Shame,Political
435,Avlu e tara erodakke Bigboss ge kardidira mat yak byitira . Ni ennu bigboss show madtidiya alva ning odibeku.. magne film andru odtilla bigboss nalli contestent ge byikond tevalu teeraskotiya thu nin janmakke,Gender
5202,"Yella BJP &#39;ns dudd looty madidre kela Congress leaders, MLA ,CM siddu anthavru thamma Valle adalithainda  Janara mansu looty madtidare jai Congress ðï¸",Political
1182,yaru enu mathidre nemyak &#39;re avaravara life avresta madoke bare kelsa elva bekadastu upayoguk bharo vishya galiruthi adara bhage madi,Gender
5101,Chai.wala.agiradhukke.yella.rate.agirodhu.jail.yediyurappa.looti.vijayendhra.40% commission<br>Jail.yeddi,Political
2787,Gotthu Bide Leyy Yellarguve Nindu Village Main Door antha ððð,Gender
1307,@Pavithrajanu Pavithrajanu muchkond ilde ellanu bitkondu arun are you there anta video madkond publicity tagoloke nanen nim Sonu lowda alla tilkole ..nindu heals adre nakkan nandu woodland ???? yavd beku nine choose madko,Gender
6692,"Avanavouna Tull naveen hul haq, next match sigli randi maga... King Kohli ge mariyade kodade hogyan... Aiti aa randi magag.. world cup start agli... India Vs Afghanistan barli.. avag erodu asli match",Gender
2305,@mahmad rakim correct bro. Intha hen maklu idre samaja haalu. Nachikegedu ivaranna hetthorige sashtanga namskara hakbeku. ??,Gender
8053,dwesha rosha nimagashte alla ellarigu idde ide,Violence
7468,Nimma janmakke Benki hakka..interview  madokke yaru sikillwa ? Anchoring  madokke nachke agalwwa..thu kachada nayeegala ..,Gender
1128,Thu a holasu sidrama kothige..a Congress ge yake vote hakidvo..uddhara madalla iva.<br>Nayigalu nayi buddi bidthava,Political
4816,Hijab beda <br><br>Send them out of school,Religion
7688,Avaru indiadavarala Pakistan public tv ranganath sir helidre helthare,Geo-political
5139,Le yene sadane madirodu bb hodre sadnene.????,Gender
7722,Thu btv sule makla nima avna keya avra evla thulu nekake karsthira,Others
6854,Nem amman thullu pratam,Gender
5080,Boli magane hucchu sule magane,Gender
5881,thu inthavrgela yenu agalvalappa?? vale rithiyalirovarge kaalane illa intha nay janma itkolo kintha sayode melu ivlu ond hengsa ? ivl muka mucha??????????????????,Gender
7465,Tu kachda chanal??,Others
4462,Sulemaga pravadi ????   helu  thinnuva  bevarsi   handis  ??  ??  are   very   dangerous  ..??,Religion
2534,@super ?? nin ammun keyaa,Gender
7718,Freedom app bolimaga yak barthane pade pade fake nan maga,Political
4240, Halli hudgi antha heloke nachke na ? English mathadakke baralla antha heloke nachke na ? Wats your real problem?,Gender
7579,chappli thakondu hodiru lofer nanmaklla terrorisge pappi Pakistan ge,Violence
1090,@TV9 .....en khader avaru doctor Enri.... chali jvara bidisoke ? Nachike aagbeku nimge.... news heli Andre... nataka toristhira .... highly unprofessional  .. all Kannada news channels,Others
4419,BOODA.BOMMAI.,Political
1349,Shandamuslimarige gov samvidanakke bele kodakku aagodilla.. allige naavella tiliyabeku ivaraaru deshada uttama prajeyaagalu saadyave illa. ,Religion
2023,Harohalli to Bidadi road li odadoke agalla astu chennagide road,Others
2906,Hucchha manasikkka ivnu kudidu  taitu e bevarsy hendtige hodedu saysi bitta,Violence
7087,Nindu ondu jeevnana thu soole,Gender
7349,Muslims and Christians matantara madisodu tamma ketta uddeshakkagi anta gottaguvastaralli jeevana halagi hogirutte. Islam and Christian are too dangerous religions.,Religion
1266,rss channel â¦â¦â¦public tv ! thu naachike aaagbeku,Others
7255,"He Ajja , first bislalli sprit kudi.. because first respect bjp and Modi ..or else go out of India .. Bycot ajja",Political
987,Yavandru e film ban madokey case hakudrey metnalli hoditini especially Congress party usharagiri enna nim attagalu nedyolla nim yogyathey yenu antha election nalley gothagidey,Political
2390,Pratham very nice evru kanunu vyvhsthyge belye khodhdhy ero entha mathandhru namma dheshkkye markha,Others
1657,420.bjp 40/BJP shaba adyaxs BJP yavarige chapalili hodibeku munde makkala,Political
7010,Soun en helu nen video node.. Ahaha super F... Punyavanta ... avnu,Gender
1473,Yenu kith hakuke agala ninn madrasi bevarsi tandu,Geo-political
6183,"Social media dalli controversy maadthirodhu bari pakistaniyaru maathra alla, nammallu iro kelavu pakistan premi krimigalu kooda....",Violence
5661,Batroom yelrigintha..ninge  changi gouthu...i phone 12ð£ð£ð£ð£ð£ð£,Gender
181,Pakistan ashte alla aa china davaru aa reeti daridra nann makle,Geo-political
6640,Ayyo tayi yava saadane bagge matadbeku bathroom saadaneya baggena...??????,Gender
5424,"Avala bai nodi ð¤£ð¤£ð¤£ð¤£SHE EATS DOG ð¶ SHIT <a href=""https://www.youtube.com/watch?v=gUdwsbrrySc&amp;t=0m08s"">0:08</a>",Gender
4464,Ok Fine .... One 1nimisha... ?????? hoyko badko situation,Others
5826,Waste cm peddu siddu,Political
4001,paapa thalege yetu bidhir beku....adakke hing adtavne hijda tandu,Gender
5375,Aababababaaaa en acting guru nindu ?? modlu hogi itihasa odhu amele ivella pungu anthe ?? Raja 30.000 alla raja 3 adu adralli vabru hindu inna ibru Christian. Views goskara cheap tricks use madbeda swalpa Ella thilkondu Ella search madi adu nija na sulla antha thilkondu amel pungu,Religion
1048,Madoke kelasa ela  charandi adaru clear madu valed agat,Others
7333,thuuuuuuuuu ninna en saytiya alli,Gender
4510,Nine hondu galiju bevarshi,Gender
3740,Finish immidiate mugsi bisaki,Violence
1045,Avramma Avlge kappalakk nalakk barseddedre....eng adtherlella,Gender
607,E dagar soolege heng irbeku antha gotilva....<br>Thu mother na control madtovle <br>Ningintha better nim taayi ishtella aadru maglu anthare,Gender
750,Sadne ????na .sadne madirorna bittu..yarno yarno heltha ediralla ??karma,Others
5753,Tathappa.. Moole kadiyoke hallu sari illa. Congress chamcha,Political
2199,Chance illa <br>1st caste system tagi <br>Bramanru na aache haki amele navu ondagirona,Religion
5771,Murka prajegalu thu nin mukakke,Others
6719,Thu ninn makkakke ishtu benki haka,Others
4670,"Babu avre nimma banda vada thumba jasti aaythu, you lost respect, you have been defending your govt mistakes",Political
5842,3nu bitore ivagin kaladalli chennagirodu ..yav devru illa enu illa,Others
5874,Navu hinduvea aswatha narayanannu navu hodedurlsteevi 420 bjpya ee nataka mathu kannadigaru numballa,Political
7225,Le loude nind bari controversy ne,Gender
211,Nammavru namvru antha heli estu hindu gala kole aythu innu ninna atha  use less speech keloke yav hidhu nu oppala thilko yaknde nin yavu  cross  sule maga bvc rande maga  hindhu gala bagge gothilade bogalthidhiya sule maga,Religion
4359,Entha bevarsi  Pakistani yavalna modlu Karnatakadida kik out madro,Geo-political
3081,Idu torsi torsi janagala mansu halu madodu bitre innenu illa... I no this is the movie idakke Inna uppu khara mix madi cinema madtare,Others
7210,News channel andre yen supreem court nam janakke supreme court ginta news channel male nambike jasti,Others
5745,Kaageri bolimagane ... BJP shaata keelak kutidiya alli nin avvan lowda sule... BJP gulama,Political
5236,Nan shaatak sama supreme court yaav sulemaga avnu judge aa sule makl en illi bandu nodidara . ??????,Others
664,@Pradeep Kumar Narayanappa Shiroorkar le gubad sule magane nangu gothu nam deshdalli corrupt idhe antha adre ninu enu heloke bhartiya antha gothu khangress gulama ninu Gandhi kutumba 70years indha desha Lotti madidhe tilko nange helloke barbeda nanna Prab,Political
110,Kachada hudgi,Gender
3271,Avl ammun Bari kathe chodthavle munde,Others
7742,Chappal thagond hodibeku ninge,Gender
6661,thoo idiot ninna istu love madoru matte yavattu Sigolla,Gender
1827,Hey meghana mat yak harish avr jte lv natka madde,Gender
718,Naveen ullla hu akbar ga mukli urdaiti .,Gender
7678,Mukhya Kanthri...world belongs to ne.. Kantri mantri no yavanigottu,Political
6796,Nene henge ennu nemma appa amma hengo nenu sule sule ne,Gender
1609,underworld don muttappa Rai du party ante guru,Violence
2046,Idiot fellow avr alla ninu ??,Others
2446,Naveen ul hq avrna keythivi saryagi avn amun king VK kanale,Gender
4171,Thu nin amun bvc,Gender
7393,"Entha maarre neeevu only kerala movie script matra nodidre saka? Mandookagala,, prapanchadalli innu tumba deshagalive directrge election tumenalli release madoke bere deshada script workout agalla. Adakke directr sahibrige gotthu loha garam hi maaro hathoda anda haage hodaddu 3 hudugiyaru script 3000 . All over indiadalli more than 3 lkh hudigiyara human trafficking nadeytha ide. World nalli adu 30 lkh ginta jaastgi ide. Iro reality torisodu bittu bjp promotion madoke ondu Kerala stry<br>Adannu nodi nija anta baaybadko moorkha anda bhaktaru. Nimma taleyalli Ee pari segani hege tumbide anta artha agalla. <br>Omme kasmiri files <br>Mathome kerala stry<br>Mathomme avanmman pinda <br>Adanna nodi nija anno mandookagalu??????",Religion
1283,Kappetulluð,Gender
437,"Ee tamil nadu avru sadist sulemaklu, yaarnu badkoke bidalla, kerala avr jothenu jagala illu jagala",Religion
2584,Congress tunney unnro raithr,Political
3608,Innu torisu tode na,Gender
7938,Hale mudiya saayuva samayadalladru dwesha bidu en hottkond hogtiya ninna government na bitt hogu ee dirty politics na ille swargakku ninna kantri rajakiyana togond hogbeda,Political
7318,hudgige avamana hudugina thirugsi parugsi andre pakka aruna kumari ansutte,Gender
6990,bommai nalayak,Political
677,40 percnt commission corona commission oxygen commission hindu musilm madya dwesha ide blujp avra kelsa....bele yerike thu sakapa bjp adikara,Religion
6984,Ninge ishtu tale idmele CM ge eshtu tale irabahudu congress estu kottiddare ondu Dina hindugale iÄºladantadaga en madira drama saku MANEGE hogri,Political
4307,Nija sir jannagala raktha eirkollo BJP jigannegalu sir,Political
3323,Swamigale mamsaharavannu namma cm nillisilla. Neevu congressnavaru swalpa  nimma bashana band Madi. Nimmage dikkara. Manege hogi. Jai modiji,Political
2135,Aa hudugananna gallige yerisbeku bsdk nimma akka tangi yaru ilva avra video bidu ?? blackmail madtiya nayi nanna magne nimmantavarindale ee desha kedta irodu,Gender
306,Le lofar naveen,Gender
2360,Kiccha Sudeep sir and big boss director Parma ge.. yavdralli gunna hodibeku heli.. yaro evella taradugalu... nam deshada karma evella,Others
6203,Entry ne baglu torsidiya ninu urbagle ððð,Gender
427,muslim virodi gali ge tamacha ð¶ð¶ð¤£ð¤£,Religion
2034,Avan Amman Pakistan ke shata,Geo-political
5679,Nan bike alli swlpa petrol idru illi tanka hogatte anta bike na nambtini adre muslims ollevru anta matra namballa,Religion
7238,Niinu fast sathoogu avagala karanataka channagirutha yaalarigu mossa madidhu ninaa,Violence
794,Bare muslim ge baiyud rajki madudoð¤£ð¤£ð¤£,Religion
1161,Hey rhukaligala yarighe beku edhu??? Idhu enu vishya charche madlikke,Gender
786,Psycho nan maklu..... Yavaglu Communal politics.... Main culprit Media dhavare,Political
7335,Budget madodakey ellada b*** paksha...,Political
3086,Headline hala cut issue MADKONDAVNE,Religion
1891,Ley kalla ningee Congress 40 barodhu BJP Yogi Model Karnataka 140+ guarantee <br><br>Jai Shri Ram ð©ð©ð©ð©ð©,Political
2854,Kapi mundeve nimma nodudre asayya agutte sariyagi batte hakondu kuthko haage nimm thaayi ninu eno sadhane madilo thara heltidare istella buildup beka ninge ri inthavna bittu modhlu ollolle sadhkarannu thilisi kodri kachada channel gala,Gender
4288,Sonu pls batte acchukattagi aku.. Agladru jana ninge mariyadi kodtare.. Dayavittu badlagu sonu,Gender
6760,Yella indians dharama annoru yavadu dharama himse madoda ? Yellaru vattagi dwani yetti pradhan matri gale yarella himse alli palkondidro avarigella Katrin shikshe aadastu bega aagle bekuð,Religion
2101,Dayavity sabara manaege kalisi e buudana,Religion
1903,mettali hodibeku mundege,Violence
3680,"Bosterd speeking,yalla gottide,ninnanta moorkaru yaru illa,ninna statement yaru namballa,neenu hogi muslim jote yaru beda anta helillilla kanri",Religion
657,Hogi 90 hondkondu mutton chakna madkondu malko hogu,Religion
6336,Sabhaadyaksharige modlu chapplalli hodibeku,Political
3652,Even she don&#39;t hve respect on her mother... Yappa etaranu eratta character... Trp ge yen bekidru madtira...,Others
4511,Le halkat Nan magane Hindu atraa thagondu thinnu yavanu nimghe mamssa thinbeda andhouru..en kodughe kottidreð·ð· ivnu yaro cross breed ð¤¦ð¤¦,Gender
8,Nam desha inthavrinda uddara agilla 60 years  inda,Others
975,Hanga ninda vibrator onda torasu..,Gender
5520,Chutya movie. Only brahminism ide movie li,Religion
153,muslims na ella Pakistan ge kalisi,Religion
2049,Bari sullu matte Bogus BJP<br>Yella election gimik matra,Political
1986,Topivala kunne thukali nan maga hallu kisithane,Gender
198,Pratham obba Huchcha,Gender
6455,e ibbaru hudugeeru ega ottigiddhare lodgige hoguvaga bare barekade hogthare.obbalu 1000rs.thegondare white dresinavlu 500 ke kodthale aste.pootiya roma clean madudilla adhe kasta.clean saving madidre 1500kodbahudhu.1hourge,Gender
7176,Lo avlu hudugi alla kano chakka,Gender
1950,Sonuu ningeee guutaa bad diaaree vikas avruu,Gender
5052,Nanagotthide frends Kashmir files movie madiddu adu ondu ghatane adadannu avaru thorisiddu adare the kerala story agilla summane anthadalla madabaradu thappu adu,Others
5461,100% fake budget daridra sarakara,Political
5875,1974 ralle mugididre eega yake neer bidbeku,Geo-political
6385, vichara vadi ...bilkul mamsavadi... publicity vadi<br>Jai bjp ð??ð??ð??,Political
133,Ayyo daridragala...,Gender
5171,Yanta  magllige januma  kote  yanta magllige januma kote thaye ?? evllu dgr,Gender
1689,Hendathigi naraka thoriso dbosss yav seeme hero ivnu... E karmakke ivanige fans bere,Gender
2725,Vage..sullemunde..,Gender
47,neevu ene helidru nannu vote is only to bjp<br>i never vote for anti hindus and anti brahmins like this siddramullah khan,Religion
7466,Bigg Boss Na Eno Ankondowle <br>Howlu Enadru Achieve Madbeku Anthe nija hogilla Kardidira Anthe Hogidale,Gender
6431,"Sanghi bolimaklige ithu only cinema, not a reality annodu innoo gothagilla.<br>Thaleyolage segani thumbi kodidre ide agodu...thoo nimma janmakkishtu",Others
947,Please muslim nadstiro yavde shop  ge hogbedi mate avrinda ynu purchase madbedi namm hindu shop ali hogi purchase madi. Evru namm deshnna Islam dharm ke convert madke hogtidare navu evrge buddi kalsona ??,Religion
6627,Nin video nodokagalla<br>First channel close madu,Others
7381,"Bere yenadru madri pa...celebrities samajakke valled agotara... Ni nodbeda anta niv anbahudu sudeep sir, but na nim alli kelkotirodu edella bidi uppi anta janakke help madi sadya adre...... Na keltirodu sudeep sir ge.. Big boss waste adna nodi halaagodu yallaruuu",Others
5985,Ly nin antha huch munde na katkondu henge jeevana madodu antha think madtha edare nim amma papa Aden janma dalli en papa madidro nin antha third class maglu sikidale ð¤¦ð¤¦ nachke agbeku ninge,Gender
5717,Avnna GOUNDIKE koullabahkou,Violence
7119,Lo mudka ninu manege hogi malkohogo ninge yako beku rajakiya ninu Hindu alla anttha artha agide Jai shri ram ð©,Religion
3789,Le BTV soolemakla..... Enro nimdu... Avnakkan neeve avlige hakond ondh movie maadri.. saryagi idira neevgulu,Others
3163,Hogo radimagan,Gender
7598,Iva vbba adyakshana helike kottavana matu klabekante ayyo Shiva edenta sarkara,Political
7821,Sikkid chance anta anella comments madtiroo thu ha videos yalla NIV beku beku anta ne nodtira alva avag chenag irutta NIV an anta first nodkoli amele berer bagge comments madivrii,Gender
7957,"Bucket sulemakla, avlden interview madtidira. Video leak madkondu bigg boss shata show ge hogi barodu en dodd vishya na. Interviewer ??snana aadru madtala",Gender
4752,Anchor matra phd maadi bandi dare ansutte nice questions and nice answers yappa  ellidri mundeva neevu,Gender
476,Siddu soolemaga,Political
4848,namma shilegalanna halu madidavary ee muslim rajaru yak beku muslims in india,Religion
3407,Nam comments odoku time illa ansutte ajja ajjige....comments mado badlu kandaga tu anta ugudre buddinadru barutte ansutte,Gender
5929,Nam jana na yestu almadbitru e congress avru thu avr enjoy madoke janara life na chidra chidra madbittru thu nimgal mukha mucha nimge astond edre hog saybekithu astond janara bali yak kodbeku . Adrallu terrarist help madidda e congress ge dikkara erali thu,Political
6578,Nenu muchu bolimagane,Gender
7242,Handi galu alla nayeegalu tupu ondu kelsola kacchad thave....tupu.... kannada da hemanth Bangalore ????,Others
2960,Avlu kacha bichhi thorsidu avramung kushi ??hagide,Gender
507,"Last time Mangli<br>Iga saniya mirja, sir tappu avardalla ri, nammalle dodda dodda sashariddare but avaru yaru anta e sule* makkalige gottilla, karedu keradalli hodesikolldu Andre ide.",Gender
2654,Adu Vallabhai patel ranta Hindugalu Congress lli iddiddakke ..tilko modlu gaand nan magne.,Political
4147,"Enta hypocrisy bro, nam fans bere avrge disrespect maadidre aggression ade bere fans namge ursidre thika gaachali na. Virat du aggression aggression anta heltira ala but bere players ge disrespect maadidre adna aggression annala thika gaachali antare. Innu gurthide Manish Pandey ge yav Tara disrespect maadidru Virat anta. Adikke bro karma thorstgide, onde ondu trophy Saha gelloke aagilla Ipl aste alla India ge Saha ondu icc trophy gellokke aagilla, when you disrespect players you disrespect the game and when you disrespect the game, you&#39;re not get the fruitful results",Others
1411,40 Ra bajat ð budget allu commisioin beka ivarige,Political
4673,Lo muduka court order dikkarisidaga yello hogide .,Others
5767,Xvideosdalli ide. Ninna video .nine bhatroomalli video maadi avanna yaake doortiya,Gender
6149,Intha sule munderna karkond bandh interview madthiralla modhlu nim Channel avrige hekda kaskond odibeku TRP goskara batte bichkond vedio madiror karkobarthiralla Neev gal ottege helthinore antha artha aythu nimdhu ondh channel avl oblu actress anthe thu nim janmakke ooralli enth enghoro olle kelsa madiror irthare anthavrna karkond bandhu interview madri thakath idhre,Gender
4337,ivlu Pakistan shoib  athra denguskondavle?? adike e tara,Gender
1125,Myduka ninaga yanu gottu ninaga nachika yirabaku hindugalu navu ok annuttavi adara Muslims avaru nammannu hindugalannu tuliyuvadakka plan madtara hushar nambabadi,Religion
7801,Ajja hogi uta madi malko....amel saabaru nin inde bandu choori haktra,Violence
3378,Dagar darshan bari build up nanna magndu tut ninna,Gender
783,Neen tikka ...sumne yeÃ± gottillade matadabeda,Others
6474,"Mahelege  Avahelan, madi dire or",Gender
1466,Lavda fixing Nim amma ntulu kasiu l,Gender
2646,Ninna appa muslimane?,Religion
4211,Urige doddavru????,Others
2922,Hoge mindri,Gender
3038,Thoo btv=boli makla tv,Gender
7395,ivella yavu nayigalu,Others
7723,avaru neer tane keliddu bharata mate ge ellaru makkale ee kannadagigaru ee tara madi tamma maryade kalkontavre,Geo-political
624,Nimgella Jana e thara andru hegh muka thorusthira,Gender
7980,Hindustani sangeetha kelidre huch hidyutha p m mallesh. bari 1 k g mutton thegondidya . 1 kg beef thego.  adu neena hakku.,Religion
7544,Eva yella g hindu meenu maruvaranna muslims baiskkhara akedhagga yelli malkedrru.,Religion
2085,Thap agide...thap madini ...thidkotini ...anno mathe baralla ...evlige ..bari ulta mathadtale ...,Gender
6155,Dabba hudugi.ivlan yaru nambanedi,Gender
5785,Pakistanadavaru gandu hedigalu,Geo-political
4255,Oh eega sagani tinnorge cinemagalu real aage kaantive.,Others
4375,Guru innu 5years ashte Bangalore.<br>70percent islam occurred...<br>5years admele Hindu galige avru ide tara toristare iru ðð,Religion
6686,@Y S R Manjunath Â Â  fake id muslim ugragami awnu,Religion
7134,Nayi...?????? bosudk ivarigella oddu olag hakbeku,Violence
346,B avru sex film hero and heroen avrudu ondhu program madi ??,Gender
269,yaryaru responsible idakke avaranna punish madi,Violence
7265,She is spoiled kid.....no manners how to talk to mother atleast infront of camara....thu ...nindu onda balaa....loffer munde,Gender
2633,Yeste adru Pakistani jote idavlu kantri buddi yel bidtale.. ivlen dodd sportspersons ankobitavle.. durankarad badidu Tuu nin janmak nan jod madga,Geo-political
4888,Ee desh hesrige matra swatantra nam luccha rajakaranigala swartakke idi hindu darmhada nasha agodu bahala dina illa sir,Religion
5609,"Navu saha e vishayan high light madbekku and RCB team owners ge request madbekku evallana modhlu tengdhu hakki bere mentar recruit madi antha, Avagle entha Ganchali maduvavarige budhi barodhu",Gender
684,Islam shatrugala ketta buddhi ne ade iga madtirode ade ket kelsa...,Religion
7153,Hu kundeyalli etkollali bidi,Political
5133,Princepl nataka madthare<br><br>Pu college judgement degree college ge attach madtha eddare. <br><br>35 varshada balika komu visha kakkida principal.,Gender
4558,"Raithara saala manna madidre desha halagutte anda ivnu, but 40 to 50% commission thindre desha uddara hagutha heli Mr amavasya",Political
5128,Huchha ashwathnarayana avnu coma stage hogbitavne,Political
3958,Nataka adoda bidrappa 97adi neeriddaga e matha,Geo-political
4916,Ninu hinnu badukidyala aa bomb hakidru ninnpapi jeeva innu sattilla thu ,Violence
2176,"En attitude ivlge, avr amma eno kasta helkotidre egadtale kasta iddiddakke alva avr amma ajji doddamma maneli bittiddu, enthentha dodda celebrities ella conductor agidru, paper haktidru, anthavrella ivattu entha stanadalli idare, a stanadallidru beled Band dinagalanna indigu yav karyakramakke odru helkothare anthdralli ivlu istu maryade hogidru hetta thayi anthanu think madde ivlge ilde iro prestige ogutte antha ag kuthko heeg kuthko en kasta ittu antha dodda ambani magalu anno rangege build up",Gender
4427,En Sonu nin thirke soki,Gender
3258,tho nin pappa hudaga,Gender
1017,Sule inu eshtu janaranna kondidalo,Gender
6106,420 siddya bennalli gudya,Political
2749,Hucchi thiklu subbi,Gender
4282,Etara hugirana yake serel ge takoltrira hudgan life halu madidvlu rip shidhrth,Gender
3561,karnataka kke  iddku bidbardu intha jana galnna,Gender
6115,"Avranna ivnu jotege korkondu hogli, Ivra mane nuggi ivra henmakkalanna avre rape maadodu pakka.",Violence
4443,Sisters padarakshay eduwa jagadalli edabayku soolay galigay friendship maadabaradu hindu dharma kapadi,Religion
7560,Ed rubtaare taalu ninna hakkond gumm taralla avaga gottagutte,Violence
788,AIFF à²¨ à²¹à³à²¸ body rachane madoke en roga ivrige,Others
1212,Paki Turki .. Tika kobbu.,Gender
6117,Innu jaati antha hogi vote haaki. Karnataka files aagakke daari Maadi. Nimanthoru ero tanaka desh uddara aagalla,Religion
7587,"Hinta chappar mundege yavudaralli hodibeku heli,ivlinda maneli hudgir ge phone use Madoke bidtilla thu...... sonu gowda....",Gender
629,en helbeku veerappan tamil nadu tane.. namma rajanna na kidnap madiddu avane,Geo-political
4807,Desha drohi yavathu devaru kshmisudilla anthavaru papigalu,Violence
2512,A sulemakkalannu deshadinda odisi . <br>First seculargalannu odisi?????? f*** secularism.,Political
461,"Payment giraki  corrupt feku poojari modi bukth sunil purnik nin estu payment iskondhu kirchuadidruu asthe  kearla story  is vulgar , worst antha entire indian society  has rejected  n Tamil Nadu  kearla n west Bengal  nali ban madavare .  Ninatha payment giraki  glu estu huch  taraa samartane  n kirchuadidruu  asthe .  Get lost payment giraki",Others
6173,Darshan obba 3rd class huchca... Beedi Gunda ivnanna hero madiro thikkalu janagalige yen elbeko gotthila. Ivnanna hididu jail g hakbeku.. Ivnanna modi uldoru hendthig hodidrr saku...,Gender
6626,Lee neat hagi video madu hochne made mathanadu video start made hochne madodu hala mate pade pade ha muthi na nahi tka thara madbeda nodok hagala lkb neat hagi video madodu kalthko worst video in youtube ??,Gender
5592,Loafar sulamakalu public TV navaru,Others
5343,Looo sulle magane kaige yala thaglokebeda kano gandu Sarina soodhesu gandu ninge nija aythe nodko sullu magne,Gender
419,"Yella chappar celebritigalu..................... yenda kud du oorgella naa obbne daasa antha odaadudre, fans avre antha, ondu dina fans ye kera tagondu hod du hogtaare................ yella bevarsi galu Dr Raj anna, Ambi and Vishnu daada hesrelkandu metru tagataare, paapa avra makkle astond taglakilla...................... nam jana nu goobe bevarsi galu, bandu stage mele chapli haakilla, ee nela neevu devru antha dau maadi film prachaara maadi kaas maad taare, adu dabba film na gan hit maadtaare......................... tax ulisoke swalpa dhana dharma antha maadi janakke goobe kooristaare.......................... yella kaasina mahime................................ evara balu dagar baalu...................................",Gender
5890,"Lo half kwledge fellow yaaru ninge mamsa thinbeda andidu mathe yella hindugalu vegetarians alla, ivnu mathadodu didre holle thale Ketton mathado thara ide, mamsa thagonde mamsa thagonde antha sumne mathadthane yallaru mamsa thagondidare, holle half mental kathe, ninu thagondu thinnu navu thinthivi adre hindu hindu antha yaake Hated speechu, hucchanna thagondu bandu.",Religion
6785,Siddu hindu virudi  siddu khan,Religion
1144,@Mangalore rasteyalli namaz mado rasta chaap,Religion
2930,E mindri media news 1st solemaklu ramesh jareki hole opposite,Political
690,Ninna hettha tappige nin  amma nodu  sumne kuuthu nodtaa iddare...,Others
2658,Nim tale kettirode dodda duranta. Aa Bol** maklu bandhavaru ante,Religion
5823,Yake navu ee reeti madbardu e sulemagna haage adhil shah sulemaga,Religion
5933,Sarkarakki takka.sabapate<br>Sareela.,Political
7126,Neen Tumba Over Acting madtiya Guru ð Nododike Fake and Irritating ansutte,Gender
3198,Bolimaga speaker,Political
6916,Ollevrge kaala illa.kettorge ondu olle badku antha gottaithu...thuu ninna janmakke ninnavvun nin anthor indane ollevrige kaala illa??????,Gender
1812,suma sister aa munde ind maryadsat henmaklu koda hesru haalo tho awal janmke,Gender
2272,B TV is some shit channel inta jaanara interview madi hesaru haal madkotare,Others
2791,Taie munde kalu hege hoki kutkondal nodi,Gender
1129,"Fine,fine antey ??????bargeytta English evldu",Gender
1331,Le lose prathma ninanyogetege saryaada cinima maadila ninu doda cinima pandithanida tara maathdthidya.yesht dudu itidiya naanu dudu kodthini anthidiya.dalitra na yaak yethkathiya dalithra bage maathdbeda.hogli next cinima yaawdri nidre maathre kudada prtham.,Violence
7950,nanage bomb kodi na avarannu sayisbeku,Violence
7672,"Thatha contributions yella dharma dhavaru madi thara, u can take from whomever you want , BJP gvt yarguu alli thagobedi antha heltidhara, hindu Sangatane they are requesting ppl to take from hindu stall, what&#39;s wrong in that?? <br>Hindu bagge, dheshadh bagge dhodragi yochne madi, bari mathadodhalla,",Religion
4302,Avlg manners illa heng mathu adbeku anta ????chiiiiii,Gender
6397,"Modlu ivaligalla, ivat tande taayig mettali hodibeku., Istella aadru heng idaralla tu.,<br>Maryade annodu ivarige gotte illa ansatte.,",Gender
1518,Uttara Karnataka martiro e sarkarakke ugiri,Political
731,chee ivalobba dodda sule,Gender
405,Rahul gandhi kuda prime ministre adre edhe tara madtane kalla family,Political
909,nayi avalu,Gender
4630,Chaiyi madaru deshana Alumadutha eradu. Stupid PM stupid plans,Political
2071,@madhu chutiya slum fans evrella avr think madodne bereourge heltidare ððlol,Gender
2008,Tumba olleya maatugalu ajjare navellaru onde bharatiyaru IVARIGENU GOTTU GULAMRU nammannu gulamaragi madakke horatiddare ee kantri congress navru,Political
5524,Dodda sule maga evanu<br>Nenaman dager sule magane.,Gender
4327,DBOSS..thika boss evanu nachige agbeku bari dove mada mandya ge bandu ..hallina abisheka madi intha loppers nan makalige,Gender
3321,Congress ge vote hakabedi. Siddaramayya nnu endu gellisabedi. Avanu maha secular antha matada taane. Avanu gellubardu sir at any cost.,Political
3104,Le kanthri nanmagana istella heluvavanu sabra jathige serbardu,Religion
3841,Why is this Pakistani here..? Alli ganchali madidakki odsiddare ansutte....,Geo-political
4713,"As if avarige matra devru irodu... Naavenu pardesi gala.... Kukarma, kukritya maadi devrannu bedo jaati.. ",Religion
5205,Ellarugu kettadhu kettvishya bega esta aguthe...adre olledh yavangu beda...kettdhana joollu surskondu..nodadu amele Sacha thara mathadadu...thu nin janmake.,Gender
6584,@Pradeep Kumar Narayanappa Shiroorkar   ninu mulla ge huttidiya ð¡âªï¸hutiya nanna magane ð¡,Religion
4113,Yar heledravva nin chinnigediya antha,Gender
3835,Naveen a youngster with No name Kohli mukkakke ugad hoda?? KING papa gathi ildavn aagbitiddane??,Gender
2832,Ebru 420 yaradru ashte uddara agodu ashtaralle ide,Others
4892,Guldu nan magnay <br>enu agola <br>Mamsa beda adanna tindre ninu muslima agtiya,Religion
5217,Nee yen madur iwag hit aadi..,Others
4405,nenna Amma bettu enu pakka sulle bvc  nennge nen rate estu anta social mediadail hakku Randy bvc,Gender
7697,Siddramulla Khan ge <br>daily 10 number uta beku avnu upavasa kudo mate baralla????,Political
5140,Yenne hodidadne kane  rash agi odasde irtana,Violence
5315,Hogo Nenaman sule magane.,Gender
3542,Ivla tayina metnal hodibeku.. comfortable agi kutko nin maglu bathroom Li kutkond halsod guhe..koltpgiddu torsidlalalva hage,Gender
4083,Ogi maduskond thinnaya....saku kandini....sabru ge hutdhvru,Religion
3173,Both room torslillla yke confirm agi gotagutte antha na ????????????,Gender
7149,Badge mane thurisu nana mane athya sulle mudeððð¡,Gender
1111,Ninu nin room ne clean agi etkondilla ennu bigg boss mane andre kandordu neetagi etkothiya ðð thuu nin janmakke hogu esht bad name bandru aden antha phone use madthiyaðð,Gender
459,Anchor ge hodibek,Violence
7511,Mukali kottara yellaru support madtare,Gender
3879,Supper vikasanna... Chaplili hodthangaythu,Violence
3902,"Nimgella maadak kelsa illa andre hog holdal kelsa maadi my bagsi, woho ho yen ivrella navarandragalna  node illa.. paapa.",Others
4869,soole makle gujrathalli maadiddenu porota maadi thindadda aadi chennagi neevu kone aagthaa banthu,Geo-political
7456,nim amma mathu keloke ready ilvalle sonu..nija heludre tention aguttha nin thara  bitti scope kotre ista aguttha ninge..nin interview gal nodtha idre irritate agutthe..in munde adru olle magalagi ire stuppid,Gender
5789,Dagar sonu bast ????????????,Gender
7021,BJP loot BJP drama BJP all mp mla 420 sulya makalu rowdy BJP,Political
2229,Sidaramaiahya Congress bedothanaka Congressge uligala hilla. Dalitharegantho uligala ella. Parmeshwar adghathi yallarigu gothu. Evaga mathey sidaramaiahya cm Andrey mathey congress kathey mugithu,Political
3870,A vayasagide ninge buddi Yavaga barutte Ninage handi tin tu nin janmkke,Gender
7132,Bhat??? Proud ?? india dalli caste ellanu surname basis mele alitare adu tappene,Religion
2541,Edontara kantri nayi edannatandu kurukodavrge buddiyilla,Others
5740,"Alkut bjp sule maklinda ella desha alagthirodu. E sulemaklu. Avnyavano thayaduka elthone congress sulemaklu antha, e video upload maadironu pakka thayi adukane irbeku. ",Political
7717,Terrorist news channel agi marpad agi bittide,Others
3256,Yenta maglu ayappa tu nem janmuke,Gender
6287,Kerala story bjp maadida ondu kattu kathe Karnataka da chunavane yannu  dristiyalli ittu idannu sristi maadisalagide kerala jana athi buddivantharu kerala Education nalli bharathadalliye first alli iduvarege bjp ya  ondu MLA.MP.adagali aarisi baralilla kaarana alliya jana education nallu mundu aarthikavagiu kuda munuduvariddidare alli hindu muslim yemba beda bava illa idannu  aritha  bjp.,Political
4493,huch sulemaga pratham daridra ava,Gender
1489,mosa darode kole innu agta ide andre adakke congress karna..odsi avaranna modlu,Political
3539,Randi ninu sulene ninage sule annada Garathi antara .....ninnatha 3 bittolana interview madata eddare all e tv yavaru first evarige ogeebeku,Gender
558,Lee childu Surya .. avaga tea martidda iga desha martiddane ...  Thika muchhkondu hogu...,Political
2454,"<a href=""https://www.youtube.com/watch?v=QdUAOW1fvyk&amp;t=2m27s"">2:27</a> anchor be like &#39;adu avl hanebaraha&#39; ante????",Gender
2466,"Avru movie dudd madidru antana neevu dudd madakkagalla antana.<br> Kantara KGF Charlie Saptasagarada aache yello Ee movies yella bere kade hit agive. Haganta avru hogi bere rajyada tondaregallali tale hakta edara. ee Tara cheap agi adbeda Darshan. First heg maatadbeku anta Kali, yen neen support madade edre pratibatane nadiyalva.",Geo-political
3563,Parents cultured illa andre makkalu adda dari hidithare,Others
3590,Ammage maryade kodod Kali Sonu ni,Gender
4573,janare ella partyge chappli tagondu hodedu naave dhange elabejku yaava politician help beda naave munnuguva eshtu hena biddaru sari deshakkaagi saayuva ee bewrsigalu politicians iddannu maaduvudilla hedigalu rana hedigalu,Political
7759,Avru aramagi barali olledu. Etara speedagi driving madidre publicge  problem agalva. Fan gale Yavaglu nam hero safe agali save agali antirala .public place nali Nim maneyavare yaradru e accident nali satthidre enagtithu. Public ge problems madavrnu hero antirala Nivella manege maklu agovra,Others
6574,I'm Indian Muslim sir nange weapons kodi naan pakistanakke hogi avara 400 janarannu bomb haki koltene..... Naan sathru paravagilla,Violence
4924,Thatha muslim agi convert agu yake badkonthidhiya gube thara,Religion
6453,Bakrasedubadtesedu.. ee sule maganna,Gender
5449,Baratha history yalli. Blujp  yestu Nara meda nadeside yellawu. Fake story ya moolaka janara nnu sullu heli udrekisuva moolaka election ge tayari nadesida reeti ide   melobbaniddane yella stroy ya nija  ariyuvavanu alliya varege bogali yenu bekaadru. SATHYA MEWA JAYATE,Political
1164,Avalu dodda loffer,Gender
1121,"Avanannu hagene kollabeku,avana kutumbavannu bidige eledu avana sahacharara na salagi nillisi dham-dham anta kollabekuð¡ð¡ð¡",Violence
992,Congress GE mettali hodiri siddu ge sullemaga DKSI GE hodiri,Political
8010,Bjp kpsc very fuck bosudi sule maga navaru kpsc bjp brastacharai galu bolimaklu,Political
2870,Bommai avre nim govt alli agiro astu corruption yav govt allu nadedilla,Political
1333,Avr yogithege police constable age relaxation madok agthila..  Youths ivagladru nenp madkoli next ee govt barod beda.. Ivrge vote ne akbardu thu. Youths ge study one help kuda madila,Political
2142,Mental Tulu evlu  innu esht sala kaal etttalo,Gender
7451,Hogo  lofer  thatah. Mindri  hdk  nikil  kalina  doligu  sama  ila  ninu   avr  bagge  matadtiya  One  90  tagondu  pachko. Nalyk thata,Gender
6992,Evalge yeshtu jana gandandhru.,Gender
6952,Thu kachadagala ???? except Mother ????,Others
1601,Thika muchkond hogo buddda,Gender
7277,@Pradeep Kumar Narayanappa Shiroorkar avarige artaagalla bidi sir..artha aagbekaadre ee charchege baruva atava brain vash maduvavana magano family ya hena beelbeku...illi hindutwa antha sayoodu only poor people ..estu helidru buddibaralla,Religion
4398,Ninenappa dekharaki dti <br>Olagina chaddi dko Tata saku <br>Yaro nan mallu bejan kottirbrb adke istu udda matadtavne mudka ninu tamilianaa?,Geo-political
542,Freedom app navnu sikkudre mettalli odiri,Violence
526,Avaran muadide nijahadare avaru harahadaru namm jan suamani biadal uasar,Others
1865,Neenu Tukali movies madodu bittu olle cinema madidre yellaru nodtare ...neenu mado 3 Rupayi buildup ge Bere movies nodbardanteðð,Gender
20,Yavano comment madavne nodro kelage kohli bagge Lucknow tunnige huttironu,Gender
6266,"Le sokk le ninge, modlu nim amang respect kodod kali modlu, neen madbard kelsa madidru paapa nan maglu yeno tilide tapp madidale anta sumnidare, eshtella adru nin sokku kadme agilla",Gender
5161,Bikari Naveen ul haq,Gender
1713,"Dodda vichaaravadi hage mathadthane nataka saku muslimaralli Yhtu ollevaru iddara ashte kettavaru iddare avara kodugegala bagge mathadthane avaru hindugala bagge darshisi udu kanallave . Nammagadiyalli innitare raajyadalli nadeyuttiruva hindugala hatye kannige kanuvudilla. Indu hindugala sankhye kammiyaguttide,muslimara krurathe kanisilla. PFI SD PI avru yen saadhugala. RSs bagge apaprachaara nilsi swamy",Religion
4179,Naachike bitre heege irtaare... Thoo asahya,Gender
5674,Hogoolee kittogiro nan magane tagondidiya tindu bidko hoguu ð,Gender
3305,Indrajit be like: helbid nin fans&#39;ge kitko bek nan shata bandu????,Gender
1527,"Sir ondu prashne cinema nodiye tiliyebeka nanu house wife 1990 ralli nadeda eevishayadalli navu tilida eesathya vannu nanna mak kalige tiliya padissidene idu namma karthvya sir, iga hogi noduva dhayar ayavilla sir, adare eegina youth galu deshkagijivana koduva gyana viddar e awaru ottu seridre yaru namma virudda kaiettuva dhairya virutta sir modalu ottagi seri sir berenu beda navu kuda ade saraswati tiradavaru adare namma purvajaru alli ideritiya kashtavadaga allind Goa kke hode vu allikuda porchughesarathondare tadeyalagade alliand South canara, north canara, Kerala border alli hogi jivisedevu igalu namma kuladeru kuda Goa dalliyesir, idu namma hindugala kathe sukshma vagi heliddini.",Geo-political
5819,Muduka hudugi ge maduve thu yetha kaalanappa idu,Gender
7273,Modalu namma hindu parents and family  chutya nan maklu arta madkond hennu and gandu maklanna control alli itkoli...<br>Hindu dharmada bagge heli nim maklige dharmada bagge tilisi..<br>Modlu &quot;Girls&quot; arta madkoli please ????,Religion
2912,Ivl ge mana maryade illa,Gender
6284,En kithkatiraa ega hodudree..............,Gender
4079,Btv ban agbeku guru bari faltu janara interview madtare thuu nim janmakke,Others
5712,Lady CD sahukar jarkiholi,Political
4088,Yoo nimge bere Yen kelsa elvenrayya yavaglu Yen kelkobeka Yallarigu kannada mathadi antha yak allow madbeku yarlarnu 1st namdhu tappu ugidhu bitbidbeku monne avlu anushree nu Hage madidhlu mangli ge,Geo-political
5364,... Nim matu kelo yoggatenu  illa sir avrige..,Others
3391,Helalla andre menter inda kittu haaki ashte ganchali antha heltiralla hottaege tinnalla nihu muslim mahile antha bayee ge banda hage head line hakbeda digvijaya news hen maklige maryade kodod kaliri first nim kelahu news channels galige ganchali jasti aagide rajakiya nayakara support ide antha,Religion
6035,Nin avan tula bosadik win aadar pisiga ati magana,Gender
5148,I miss you Harish<br>Thooooo Meghana,Gender
6555,modi sir plz nangu ond chance kodi nanu hogtini rdx ita kalsi na nana deshakagi sayoku ready adre nava kodo shock henga irbekaandre idi hadargiti pakistana suttu sarvanash agbeku,Violence
620,Innu ugiri nakke tu yav mukha hottu bartala,Gender
3661,King na aggression nalli RCBians aggression kanutide,Violence
4475,"Tumb? alla ge?eya, ?vaisi sah?dararu bh?ratada atido??a musli? pak?avu hind?ga?annu kolluva bagge bahira?gav?gi m?tan??utt?re.",Religion
3850,Le tata muchukondu manege hogi uta madi malko ninna aa henn maklu mai terakondu kuntavre,Gender
7339,Budget odokkintha munche yenu avasara evanige... Siddumullakhan ge... ð,Political
889,Ninage sent gotha baddimagane,Gender
4146,Lo mudka nin thale Lory kelge ido lawde,Violence
7553,Nin tulla nayina keya randi magel Pakistan sooli rande ninu ninnanta sooli baayalli nam kannada bhaase barod beda...... Alle pakistanadalli taalibaangalige mukli kodta iru,Geo-political
533,Shanda chiranjeevi ninamman soole maga neenu,Gender
3973,Hindugala ond hagro nimagoskara adru rakshasagalu avara janasankyavannu jasthi madta idare. Nale nam manege bartare,Religion
4280,"Christian story barutthe next Just watch it,  totally politician cinema yaru nambak hogbedi",Political
4773,Avl ammn ? Mukha muti kittu,Violence
4184,War aglebeku sulemakla Pakistan nimge ayhey,Violence
516,Le thadaka rajakiya vishyavannu kuduka Nan Magne  Cenema ge compare madthiya.... nin film kannada bitree yavanu nodalla... muchkondu  bembala kodu ell ente hodedu hogu,Others
5791,"Evligu,evl ammangu ibrigu mett tagond hodibeku... gowda jaathige avamana",Gender
6443,1 antu arta aytu hijab matter Yavaga barutto avaga heng pungli gyang GE kesri shall Nenp agodu ð¤£ð¤¦ââ hinge nai tara kacchadta iri nam desha uddara ð¤¦ââð¤¦ââð¤¦ââð¤¦ââ,Religion
6259,Nan yekkada BTV ban agbeku...,Gender
3276,Hucha partm History gotha,Gender
1270,"E daghar sighakondowlle , sighakalldhe iro malliru irthare, is it , sidalli silentagi game adavru",Gender
2800,Interview al kuthkond Valle suleee thara adthidhale,Gender
7591,nijvaglu ivalige tumbane sokku intavarigi yaru acting kodbedri dairectre plz,Gender
7485,Bro rajamauli madthidre inna stunt scene super madtidru..fake story for fake people..,Others
6046,Thayige thakka magalu.. Pakka sulegala parivara,Gender
692,Kama ede Alva adu sulabhavagi mathanthra aguthe 100%,Religion
4005,News for Views Bewarsi Btv,Others
147,Bjpge papada koda thubede,Political
4623,Ninmakke nanjodaaka????,Gender
3362,Sudeep sir bekitu ivlge correct agi heloke ugiri makke yarige hege mathadsbeku hege respect kodbeku BB maneli hege irbeku antha gottila durankara jasti ide stright forward ok but hagangnta duarankara irbeku antha yellu helilla,Gender
15,"starting full top ge ogidlu  sakkath vikash bro ?? over acting alli sympsthi gittuskotole evulu Shilpa Sonu partners bidi bro , Este hugudre aste evarge , side business running erutte , BB enda professional tango business startup sonudhu?? kengeri mori",Gender
6890,Dod dugerna karsidira dimak nodri avllige,Gender
6181,Pakistan bo--------- gandse adre kan Munde band attack madli e Thara bomb grenade itkond barorvr Ella gaan-------,Geo-political
118,Obbha muslim Saha iddanna kandisalla.ella Muslims support madtare.  ellaru Hindu virodighalu .,Religion
4678,Edu modle planning madidare ð¤£ all parties are just drama,Political
546,Tikka moccho leyyyy ninna prakara galli gallige barbega,Others
4914,rajamauli madthidre inna stunt scene super madtidru..fake story for fake people..,Others
581,Ninnu madiro kelasakke think maddale kunidadabekitha anti ??,Gender
4626,"Innenu Intha kitthodhor na akondre disrespect bittre innen expect madthira? Ah ibbru lowdas name gothilla.. short hair girl and curly hair guy noduddhre mai mai mutkondu asayyadh chutiyas thara adthare. This is freaking family show where public audiences expects friendship, respect and manners. But this ott has none of these. Tv news chutiyagalge olle TRP and useless content. SUDEEP SIR ANTHU SONU GE CHAPPALI LI ODDHANG HELUDDHRU AVL MOKA NAYI HEL THINDHIRO THARA AGIDHE ðð¥",Gender
2371,"Naananthu ivatthinda yava muslim jothe friendship madolla, matthe muslims puncture shops gu hogalla ashte alla kanishata avara provision store alli one kothmiri sopnu togolalla??, jai bharath Maatha, jai shri ram??????",Religion
4109,Nine galijju inna nin kelsa yali madtiya sulle ð¡ð¤£,Gender
2997,edu.40.cm.kaala.<br>Yallaru.shante.yaage,Political
7481,Howdhamma.. thappagidhe. Nimdhe training ah nude agi bf jothege video maadodanna? Maadoke kellsa illdhe reels maadkond kuthkolo Trp goskara Inthaa dagaar galanna interview maadthirala..,Gender
7452,Yanta sabhadyaksharappa ivru bjp yalli geddirbahudu bjp ya agent Tara aduaksharagi matadbedi samsse heloke bidtilvllayya ninjanmakistu benki haka,Political
3942,Inthaa Pakistan dagaar munde na thariyaka interview maadoke karkond bandri? Inthaa oorsoole munde na RCB li yenike ittkondidira? Obblu tennis aadolige cricket nali yen mentoring maadthale?,Gender
2282,Bari ide aytu rcb fans du<br>....adke ishtu varsha aadru cup geddilla <br>Nim janmadallu uddara agadilla,Others
2265,Nim avan tullu sulemagne nim akan<br>Nin magal tulla nan tunni Randi magane,Gender
5566,yelli sixe agide ghandu muthalik <br>Ninnappa Modi modalena acust maadi arestu damm ideya,Political
4245,"KJ DJ Halli Yalli Ninna bandavaaru Dalitha MLA manegae  Gokulasthami dina Benki ittaga Bayalli En itkondidae Ninnu. Kashmiradallina martanada , sharada pitaa innu aneka allina devasthana ,Hampi, Halaebidu, Somanatheshwara devasthana, Melukotae Srirangam Takshashila, Nalanda innuu estoo Lekka villa dasthu mandiragalanaa ninna baandhavaru sarva nashamaadidarae. Namma hindu samskruthi baggae maodallu tilidhoko neenu, Yoga , Ayurveda, Samara kalae, Bharatnatya, Kuchpudi, Karanataka sangeeta, Vykarnana,Yakshgana, Kalari payat, Kathi varsae, Kara saamu. Sonnae yannu kanduididuddu Aryabataruu. Ninnathaa huchharannaa kathhaarisabekuu",Violence
7385,Pakistan davru bitre bere dehsadavaru gandasarallave,Geo-political
549,Ye lovdimagna  chhatrapati shivaji maharaj a shivaji alla,Religion
3300,Le thukali thind sai namma kamadenu nimma uta ,Religion
1513,Nin congress ansutte ....adike Tika uritide ansutte ...evatto nale ertiro elvo.......<br>One sala Kashmir fils movei du avaga gottagutte.....,Political
6963,Ninuna jilige hakidre desha rajyake nemdi     nammagala  dudhu  tinde hige adutira obhanige hutiro nanna makala nivu rajakarnigalu,Political
4153,Bosudi MUNDE RANDI,Gender
938,Thul thorsdhol karkond hogi bigboss nal bittidira,Gender
3962,Both James and Kashmir files eraduâ¤ï¸opposite ondu olledu helidre innondu kettad torsatte,Others
1685,Dabba nan magane namm deshane bekeno ivakke,Geo-political
4448,estu sala kal ettidaro,Gender
560,Krutyada kartanannu kattarisi,Violence
6491,Durahankari Sidda Sokkina Sidda.,Political
6947,Sania mirza muradabad ppakistani loafer lady Jai kannada jai Karnataka ivalu tulli,Gender
6304,Bari sullu idu yaru nambike idbeki  plz,Others
821,Thuu r u girl ninna janmakkishtu,Gender
4239,Super bro da enadru madkond halag hogu,Gender
3475,"Jai bheem ,artical 15, movie baggage ee madhyama anuvadigalu yaru mathadlilla",Others
4638,Hello en sadhane madidale avlu,Gender
7048,Kelage cut madisko mudiya,Violence
3991,Avar hathira yake Kannada mathadi anth anth bag madathira..thu Pakistan dog,Geo-political
7053,gaaandu ghambheerð,Gender
1871,Tuuu yav saadane nim muka????????,Gender
6374,Ivalige kudure jothe madhuve madsbekittu   kudure samanu ivalige sariyagutte,Gender
5242,Secular secular anta anno ghandoos watch this movie..,Gender
2831,Hogee chinali ee sule jati henmaklu deshankke maraka,Gender
888,Madode halka kelsa yen dodd sadane madidange,Gender
6663,Idiot meghana mathina malli,Gender
5561,Please see this movie tumba nija galanna tilsatte mivie yaru ban madbeku antaro avar bayalli mannu hakbeku,Violence
3498,Film chanagidre mathra jana nododu ...neev mado dabba film na ee kanalli nodok agalla...film chanagididake kgf 200koti karnataka li madidu ..avr film nodthya nodthya andre neen netug madidre nindu nodthare,Others
2919,Le ammani hogeley tagdu munde,Gender
1748,Naachike maana maryadhe yenu illa ee Sonu lawda$ btv news ge <br>Namma dhesha Hinde uliyalu intha backet channel gale kaarana,Gender
140,Backet tv channel,Others
5758,Correct Thaatha. Chennagi Hugiri. BJP yavara naachike illadha janmagalige,Political
5416,aa desha drohi galanna hodedu odisi,Violence
917,Hogappa mamsa tinnu. Hogu 6 tinglu taliban alli iru. Sumne burude bidbeda,Violence
7121,"Binge here kelsa elua yake benki kodo kelsa madtiya (ninmatu keli ha henmagalige munde ra,,,,,,anta baysiddiya nimaneli henmaklu elua",Gender
413,Neharu fullu fraudu manushya waste pm,Political
6735,Ninge dhikkar nimma manege kallaru bandre en madtira nive heli hodadu saystira,Violence
3180,kerala state ondu islamic state agodralli doubt ee ella,Religion
61,Mujahidin nanmaklanna naduraodnalli shoot madbeku,Religion
1230,NEENU TELUGU SOOLE MAGA THANE...<br>KANNADA ALLA...<br>ANDHRA HOGO SOOLE MAGNE,Geo-political
5335,Maduve padake kalanka,Others
5608,Purohitara mind voice. : ee punyatmanige innu eshtu madhuve maadsbekappa :;,Others
5555,"Nim maathige nan namaskaara sir, aadre ond maathu helbeku anistide sir, neevu ond mutton shop itkoli itkobeku, aaga Nim shopalli yaaraadru nam Muslim bhaandabvru Nim shopalli khareedi maadidre aaga nammanthavru Nim maathanna opkotivi, aagatta sir",Religion
1142,Nijavagalu nachike mana mariyade anode ella kane ninge thu nin janumake??????,Gender
5229,Nija. But MODI hesru helkondu NAAMARDHA SHIKANDI galelaaa MLA MP seat nintkondre hege vote maadodu?,Political
1873,Shata tariyoke karsidira sonu dagaar na,Gender
161,Tagalrappa avattu jaggesh avr athra hogi kshame kelu kelu anta hegradtidda gnaniyulla abhimaanigale indrajith du ivaga en madtiraaaa abhimaanigale (celebrities)??????devridaane guru avattu jaggesh avrige avr vaysige bele kodde ast maadudralla ivattu nimig tirgide iste jivna tilkolro ??,Others
3780,Haudu kaleda baari congress ninda jumping madidavaru evttu matte thavaru manege barthare aste adakke neevu bobbe haaki dodda issue maadabekagilla godi midea ð¡ð¡ð¡,Political
6311,Ivanu yaro mental..... Huccha hudaga agiddakke banta illa chakka agiddakke banta,Gender
1228,Ratham dhoddaHucchana mathu enu keltira,Others
973,Yentane Kadli Pakistan Ha*li ????,Violence
1233,Edu yallanu gothiddhu bharatha da baddi maklu Congress ge support madtaralla evrige metalli hodidhu saisbeku ??,Violence
2062,Nin appan shata munda nayi munde,Gender
4750,E tara ugrarannu saport mado namma kelavabba baratiyana buda sametha kittakka beku akenendre obba ugranige nav avanige saport madi namma deshada valagadene ettukontivalla adakke naanu yelodu ondhe yaru saport madtaro avarannu mattu haa urannu Sarva nasha madbeku,Violence
7338,Sule mude dagar khushi ge mattu sonu ge en vyatyasa avalu mai toristale ivalu mansalli iro kettadanna torsidale,Gender
3169,Evalu en sadane madidale antha elli karsidira nimge maryade ididre karstirlilla,Others
4986,Nimmavvann mindriguttidu sulemaklu BJP yoru neevu,Political
4487,Muchkondudu  paatadha kade gamana kodiri.... Bere avaru thalege  batte aakovara.... Illa olgade chaddi aakovara antha nodkondirodhaaaa.......illi one one marks ge compitation nadithidhe government job ge ....,Violence
4075,"Shame on INDIAN Govt, Ajmal kasab mumbai blast attack madidamele avange jail lalli Ittu, avan saluvagi 9 crore rupees Kharch madru Inta Govt, nobody take immediate Action,",Political
4868,E bucket tv ge bucket ediyalle olle bucket na akond edare???? <br>Chapri sonu,Others
4930,namma kudiyuttiruva raktakke enu madidaru kammine ee bhrashtara kattu hisuki sayisbeku,Violence
7064,"Dvesha bittu desha kattu , adre Neenu dvesha bittilla inbrige heltiya ,dvesha ada adakke Neenu ninna maatinalli gottagta ide sari tappu helta iddiya anta .",Gender
2632,Ninu modiji hendey muskodu barodu bitu masale dose tinake hogideya ella puncher hakake hogidya lofer ninu kalanina chikapa nu kalla,Political
7442,i<br>maduvegu munche Elladakku Ella ittayithu..,Gender
6048,Desha droha kelasa maadalikke kaaytaa irtare. Deshadalli mandatory kaydeyagi once for all hijab kittu bisakuva law tarbeku. Pade pade court case deal maadlikke government namma tax money halmadbekagilla.,Religion
6036,"Poli hudgi kachada tara edaale, papa evnu heega ella, too bad taste evange",Gender
3531,Nee thikamuchkondirooo. Ast buddi idre neenu ondh movie maadu,Others
3357,Jihadigalanna oddu pakistanakke kalsi Ella problem solve agatte ..,Religion
6903,sir ellarigu gottu article 370 bagge eegga niven helodu bonglu boshana,Political
1749,Mucknond kannada matade,Gender
2664,Sanghparivarada sullu suddi idu.biased channel fakepolitician fake,Political
2103,Intha loafers ge invite madorige chapli nalli hodibeku.....,Violence
1066,Nim gendrole dagar dagar anru le 2022 2023 Bantu ee dagar matu bathroom tv na ban madrole ban madrole Sonu move madtale cerdaga akbid ra le akbid ra le Sonu jol fana goskara enod videos madtalo le  btv aliyas bathroom tv  thu ?? ????????,Gender
3088,ugraranna ide reeti sayisbeku..bosdk maklu..ivarinda eshto kutumba beedi palaytu,Violence
1675,Thu evalu oblu thayyi na evalu sari edidre avalu yake dagar agthidlu yaru madilwa antha kelthane avalu video madbekadre yen mannu thinthidla evalu mundde yar barthare maduve agake avalna bere yavaru agidre sucide madkondthidru thu evara jnamake,Gender
5153,Papa hdk kumaraswamy avanige bari 1kg mutton tegedukolluvastu matra duddu kottiddane,Political
1547,"Dhevara naadu alla,Dhevvadha naadu,, terrorist capital,",Geo-political
760,Huchu aswtanarayana,Political
1671,"Rohit Sharma out aagilla ,Sanju Samson glouse taagiddu.cheater Sanju Samson",Gender
921,???? ediot fellow anthale,Gender
3623,Tappu madtare ??? pade pade tappu madidre en enbeku,Others
2318,Nale CSK  revenge thakollthe,Others
6361,Boot nalli hodiri gulamarige e desha dhrohi congress na oddu odisi,Political
374,Samya.sadahaka adre matra politics madbahudu,Political
1408,Hindu galu enu tappu madidddare ellaru hindu nasha kke planning madtiddare.Hindu galige badukuva hakku illava.oppose madidre communal hesru.,Political
6269,Kallaru kallara santeyanne bayasuttare kaltana madi kole plan madbekalla,Violence
7083,dabba megana ellarigu assaya,Gender
4927,Halliyavru thara iddira nivu.....nimma mane alla idu yardo bereyavrdu... bildup kodoke bandidya ashte,Gender
7969,Bucket tv avrge first mettali hodibeku,Others
5593,Kodgi tara over hagi adutale loofer,Gender
5697,Neen muche.. Kachada.. Let ur mom speak...,Gender
3119,Jaggesh and his fans dance madtare... Mostly jaggesh shaapa ne irbeku ??,Gender
5438,"Gujrat files, 1992 files, mumbai files, sikh riots files yella barli hagadre, mass killings madadavrige vote haki sarkar dalli kursidavru humanity bagge matadridare thoo nim janmakke",Violence
7139,@Rio de janairo hogo lowda kongur tunneg uttdone nan en nin tara pakkad mane uncle ge jai analla.,Gender
6870,hi midri nann magne,Gender
5316,Avra parent na Karso necessity irlilla nimge papa KARSI MARYADE TEGEYODA,Others
3668,Sabha adeksha ne dod dove Nan maga,Political
2902,Lofar nann maklu namm kaveri neer kudidu namage batti idtave,Geo-political
2493,Evalobbalu sule,Gender
6345,Thu kachada munde ninu nin appan hage bereyavra samsara halmadid ninge devre sariyad shikshe kodtane,Gender
1681,Suleeeeeeee,Gender
3907,hey thikka muchkomdu hogi stady madi edu yela election gimiki avru avru amount thagothare kirik start madthare eli nim life allluagodu degree mugiyothanaka yela chennagi eruthe adu admele ede real life adana best madoke nimge school college ge kalsodu edake alla eeeeeeee hijab kirik na nim school clg princi galu nodkothare court rules na follow madodna yar adru break madudre avrge en madbeku adana madthare hogi stady madi edake neev thale hakodu bittu,Political
4089,This is conversation between Indrajith and Sandesh!<br>Darshan friends elaru rolecall members!<br>Ella rowdies and bruhaspathis????????<br>Ella rowdyism!<br>Ambreesh Anna elde darithappida maga agedhane D boss!,Gender
2841,KANNADA SOOL3 MAKLU ALREADY UCHE KUDITHA IDIRA,Geo-political
6252,Tumba Dodd sadhane bidi ??????...first Nim Mane henn magalana sariyagi etkoli amele hintavrig support madi ....ovractng madode aytu nachigettavu ..hintvrna news channel ge karstve ..yavo evella ....thuuu??,Gender
6646,Useless kageri... ondu kelasa madilla nammalli bandamele,Political
348,Ya ella dabba Dakota films madodu youngsters mind ella kulagedsodu aste ivrugulu.,Others
6762,Saku medum yella nagpura vidhi. <br>Makkalu protest madi hijab viruddha goshane koogthare<br>Nivu heludu leadr change madakke protest madidu antha. <br>Onde sala heli bidi muslimaru yaru college ge barbeadi antha <br>Yella drama saku,Religion
996,Chi nachikedu agabek bucket tv avarige....thu chi,Others
1295,Siddu bettukottbedu matdalli avruva amele nenu cals tago k na  bomayi siddu keltoero eduke answer kodu yak bere bere matdtediea sidown bomayi please kuthka,Political
1322,Naa sa hindu i am Indian army EE film SATHYAKkEA DuraVaDa visaya ..idu naija gatanea allea alla ..idu film tara nodi but ..intha gatanea aaguvaga Indian. Armygalada navu kadlea Puri thinthiddavaa .sumnea logikgagi madida cinima .idu asli story alla .Indian armya mana haraj hakbedi plzz respect Indian army film film tara nodi astea maindigea tagolbedi .jai hind,Others
2825,Bucket TN sitharama,Others
5090,Ondu kg chicken ge estu bucket edtiya uccha bolimaga cd torasla rameshandu,Political
6285,Eeeevl bayalli nam kannada bedaaappo bedaaa??,Geo-political
2510,He  sidda jana ninge torstare eradane bari solina ruchi,Political
7692,Avna modalu roadalli suttakape,Violence
6093,Nim appa lophar nann maga enu antha belsidno ninna,Gender
1220,Bo maganige innu buddhi kalisabek,Violence
7320,yen sadane madidale antha avlna interview madtha idyamma thayi..neenu same category thu,Gender
1095,Inta bewarsi secular galinda namma deshake enu upayogailla iwanu sabara samanige huttidawanu,Religion
7630,Ee news navra friends circle nallu inta ghatanegalu tumba irutte avrdu muchkondu dod doddordu rubtaidare.,Others
3212,Nim Avva Nan jote natka madiradke nin huttiddu chtya Nan magne ??,Gender
4198,Already maklu na biti bandidira mate ega maaklu madkondu adunu konege biti beron atara hogtira plz makluge problem madbedi adru badlu Yast Jana nadru sumne madve maadkoli,Others
5783,Yen koobhu evalige lofer sonu,Gender
6676,Yaava neenu. Hindu gala virudha muslim daali madidre sumne irthya. Saayo  vayasalli nenge hindugala viridha yaake. Naraka dthya sathamele,Religion
1243,Hi dingri billi iphone alli video madu Changi irthue ninu troll agidiya alla adna ninu eno oscar award kedidiya alla antha ankobeda e nayi ninu bbk house ge ogidiya antha kotha aadmele nanu nan fav show ne nodke agthilla nine galiju .amma thai give respect and take respect in bb house nanu nin byke antha ne nin channel ID alli bandhu ugthidini ð¤¬ð¤¬ð¤¬ð¤¬ð¤¬ð¤¬,Gender
6741,Muchkondu adakkagalla <br>Ivarinda time waste money waste <br>And students are not studying properly,Others
4173,Ammange Bele kode nayi munde Olle kelsdolna treat madddange madtya ille hinge Innu maneli odeyodu badeyodu madtaleno,Gender
4055,bomb haki suttu haki Pakistan anna,Violence
599,Next match ede dirty picture ððð,Gender
7046,Bro nivella yen gotta<br>Virat nam avnu anta avnu kole mad bandru samartane madkoltira<br>Nan naveen correct anta heltilla but virat Indian nam avnu anta over ag samrtane madkolbardu<br>Tappu yar madedru tappe<br>Virat ge 200 million support ede but who in front of him don&#39;t have it and that of afghani how can he<br>Nim yelr prakaran adikara hana eravr yen madudru eldavr muchkond erbeku alva<br>Ed yavt egu badlagolla,Gender
5542,Sonu istadru nin badkidyalla??????,Others
2925,Court orderna verodisdaga yelli hogidde kaka avaga kaveri nenapaglilva,Geo-political
5226,Le tulle modlu kannada sariyagi matadu dk dk ne,Gender
329,Speaker is bucket raja,Political
1117,Ninnantha mindri maglidre think maddale ennen madtare papa,Gender
5610,ee ella jatiyavrigu madbeku mari habba,Religion
5078,evallu sllue alde mattenalla,Gender
411,Tagaru banthu tagaru gummiskoli,Others
7624,Amman jote kooda henge maatadbeku anta gottilla sonu srinivas gowda avre tuuu nimma,Gender
316,Ley English baralla andre nettuge kannada mathadu yak eee thirpe shoki thuuu ninnaman,Gender
1718,Yaar guru neeevu....avne bandu galate agilla andmele...and kelasa gaarru kudaa....helidmele...sumne...yavdoo recording madi...chutiyappa madthira....let sandesh talk about this....,Others
7861,Hlo ninu e riti na,Gender
130,Nim avva frst saytale nodu ??????,Gender
6612,Soolemaga nin video yak nodkolthiya..,Gender
7122,Mad bard thappe madirodu,Others
2540,"avnige kama ivalige duddina moha, tu henta kala bantu guru? Karnataka da janate idakke sariyagi pata kalasbeku",Others
5724,Hogi hogi e soole na karkond bandu interview kodtira andre nimdenta sooleg huttidh channel irbodu????,Gender
6531,Edu baravase belakalla   blue TV edu boli makkala,Others
5442,Thu ivl janmuk benkihaka obru jivane thegdibitlu antha hudgan missmadkondlu,Gender
4531,idnyako matheeyathe anthiya bo- magne.. idu avra rights kano. nin thaleyinda matheeyathe horgade haku modlu.,Violence
5048,Nin mado e daridra video na elru nodi chanag iro Jana Ella kittadbeka ? Brain wash agirodu avrdalla Raja nindu. Nin acting ge mathra Oscar kodlebkalla?? Nam kannada nadalli ninnanthoru idare antha gottaythu bidu. ( Ivella pungu purana nin en idi alla alli matra use agodu. pedd pedd ange pekr pekr thara bandu comments alli baitharalla avrgu ningu enu vyatyasa illa ??,Others
3093,Pak ge dhairya idare mukha mukhi agi barabeku e thara naei galanna chu bittu bennige churi akodu hedigala kelasa,Geo-political
5137,turku nann makli,Religion
3889,Kattu kate kalpanika kate kotto de bjp sarkara da bahala dooda abhi varddhi hagu jati dharma anta dovesha bettudu manusha manushatva da madhiya visha bersiddu evara sadhane,Political
2621,Naveen ul Haq ba magne play of ge bowling madtane Kohli,Religion
6842,"Bjp bhaktare,Karnataka file movie maadi Duddu maadkoli enenu nimatra kisiyakagala.",Political
715,BJP avru nan syaata davru,Political
3099,"Edu actually program tara ediya, kittogiro show",Others
7014,Evala voice kelidre yako bhaya agotalla ?????,Gender
2676,Saniyage Pakistanake kalisbeku avalu deshadroyi,Geo-political
7069,"Janakke topi haaki badukoo kadhar antination khadar mattu, evana mukkke huviyoorilla adakke hege maataadodu ",Others
2582,Lo illyake darshan fans bagge maataadtiya ? Tale kettidiya bolimagane ? Darshan fans ge huttidda neenu ?,Gender
7607,Bagllu???? nendu Hur bagllu????????????nindu mukli nodko,Gender
1779,ee chutya pratham bekitta ee channel ge,Gender
7447,Shatad film shatihogri ella hijda galu seri,Gender
6888,Enu badukidala muka etkondu,Gender
2751,Janarana  gubegalagi  mado  e  malgalu  ayogya  mathadaru  thu  bari  buseness,Political
2708,Soole ninna ammana vaatha bevarsi mundde,Gender
3160,Fixing agidre rohith not out irbekittu or. 50 odibekittu out adru match fixing for. Birthday antirallo gubold Nan makla,Others
1064,Enu ivalu mathadthale mathadakkene gothila ivalige,Gender
7827,Hindhu galu devaru nambhali nambhade irale adre avastokke avarirthare adare ee muslims yak devaranne thoristhivi antha convert madi desha dhrohi madi naraka thorustgare muslimarinda doora itabeku,Religion
4149,"Hyy nin shaaa, bayyoddakke reason heltini Anta heli, namge gottiro vishyane heltidya alwa nachike agolwa ... mindri",Gender
5336,Ninna mathe dodda durantha so called secularism,Political
3707,Edhella just election gimix aste... Jana edhanna artha madkobeku and evaga petrol 101 amele election gedhre 201 rs haguthe.... petrol diesel... gas rate yallanu amele dbeku........ evagale gas rate 1100 amele 2000 rs..... badavru yenu thagolokke hagolla erokku hagolla..... yantha pradhani....... sullina baravase pradhani.....,Political
97,Hogu sabrud ungy,Religion
7613,Good job bomaige yekavachanadale matanare yenu avanege mareyade alla,Political
3914,BJP   tholagabeku,Political
7169,Hucch hadsi muduka. Deshna ind Pakistan a madokke neen obba saku,Gender
7517,Thika kobbu. Our RCB people should have self respect,Gender
4243,Oddu olage aki gube ama talekettu mathadthavle,Gender
3283,Le ene nenu ..nenge attitude jasti kane papa holli huduga avru,Gender
3197,Congress booli makkallana doora idi ji hindu ji bjp,Political
2433,"Shaadi bhagya 2 beku sir, hindugalu sayali namgenu alva",Religion
2754,Nachike agbeku ivara janmakkke cheeyyyy,Gender
5904,Kyakrisi ogiri thu papi cmððð,Political
4641,Natka channag madthiya ?????????? fake storry gye good. <br>Naan vand storry alla vandu real fact helthini adu yellru muslim viroodhi ooodi plzz <br>Muslim matye muslimra desha mathu muslim maathu muslim shops nd muslim activities bagye yaar yaarigye. Kashta agtha idiyou awarigye mathra plz yella nann hindu brothers nd sister sai gue alla <br> <br>Petrol use maad bedi plz <br>Dry fruits use maad bedi <br>Dubai trip gye hogbedi <br>Inna bahala ide adanna nivye find maadi adanna viroda maadi yak andre  nimma dharma na brashta madkulll bedi plzz ??????????????????????????????,Religion
4970,Idhu nijvaglu news channel ee na ...ondh objective annodh ila ..frst ee channel avrge mana maryadhe ila,Others
1112,This is not good btv. Publicly insulting girl or boy by releasing this tapes. Wt is happening on television nowadays news channels ella porn channels agta ive,Others
557,"@ibrahima, le langa sulamagane nimmanta avrindane pure indian Muslims shame agtirodu",Religion
5533,"First Sonu bigboss ge barodu ishta irlilla, bandadmele janara nambike na galiskoltaneno anta ankondidde, but isht dodda live show crore people&#39;s nodtirtare adru avlu ade buddi toristidale",Gender
1200,"Ondu jeeva thagedu preethiya sanketha anthiralla, nimgondu namate",Violence
6015,Ninu obba shakuni  Ka komuvadi blue jp party,Political
4629,Ha sulege hange hagbeku,Gender
5653,Le dummi anchor batte bichi torsodu sadane na..,Gender
6608,Pratyakshavagi naderu namballa Andre innenu helodu ivarige .  Idu ivara moodhathana,Others
2170,700 kotið¤£ð sidramulla khan duddu madi hogoke,Political
4879,Lo mudhka elaru vardhali ondhsali ka n veg tindhu mikid dina ela sasyane tidhu chickn mutton ge en haki adge madtheeya sasyane ka gubal ajja  hindhusthani sangeetha kotranthe avru makdhine ajja cast convert madtirodhu yaru tiklu mundedhe court judge ge kole madtheevi andidu yaru kapru mundedhe ishtela mathadidru bit kalsidarala idhu hindhu galu tilko monne uttar pradesh li bjp support madidha antha muslimne kondrala muslims news dlilva belge edre ninge kaka barala mutton thinthane anthe,Religion
7680,Nivu 1 kg danada mamsa thagolo jothege avrigu 1kg Handi mamsa kodisbekithu yakandre adu bhavaikyathe sanketha alva,Religion
1715,Sndesh avre chenage etri darshan ge bagni guta ????????????????,Gender
3955,Ayuthu thika mucho la . Nenu muslim ge huterobohodu. Nin time aythu . Ninge e vaselie idla beka,Religion
4929,Few media  propoganda leader tara adodu bidi,Political
491,Terarist ge ye show torsi torture madbodu??,Gender
1068,No.1 waste news channel.,Others
6635,hindu alli unity iddidre ishtella agta ne irlilla... nammallu muslim support madavru idare ade problem,Religion
502,Tuooo mosagati,Gender
7221,Swalpa alla almost  kohlide tappule tindi magnað¡ð¡,Gender
87,Ella mental dogs ððgalu beedige bandu bittiddavalla .innuuu halal payment kottilla ansutte . business agilvalla adkke mikkida muttun kottu kaluhisiddare .Ela muduka 1kg muttun ge istondu dailouge hoditiya .ba ba 1 meke kodustini  jatka muttun shop hattira dailouge hodiyuviyante ninna payment gang karkondu baa.,Religion
5959,Half kunne muchkondu hogo bolimaga,Gender
1537,"HiNDDU RASTRA ALLA,KOMUVAADI,MANUVAADI MELU KILU ANTTA 2 PERCENT IRO MEL JAATI,AAGE AADANI,AMBANI GE RAILWAY,HP,BSNL,ADA ITTIDARE.SULE MAKLU 98 PERSENT IRO OBC,BKWARD,SC/ST MIRITY GALIGE IAS,IPS,POST ILLA,BARI E NAAYIGALE.12 CRICKET PLAYER IDRE 7_8 ONDDE RSS APPA KOMU,Modi  MANUVAADI CHELA CABINET LLI 2PERCENT IRO ONDDU JAATI MANTRY 70 PERCENT.30 PERCENT BJP KATTIDA,VOTE AAKIDA BEKUF OBC,BKWARD,SC/ST GALU CHECK MAADRO OTTEGE ANNA TINRADRE.98 PERCENT IRO SC/ST,BKWARD,OBC,MIRITY BEKUF GALA",Religion
3293,Ivatthu  daridra naayee neenu yaru moosu nodalla nayi neenu daridra kangressiga,Political
4857,Lo kachada hijda nann magane yako bartira bay hakake,Gender
1744,Tu halka lowdi,Gender
6703,First btv na boycott madi avaga hella sari agute,Others
3133,"Kranthi ,yajamana, kurukshetra , Robert Alli antha denittu . Jailer 100 times better than your shatera boss dumma boss.  AAA muduka rajanikanth giroo film knowledge ninna dumma uncle gilla.ððð",Gender
3361,Ley Ninge correct agi matadode baralla,Gender
4593,yake estu over hagi adathiya yamma nam tym waste madbeda ethara upload madi,Gender
7728,Hi anna kali ninn chonna,Gender
6505,"@My kannada houda sir ,okay haage maadthini, nammane pakkadalle R S S navaru thumba iddare avarige helthini sir.",Religion
5309,Karma nin tayi yanta buddi kalisidavala tayi,Gender
6674,Le loude tulle Goutham Gambir also old player matte Virat yak avrge maryade kodlilla hage Naveen kuda madidane aste nin aduna matra helbeda loude ke bal iste gaycb late,Gender
7780,BjP bhakt re Neem aji (SC Muslim Christian ....) Sulemakal neem aji Vidhan sauda nugi jejti...Maklaa,Religion
2538,Bolimakla news channel alla nimdu...9,Others
2035,Ayyo sulemakla nimge sulle ellavngu bega idsodu e kithogiro sulemagunna chaannel enthadda ethi idithiro sulemakla nimma anthorindalle.,Violence
1318,Shikandi Ashwath nanna maga e sala sule magunna e Ashwath na constituency yalli janaru hodedu hodisttare....Jai Bheemji Jai sidduji Jai Congress...,Political
4863,Manegey  hogi bashana madu elliyenu proyojana ella,Others
2647,Durbala cm bommai,Political
3917,Niharu not a good design.lofer nanna maga neharu,Political
1004,Haif.sule.magna.aiklu.batu. yammia.tanu,Gender
5005,History tilkoli pratham modlu.....amele bogaluvirante,Gender
693,Avella madodilla bro bari name heli election time alli vote akuskothare,Political
7804,Tukaali ancor reality show ge hogo plan,Others
4385,Ivane dodda kala ivanu hatra hogi question keltira,Others
922,"allah,  bullah,   mullah  , ??<br>Sulemaga pravadi????  helu   thinnuva bevarsi handis  ??   ??  are very dangerous  ..??",Religion
5743,mindirigalu koolegadakaru mdarchoods bnchoods ijras oddu haaki kondu tundu tundu maadi naayige narige haakuva banni banni,Violence
4365,Nanu cm pm Andre 4 kasina kimmt lodal lanun Chang madri,Political
4525,Tv 9 sales to congress party nimma mane mandi,Political
6932,Qadar sir you very simple person because your pen ðï¸ is answer idakke vidyabhyasa mukhya andu,Political
41,Nimmantha loose nan makle....hindugala dari thappisuva kelsa maadthirodu...thu nin janmakke benki haka...go to Pakistan,Geo-political
3260,S r bommai sarige ittiddare siddu ge full uritu e tikla siddange,Political
6942,Big boss hogodu.....En sadhane pa .....dod Thayi Kan beedamma....edu ondu interview...,Gender
2833,Thirke S ... Makla nim thika NIV tholkoldro lo neevella hinge madi madi Sonu gowda belithidale gaandu soo.. makla nnevella AVL kaslinn ????????sama agthidira nimmane akka thangirna nodkoli,Gender
126,"PRAANHA ODRU NAAVU BHAARATHA DESHANA HINDHU RAASHTRA MAADALU BEDALLA..CONGRESS,JDS ANTAAREY.. YENU KITTU KOTEERA EE DESHADA HNDHUGALU. NAMMA KARMA REE KARMA.VOTU HAAKI GELLISI EE BEVARSEE GALANNA. NAATAKA SHRUU MAADEDDAARALLA.",Political
7730,Aunty thara mathadthidale ????,Gender
5935,@Reddy ninna maatalli arta ide Alva muttala,Others
6709,Ayo nem havan mendagut mundde nen nodi yela hudgiru hage kalkond betaru thu sule mundde,Gender
235,En kittavle anta nen interview madtidiya thooo nim janmakke,Gender
4521,Ley gube famuli members ala kane netge mathade,Gender
5287,Yavlge   kiss koda pose kodtiy kachda,Gender
6509,Entha avurunu yaru interview madala,Others
7764,Anvanu tullu enmele ede mari habba  kadiyode ð ð ð ð ð ð¤¢ð ð¤¢ð ,Gender
6900,Avnige yen gothu  gandu sule mudhiya hidhu galige paata helbeda ninn yavoo  cross nyige utidhiya sule maga,Religion
436,Anna nang innondh yen bejar agiddu andhre theatre alli <br>MOVIE ARTHA MADKOLORGINTA<br>MOVIE LI YEN NADIYUTTO ADUN MADORE BANDIDRU annA tumba bejar aythu <br><br>Theaters alli eetara irbardu first adella clear madbeku theatre ge hogoku ista AGALLA ??<br><br><br>Movie bagge helbeku andhre one time nodi artha madkoli but yelladru trap mador kandre mettalle odiri,Violence
3642,bad girl dabba meghana,Gender
4922,"SC, ST, OBC, mirity, hindulidavaru anta heli heli heli, 75varsha aitu, yaavanu enu kittu gudde haklilla isht varsha, they have been utilised only for voting, it&#39;s high time, ivaga Ella media li barta idhe..janakke gottagtidhe...Family politics hogo Tanaka, Namma gati ishte..Jai Namo, Jai Hind",Political
1714,"Bobmmayee ge gaddsu Illa ,",Gender
1210,@Pradeep Kumar Narayanappa Shiroorkar neenu buiseness maadi beliyo yaaru beda antare you bloody,Gender
3265,Thu congress kelsane galate mado kelsa..adakke congress na layak..,Political
6712,Sule anchor,Gender
4944,Yetnal gowda Patil ge CM Madli nodi avaga turkru nava randhra galannu muchhi kondu eratare,Political
229,uncle tika keytare congress navru??????,Political
4690,At least swalpa adru concern bedva che ivlu oblu hudgina paapa avru,Gender
5847,IPL ENDA BAN MAADI..,Others
3650,Avaru enadaru maadali.  Tunne unnakke.  Avana sahavasa maadidya,Gender
3015,Vikruta manassina Terrorists madiro karanakke: ella Muslims galanna target madtidare: navu elle huttidivi elle saytivi we are indians,Violence
1688,Budbudke. Makkalu. Bare. Opreshon. Made. Bede.. Nachekene. Agalla. Ovt. Hakoru. Muttalaru.,Political
4788,So called patrakarta agni eega elli,Others
4294,420 nan maga musalinmag huttid maga,Religion
2986,Nija guru ivattu ee vidio nodi yaako bejaraytu guru..... tho namagyakappa bereyavra visya avlu enadru madkondu halagi hogli .......ista adre nodbeku illa muchkondu irbeku annisthide .....<br>Tho nammpanane ivala vidio ge innu comments madalla guru .........<br>Avlu ene madali hengadru adli avlu ondu hennu .......<br>Ha ondu henthanakke maryade kottu kay mugidu ðððbittubidabeku <br>Yavva adbidde thayeeees ððð,Gender
6496,Ellodru darshan slum fans,Gender
4371,Dj Halli kj Halli nu avra koduge ne. Ne ye 5-6 year li hogbidtiya. Naavu irbekalapa inta terrorist gala jyothe,Violence
4909,Darshan andre ond respect ittu evaga thu nin janmakke,Gender
3751,ellarannu alle shoot madi saysi.. avrella badkidre namge problem,Violence
2429,Sule maga gambhir,Gender
8046,Motu patlu bommayi bogale bjp,Political
7859,Higa namma desha dali nodideve madodu dina idi pakistan india kia yalli irute hushara ?????? jai hindu ???? jai india ????,Geo-political
4800,Boli magalu inda niv sathra,Gender
1351,Sule makla pakistan davre thoo nim mukakke,Geo-political
4312,Yee news channel doure...avru yelle tamil cinema nododh bidi  anthl helyar ...sulla sulla hesar Haal Madhuri nivu news Channel dour...nivu nim tagg line thuuu nachiggetouree,Gender
4287,Alla eee sole mindriguttid sole inda enukko kannada elustora avravvun tullukeyyaa,Gender
2084,aagadare bjp ya intelligence failure aagideyo ? Bjp Rss leaders nayakarugala yennu makkalu muslimara jothe maduye aadare love jihada illa kevala bada hindu yennu makkalu mathra muslim ara jothe maduve aagabharadu idu yava kanoon,Political
2221,pratiyobba bharatiyanu nodi tilkobekada reality... nammaavara melada krourya nenesikondare kanniru baratte .. idannella iduvaregu bachittavarige nanna dhikkara...,Violence
3471,Bere yaru sikkilva nimge interview maddake entha poligale beka,Gender
4352,"Aythu thika muchu, dodda buddivantha tara comment hakbitta.. hogi neene news vodhu",Others
6204,Tiklu famous ge engeala madubardu  elrumaneali nintorsidu item ela iruthea,Gender
5074,"news chennal alli firat sariyagi batte hakoli doddoru,chikkoru nodthirthare .<br>Ivlu yenu sadhane madidare antha interview madthidira ?? samajadalli olle vyakthigalu idare avarannu gurthisi interview madi avaga nimdu olle channel agutte ??",Gender
1245,"avn sayoke, ivl reason alla tane",Others
1983,Nija bro nannge movie nodtha eiddre raktha kuditha eitthu ????????,Others
5728,Entha tayige entha maglu .... Devre nine kapadbeku,Gender
2417,Pratam.nayi.nan.maga,Gender
7125,"Mostly ee btv  sonu relative avr channel ansutte???? adeng ivlna oglutare sadane sadane anta,oo god, channel avrge maryade idiya ,en kit dabakidald aa sonu , yav seeme celebrity avlu aa",Gender
5844,"DUDDU ELLA PROBLEM IDE ANDRE.. MOVIE NA DOWNLOAD MADI MOBILE NALLI ADRU NODI KACHADA MUSLIMS, BEVARSIGALU HESTU KETTA MATU BARUTA EDHE BUT ELLIGE TADEDHU NILLISUTINI ......JAI SRIRAM",Religion
7298,Tea marodalla ninu didda beversi nayi surya,Gender
683,Terrorism anno pada huttisiddu islamis.. adakke congress terrorist galanna belesta iddare,Religion
5032,Dk shivakumar meter off agide Stalin munde Utthara kumara e nam dk shivakumar ,Political
434,@Pavithrajanu Pavithrajanu antha changlu galge suport madbeka ?,Gender
431,Muchkond modlu decent agi irodanna kalutko over agi adbeda   nin enu cinema actress alla nin chennagidini anta helkoloke nine modlu galiju innu nin room na  clean agi itkotiya nin character na clean agi itko,Gender
4815,Adu maatra saadhya illa nachige mana maryade swalpavu ulidilla avlige,Gender
5772,enta hudgirge chans kodbardu,Gender
7478,2 dagar gulu,Gender
288,Nija heliddeeri sir bjpya abhivriddi yenu illa bjp tolagisi,Political
4891,Yaw child munde ewlu crct aggu mathadak barallaa??,Gender
3147,"Swami , avaga yav govt ittu annodu heltiyalla. Ivaga article 370 remove madiddu modi govt anta heloke ningenu kasta. Congress helutte nav power ge bandre article 370 matte implement madtivi anta. Adella helu ninu. Modi govt na support madu antilla , avru olledu madidare andmele avru madiro olle kelsa nu helbeku swami. No doubt you are biased and hate modi(telling this after watching all your political videos).",Political
250,Bro ee movie na promote madidhu Kerala kachda congress ... Awru madidha tweet indha people started going to theatres....,Political
7284,Court samvidhana ne follow madtilla Andre vichar madi ond Dina hindustan ne islam desh madtar yenoð,Geo-political
1209,"Ee sule munde Pakistan cricketer na madwe adagle kera thagand hodedu odusbekithu nam deshadinda, nammoru sari illa modlu ?? thuu",Violence
2782,illondu allondu helo kelsa ee dkshi du huchh nann maga,Gender
7017,btv news chaplil odibeku bevarsi pisi pisi anta helkodta avle lowdy,Gender
5540,Papigala adhikara : Prukruthiya Vikopa,Political
6592,PRATHAM GE BIGBOSS HIDIDIDDA HUCHHU INNU BITTILLA .,Gender
6549,Dabba nana makkala yav sule ge huttidira,Gender
5843,tu karma sonu natka adthavle?????????...,Gender
3497,"Etaranu interview madtare ant iga gottaitu,,,,idoddu interview na thuu",Others
2367,Film sijana tu bari segani talayalli tumbide,Others
4381,Darsha Pavithra Gowda ondh room... Idkolrappa nim boos du ivaga...,Gender
3423,kattu kathe ella sullu torsidare,Others
3023,Yakri intha avrna yala highlight madthira,Others
3059,Paapa aa olle tammma idane aa hudugan hesar haal madakattale.... Ivalu...,Gender
3079,"Swalpa madidru ashte, jaasti madidru ashte. Tappu tappe. Ishtondu aggressive attitude bekirlilla. Just 2 tingalu munche virat hegidru. Success ilde iddaga calm agi idru.<br>Ivaga swalpa success sikkid mele matte hale chaali munduvaresiddare. World&#39;s top cricketer inda idunna naavu expect madalla. Swalpa dignity inda behave maadi.",Others
1854,Thu e mudi baddige madve bekitha,Gender
3440,Le bepnanmagne avnantha lootikora  dhurankari hibanilla . Awanu yenidhru bafoungalege leader.,Political
7524,Hindhugalu  ecchethukollabeku muslim  boycott madi,Religion
3731,Nimmantha thayi yargu bedamma,Gender
6570,Allah yavanu avanobha tulla.kroori nanmaga.A Sulemaga Helikottidana Kolemadu Antha.Thu Nayinanmaklu,Violence
1055,Interview madtirovlu fod dagar sule munde !!silent voice alli helkodod bere ivramman sule mundera,Gender
672,Alla guru Yen dodda saadhane madiro Tara buildup kodta idare,Others
3382,Very good sir a gandu eshwarappa ge  mattu kodka ravi ge heli,Gender
3548,Thu  nimantavrige chaplili odibeku,Violence
5977,Modi geddu bandre edella sadya agatte congrec kuda e gatanege kai jodside adikarakkagi nam gadi kayo yodaranne Bali kottiddara hinde e congrace kai jodside hinta sarakara adikara madoke awaksha nodbrdu fds,Political
7751,Thuu kithogiro bucket ediyoo channel btv anchor thalwar ???thagdu thik nugusbidtivee ninge matte sonuu gee ......,Gender
7294,drugas ella mangalore bandaru inda supply agatte adanne bere rajyakku kalastare,Geo-political
2019,@Cycric Shorts ley handi .. first govt yavdu during that time?,Others
7610,Vayassadru buddi illa....idu Hindustan...Jai BjP.......Jai Hindustan ððð,Political
2124,Nana maga muslmanara maga martham,Religion
930,Burude Ramaiah....  Hdk... Dkshi... Ellaru sathya harishchandra ankondiddare...  Sidda.. Nineshtu burude bhagya kotte ..matthe yake<br>Sothe...  Obbaradmele obbaru sagani aata nillisi...,Political
7040,"Useless CM, he doesn&#39;t kw anything what need to tell in budget speech. bere yavaranna baidre en bantu",Political
3930,Siddaramaiah rinda namma janara Hana waste maadista eddare,Political
408,Chutya adi o le nodidra gottagatta sanna paaragoligu adu boundary hogyad antha gottagatta,Gender
162,Shatta kelaka Siddaramaullah khan ge vote haki gelisidhu,Political
2239,Too budapa saku kandidini tumba,Gender
3451,Hadaragitti sule,Gender
5469,@Deekshith Kundar prataf ðð kav kav ð¥ð,Others
848,Karoubba randi bhosadimaga siddaramulla,Gender
2629,You all people who commenting still watching big boosð<br>Akkan first ban aagbeku ee show,Others
1824,A loose Meghan mukha musadi nodko,Gender
3867,e ayogyanige free mutton sikkide adikke muslim kandre agalla,Religion
5576,bharatadalli islam ban madi,Religion
1051,durankari meghana soft harish,Gender
7008,Bevarsi,Gender
4010,"Bandu en madidru, road show madidru.. yav yojana kotru en illa.. 41 varsha inda barde iro pm nam modi bandidare andkinta 75 varsha dinda yaru ghoshasde iro yochne na nam pm ghosisidare anta helididre channagirutte",Political
1133,naayi Kane neenu tumba mosa madi bitte,Gender
4196,Sule maga,Gender
3946,Dagar dagar dam dam dagar dagar sule ??,Gender
414,"Kichcha super, sonugouda dagar",Gender
3401,Btv news avrge jodna thagond hodibeku,Others
1647,Super bro.....Vikas<br><br>Avlu enu replay kodta idale arta agta illa NETTAG MATADOKU BARALLA YAVO IVELLA,Gender
7268,Dagars gale tumbiro b tv??,Gender
7103,"Arun heliddu muslim sultan sikandar loodi, he is also history tagna.",Religion
7532,ade matte Islam andre loudas. Mand ??chutiyas,Religion
7215,Sariyagi kaydre currect agtale,Gender
4437,Ade hitlar iwattu namma bharata dali rss,Political
3767,eegin kaladallu kannadakkagi horata madbeka? Iddella ee tamilians inda na?,Geo-political
2172,dk sahodarara krutyakke pinanayi bembala,Gender
1987,Baare Pakistani Nina nane hadtini huch sule munde,Geo-political
4355,Boli maga ramesa ogi  chaddi bichu,Political
7100,Evna karma sagani tinnu sidramullah thennu,Political
6862,Sulemagane.muduka.,Gender
3159,90 sikkide josh joralli untu ... crossbreeds,Gender
3836,"Idralli yaarnanna nambabeku, bidbeku guru??",Others
5279,Vikas Anna heli hengasna dengodu Andre hege anta torsidri,Gender
2264,"Hindugalu ivagaladru yechetgondila andre , nale HINDUSTAN FILES antha film bandru ascharya illa .",Religion
1246,Rakta kudiyatte guru.. Yappa.. Hindugale echatkollarappa,Religion
2182,Ayogya khangress vaktara neenu mindrige huttirodu bolimagane,Gender
5206,Ee soolemaga pratham bere kelasa illa. Avanu muthalik maga,Gender
1417,Ee vama nge kelsa ilava shoot madi hogeere taye ge respect ildolna,Gender
673,Jai dev thu. ninge enu hakk ide thu nayi,Others
2362,Ree swamy Mike face munde band thakshna hero agoke ogbeda maneg ogi ellanu muchkondu ninn jati bagge hemme padu .. Bere jatigalashtu kettadenilla nindu,Religion
7525,Hindugalu matra awru namma anna thammanidiru anbeku bitre Muslim&#39;s yawattu anlilla.. aaaamele <br>Awrige first vande matharam  anta bayallibarsi aamele deshaskke kotta koduge enu anta,Religion
5130,Nenu yava nan maga yake nimma tandeg huttilva,Gender
7834,Desha drohigala story. Gottiddoo kevala duddigagi heege madtare. Munde adu jihadigala entry agi avara future kettu hogutte .,Religion
2413,Huchaaa randdi magane.hogole nayi muduka,Gender
5882,Nin bitkand tirgudru yaru nodalla bidamma,Gender
5190,Loo thatha  get lost  eshto pungtiya,Gender
6334,"Mufti Muhammad Sayed , Farooq Abdullah, bitta karate ,Yasin mallik , secular Hindus , ivarella  main culprits",Political
585,Chaper ninu live nalli video gy barbyda,Gender
421,Jagattu hegide nodi hage Namma jana Hegiddare nodi ha... Muru bittavaru oorige doddavaru anno Mathu Yavaglu nija agtane ide.... Matte avarige full respect Nammalli Ondu politicians matte Inthavaru ...,Political
1835,Aa ugragamiyannu hididu gallu shikshe kodabeku,Violence
3592,Communist mattu congress ee ayogyaru irovargu namma deshakke   thondare thappiddalla,Political
7490,Friends nanna 25 year na jivanada  muslim force madi cunvrt madolla nanu nedilli    by chance  force madidre just 3 to 5 year agutte idi desha muslimikarna madodu I,Religion
6312,"Pratham hucha, avanige yake kardidri. Avanige bashe illa.",Gender
6050,SHAL with mettu togond hodiri,Others
6972,Avligi met metali odibeku,Gender
3960,"Nebba Mruga. Swalpa vyavasayakke water requirement study maadu. Saabara angadige hoogi 10KG gomamsa Thinnu, Hindugala Angadige hogi 10 KG Handi mamsa thinnu",Religion
1091,Elli varegu navu oggattagirala   e tara kelsa madta irtare bolimaklu ee musalmanru,Religion
7966,Mana maryade udya ninge bari Hana Hana Alva beku ninge,Gender
398,"Neer rajakarani galu bitbittu nilsake cinema davru road ge barbeka? ?? hogu modlu news channel na sarige nadsu, Siddaramaullah khan ge kelu hogu",Religion
4040,Le 90 hakondu malagale muduka,Gender
3776,Idiot nan magane. Hindu hudugirige  muslim nan maklu rape maadoo kaala  bahala dina illa.,Religion
6120,Congress ge hoge ne ??????,Political
5876,Nin enge adudre nim amma think ð¤ madde dance ha  madthare nin jothe huchmundeðð¤£ð¤£ð¤£ð¤£,Gender
447,Nijavaglu nadedirodanna move madirodu viroda madavrella desha drohigalu,Geo-political
5707,"BJP ge yavaga Kerala dalli tanne kaathe open madodakke agodilla Anta arivaytho aga upayogisida dodda astra The story of Kerala,,But idu backfire agodu kandita",Political
5106,Nachike..bittvaru.nadigya.doddavru,Geo-political
3095,Hindu Muslim galate madovargu public TVnaru bidolla.,Religion
2591,Thu sulle makkla,Gender
4107,Nin brezu gu nin mooti nodoke esta ella. Dabba vlog,Gender
4880,Tullappa ð???ð???ð??? drunken member<br>Neenu gandsu adre sabru ge hello tulla ð?? ð?? ð?? ð?? <br>Bevarsi tune vunnu ð?? ð?? ð?? ,Gender
4838,Avlige avnige thumbha hotte novu iro vishya gotthitthu ..first avna jothe living relationship alli idhkondu romance madlike bekitthu avna disease sari agovaregu jothege idhidre avnu saithane irlilla..bitch,Gender
169,Pakistan loudabad,Geo-political
2824,"Kithod tv btv,mooru bittoru btv yavru,kithod suddhi btv sada munde anything is left",Others
2999,Hu swamy avaru Anna tamandiru jataka cut madida mutton thikay heali nahu halal thintivi eeli fact yanapa andray halal certification gay dhood yak tagobeaku eeli nehu vishala hurdayadavaru antha healu yastu sari heali by the way I&#39;m t a bjp person,Religion
2241,Blue boy nin thara kelsa kodthini anbitu ninu hudgige yen. Madhe antha movie didhvi ok saryagi. Mathadu,Gender
729,Hye muduka nimmantavr endane e gati bandirodu namge. Nettuge manig ogu,Others
7092,Nine face nodidre vamit baruthi thu..........nayee............,Gender
5568,Daily karnatakadalli nodthidivala guru murder rape adeken helona,Violence
2935,Nimmalli swalpanadru sabhyate ideya?,Others
6154,Neenu aakiro dresse node sule,Gender
4201,Congress loti hidedilva sidda,Political
5093,Soole maklu aa bolimakli saryagi helri,Gender
1701,Daridra e congress bandre Rajyakke bara gyaranti,Political
630,BUKET TV ?? MONKEY JATKA HODKOTIRUTTE ADUNNU VIDEO MADI ESHTU RASA BANTU ANTA CHARCHE MADU ?? NKN CHUTYAGALA,Others
30,Swantha anna tamma jothe keiskoltiya halala hesralli hijab beka ninge soolemundeð¤£ð¤£,Religion
2964,Pak alle yellarigu saisy sattu hogi yake kashmir ge bartira,Geo-political
4577,Pust B tv ankarige  metta takand hodibeku guru vikash Anna super guru,Violence
5897,swanta gandananne kole gaida pataki,Gender
886,"Le directore ninu yenu prbudha ankodidhre ninu hoba mutala , siddramhaiah adlethadhli agiruwa lootikorathana brasta adlithadha bagge,awnadhurankaradha bagge kelodhu bittu, hendthige sere kodsudhra maganege chadi kodsudhra antha kelthiyeli, adhrabadhlu , city white tapingnali Ytu, Indra canteen nali Ytu , sc st corporation Ytu looti Madhuri antha kelre sitharam.",Political
7051,Chilre chilre ne ivru udhhara agalla bosadigalu urkond saytare,Gender
1420,Avr enri tirmana takotar ree .. Nachke aagneku nimge thooo,Gender
1373,Ley amma  collsali ejabu tagiri anta hetirodhu oky nivela manely edhu kalliri,Religion
6159,Thu nim karma nodoke aagalla sumne channel delete maadu maraithi??nin ee thara thikl thikl aagi aadtha edre nim amma adru yen madthare??think madtha kurbeku ashte,Gender
7366,Ninu bandhiridhu nin body thorske antha bogole,Gender
5558,BJP 5 years te ban 5 years lock down vote akidre nest amaa tahii beggar Tara bikshe bedbek iddu Satyaðððððð,Political
7515,Sabadyaksharagalu.unfit ,Political
5306,Dagar dagar avl???? idu bittu bere  enilla,Gender
1881,"electionally siddana kivige hoo hidthare andukodidvi, adare munchrne ellaru hoovu itkondavare, congigalige eegale confirm agide",Political
3232,"Nodii broo kohli kohli nee yavthu naveen kohli agala Elli comments nodde kohli gambir ge respect kodbeku antha comment akidare adre gambir kohli bake yestu negative mathadidare..yak kodbeku respect avrgee .avnu bandu chinnaswamy stadium alli bandu namge hand thorsodu ,helmet hesiyodu,kiss kododu yake bekittu start madha avru avre ega adna vapasu thogobeku aste ellla andre muckond irbekitu mathe e navennaa obbaa inu cricket ge kale hittila ..alredy king jothe jalgala..nonsense navennaaaa ð¤£",Gender
6761,Sathyavadha maathugalu  Nijakku namma hennu makkalu  adhunikhatheya mohakke baliyaghi  namma samskruthiyannu marethu Hanege kum kum iduvudharindha battegalannu haakuvavaregu fashion aghi parivarthisi Hindhu dharmavanne Dharma vannu marethu vsrakommeyadharu degulagalige beti needivudhu maadali shalege hoguva makkalu pennige ink illadhiddharu thutige lipsticks  beku doddavarige gourava kodovudhilla thandhe thayi kooli maaduthiddharu avaru hakuva batte modelgalu hakuva reethi iruthadhe innadharu buddhi kalisiri,Gender
1344,Muchkondu irale mudadya,Others
2936,E soole mundena thu ninn janmakke astu benki aaka innu sari aagi mathadodikke barodilla inyholna karkondu bandu illi kurisi interwive madthidiralla thu B Andre backet bidi,Gender
1851,Sonu u go girl??dont think of this negative ppl...avr mane dosenu tute but berevrd tinlik ruchi ivrge,Gender
7614,Big boss ge hogirodu nin thappa na thidkoli antha <br>Ninge a devaru chance kotidane ninu inu bhuddi kalthila andare nin kathe mugithu aste <br>Modalu correct agi mathadodana kalthuko Sonu gowda,Others
4032,Boli magane,Gender
8009,Election mugidu results bandide jana nimage ekkada tagondu hodediddaare,Political
4140,"idu ganchali sokku durahankara, don&#39;t entertain them by giving them any kind of attention, and publicity, more than anything, your precious time and energy , whic means your life",Gender
6158,Troll madbedi anthe amele e sonu trollers avrinda evl beldilla anthe evl inda trollers beldirodhu anta helthidale evl madbaraddu videos madi tiktok ge haki trollers na evle invitation kottu nanna troll madi anno tara video madi troll agiddu<br>Troll agovargu evl yavalu antane gottirlilla trollers beldidare illa anta alla nin kitthogiro video na troll madi nin yest kettadagi adthidde anta nin old videos na nodu ninge gottagutthe,Gender
5678,Brasta BJP ?? West CM ?? next CM badavara ramayya ??,Political
4758,"Congress baddi haidarige maatra vote aakbedi, kodege NOTA hotti",Political
1414,Sonumolegalusuper,Gender
1716,Lo pakka gottu bidri neev cross Beed Nan maklu antha,Gender
5027,Madhama navaru 420 galu,Others
2983,"Film nodidhe, tumba kanneer ayithu thoo ivara janmake sir first ee Muslims n christians Ella oddosidisabeku obnu ira kudadhu ashte JAI SHREE RAM, JAI BHUVANESHWARI",Religion
3355,@Manu ninnatha nanmaklu waste,Gender
1768,â@Puneeth appu boss ge yako kappe antaidiya bolimagane,Gender
7211,EE SULEMUNDE NA TEGIRO YENUKKE INTHA BEVARSI GULLANA VOTE MADI SAVE MADTIRA EE MINDRI GE INNA DURAKARA HUTTUTHE. HADARAGITTI SULE,Gender
1659,<br>Manushya Yavaglu thanna budakke baro varegu yenu madalla... Naavu Hindugalu Jaathi anno daridra vyavastheyaali yelli varegu erthivo alli varegu yenu badalagodilla...,Religion
2460,@AIO All In One nim amma thull nekbeeku bro send her,Gender
1730,Correct <br>Yare agali Nam sarkara thakka Shikshe kodabeku Evarige.,Others
7230,Congress ge vote haki matte mulamanru Hindu gala mele dabbalike nadsli Brothers,Political
7993,Don&#39;t take me wrong... A dharma Ond factory idd haage... Maklu madi terrorist madi...  Mataantara madi terrorist madi...  Education  kodisi terrorist madi...  En karma guru ivrdu. Yav devru heliddane ivrugalige,Religion
7272,Thukali nan maklu bucket tv,Others
2950,Thu nimmovvun tullu sule makla nimginta beedi nayigale esto best ondu 5 minutes bow bow anta boglubittu sumne aagtave aadre ee kacheda munde maklu avukkintalu kade Naa layak Nan maklu,Gender
2494,Nidde ramaiah sudden agi stroke agide rice scam reopen agiddikke,Political
3414,namge yako thika uriyuthe <br> thika uruyudu nimge musalmanrannu hegadru maadi damanisbeku ade chaddigala target but adu. Agtha elve agudu Ella,Religion
2,Inta Lofers galindane samaaja halagodu,Others
7782,"As mooruu bitta Congress Jana idanuunotara ?iilluu tamma labha nodtare ,gAnchali madtare.ivarannu genoside aagbeku aste.",Political
6636,yakri kushivare sidduge asht Mosa madudhri thu,Gender
7932,Sadhane ..iPhone 13 Alli ....ade Dodd sadhane .... ????????????Thu ?? nachike elldvu evlu..,Gender
5170,Neenu kachada mallesh nann maga.ninage vayyasaitu.buddi bandilla.nann makkala neevunnu badukiddaaralla,Others
962,if I can not Dnt enter Karnataka ganchali nam Anna Neeru bekku first medias Dnt promote her,Geo-political
2555,Gaaanchali anthanay heyli dont be soft on her sir????,Gender
2959,Loo half boil..YouTube patindaðððyava nigrogod ninu ..buddi ila enila rvnge channele bere k4du,Others
1605,"Also, most shandaMuslimaru namma deshadrohigalu sanna Vishaya tegedu idee deshada aaya vyayakke pettu koduttare. BHARATH desha andre avrige gourava illa. ",Religion
803,"eega satya gothaithalla, ide maarihabba ee kalsule maklige. Namma huccha venkat avaranna choobittu kachisabeku.",Others
432,Ee bevarsege first kannada matadake barala bolimaga kidnapp nataka.adibittu cash madkondu navarangi Tara adrhane hijada,Geo-political
4671,namma nadina hemme kaveri asht easy agi bittkodalla ee madrasigalige,Geo-political
6593,Tu nim janumake eshtu benki haka,Gender
4370,Ibru dagargalu. ?? duddu kotre ibru bartare blue and red,Gender
983,Innu beledilla avagle build up kottu maatado pratham yenu yogyate ide akbar is king secularism ge innond hesru secularism gottilde iro stage mele kooro e hebbatta galige oddu horag haaki,Religion
3225,Hii Lauda Gowda ððð,Gender
3662,He aadil nan magne tuuu nicha,Gender
5224,Sullugala saramaale.<br>Islamic yaru madtilla yellanu emotionally blackmail.hinfurastragokara ildiro sullu.,Religion
4568,Same caste anthe .. nodrappa.. so careful girls,Others
2137,Chaddigalu sulege uttidawa ru,Gender
2806,Batte bichaki video madbeku thane,Gender
6083,Jai b.j.p. yavaglu b.j.p.sarkarane barodu kelale mudiya,Political
2661,Thu ninn thikakke ishtu benki haka,Gender
4108,Ups node ilva navu gandu sulen tandu,Gender
7912,Kapi sulemaga evnu mumbai mele bomb haidavanu ivane irbeku,Violence
5835,hugdu hodsi haa dagar na,Gender
5828,Nine veest  nin  program  nodode   dodd a  veest  yaru  nodbedi,Others
7373,Yawa sullege huttidawanu interview maduthirowanu?? Sullege huttirowane  modi Eno dabakida  bewaraci Bengloure  rape madilwa? avaga ello hogidda modi movie bagge matadu paksha eke beku ninage??,Political
5869,Thu loffer vikas adu ninna parikalpanege bittiddu obba hennu magalige were reethi mathu adthiyalla idu estu sari thu gandu Nan magne lofer cheaper Sonu akka super agi answer kottry??,Gender
4971,intavarella indasrtyge kalanka,Gender
4591,Ninja hendati hesarille yella asti eddodakke ninu avarige ninu tarchar kottiddu chapala chennigaraya,Gender
5062,Ella cm thara evaru adjust aagilla adkke...,Political
3153,En ninen saalumarada timmakka na mommagalene le kothi en dodda dodda buildup ?????????? tic tok alli buddi Kali,Gender
5514,"Hudugiyaru maathadthaane illa nodi illi kooda,that means ee cinema avarige ishta aagilla antha artha.avarinnu hallakke bilodakke ready iddare antha artha.",Gender
3190,"Kachada Bommai, BJP, Modi, Yogi na oddu odsbeku..",Political
5672,Btv unsubscribed ??????hogi sayri,Others
7925,Mana maryade iddavaru I rethi madalla,Gender
2533,Thu evaraa janumakay,Gender
5265,Avl ajji pinda adyavng artha agutte avl mathu ??,Others
2043,Kannada davru Andre yellarigu sadara agide avlige heli yenu prayojana kannada neladalli huttibeledavre kannada mathadalla navu thumba odidoralla horagade yavde shop ge hogli englishalle kelthare  yenmadodu egiga anthu 3 class odiroru kuda YouTube nodi nodi English mathadode jasthi spelling yenu antha gotthiralla,Gender
2138,hindu muslim anta start madidde congress navaru.. nodi hogi first,Religion
7387,avananna modlu indian citezenship inda kittaki,Others
264,Ava adyaksha baree hucha... And Ashwastha hucha nayigalanna matadidbedri.avnu..... yarannu yisada Siddaramayya rige heliddu ..thirugi..kodbekide,Political
2297,B tv hala Batea bechi toriso tv,Others
6943,8 varsha adru pstr call madilla thooo,Others
2267,Nam kannada industry ge tumba nachike ago hage madidlu thu ninge nachike agalva,Gender
7475,2024 namo india.....ee mudukaru janma dalli badlagalla.dont one what&#39;s happening in borders ....talking easily abt NAMO...inclusing my grandfather.......never learn....i support namo â¤ï¸â¤ï¸â¤ï¸â¤ï¸,Political
4277,Nino nin muthino tuuu ogu first hennagirodn kalthko nin video net alli nir tara erithide adu gottidru maana maryaade bittu video madthiyalla ninge nachike agalva ??????Odibeku ninge naayi??,Gender
5701,Avllu shatad sharama ede tu lowda,Gender
6105,Irodu.barodannellaninna.hage.thegedukondogi.thurkarige.suridilla.thiga.muchikondu.kuthkollale.berakeguttida.soolemagane.mane.hala.kolegaduka.desha.dharma.drohigalige.support.maduvaneenu.yenu.saacha.antha.bobbe.odeyuthiya.naayi,Political
3246,Shata thara ede e bigg Boss all are bosudis,Gender
7955,Pork thunni doole amskla,Religion
1249,congress bolimaklu eella nu tinkond unkond kondkond hogavru,Political
1399,Shut up <br>Yenu sadane madi dbbakidiya tayi,Gender
3480,Waste CM Bommai jai siddu,Political
7530,Neenu hucha antha ellarigu guttide... Koti tara idiya...,Gender
3541,"Akka coffee kelidlu, yenne thand kottbuttore. Ade kick alli punch dialogue hodithavle akka ??",Gender
738,Ella kittodoure kurigalu doddi idu,Others
260,Yappa e bevarsi channel...e bevarsi munde.....yen karma guru edella nodbeka navu,Gender
3697,Sule maklu congress avar shata,Political
8029,PSI scam king pin ashwatta nimminda ne ella agiddu,Political
717,E time mali f d up barodee tappu avara melle bejaru aguttee,Others
1374,Aa nayi bagge namge yavde atanka illa,Gender
5741,uta neeru kodbedi aaga kannada barutthe??,Violence
3016,"Elli tumba jana comment madi jagala adtidare pakkad maneli sobana adre nim tunne&#39;ge an labha anta gotaglila, avr kaikond aramagirtare niv yak jagala adtira",Others
7898,Ivlu yaro tukali matadala kannada andidakke kannada gowrava enu mammi agodila ugidu odsi ivlana,Gender
2737,Sak bedro.banki hacho kelsa beda matte dudd Hak ide desha da jantege,Violence
7499,Navu AA MATCH fixing madkolak AGBAHUDU,Others
5766,Nam government en madtide ee tara agtirodella nija agidre adikke ond antya kansbeku elrigu nemdi agi baduku kodi,Violence
1562,Yari rule madirodu tika much ninage anna tamma irabodu yellirigu agbekenu louda bartare nin jote,Gender
820,Chapli li odibeku avlgu aa sulegu,Violence
2739,I hate megana ????????????????????yake antha gottilla,Gender
1184,NKN Nam Karnataka Dalli Maklu Huccheuyoo astu Neer Kudilaa  Pakistandvru Jatre Shoki Bere gandugalduu ??????,Violence
6002,Hogo mudka ninna jati kettogide,Religion
901,Thunneli hodthirothara helthane e munde nachkene illa dagar,Gender
6085,Yaava railway station nalli chai madta idda nin feku baccha ilde iro station hesaru helndu Sullu helode Rastriya Sullugara Sanga/Rumour Spreading Sangha da Rajakiya pakshavaada Broker Janatha Paksha da feku,Political
7625,Hi turuk mindri how r u... This is why shoiab fucked and sent u back?????????? hogi tirpe ettu louda nin lifenallli singlesnalli ond Wimbledon kuda illa ond us ooen geddilla ond grand slam illa tu nin janma ivattinda naayi nari tinno hag agli??????????,Gender
4310,Summne hogalo,Others
7437,Amma nivu eliddu nijja adre namma mane hennumakkalu bichkondu thorsu antha yaru elalla,Gender
7288,Yavadu adu handi too,Gender
565,Cinema nariyadare manusya alva,Others
2130,Thuuu ninna life alli ningu ade gati barutte kane nimmantavr irodrindane bere hudgirgu bele sigtilla bitch,Gender
7484,"Rcb management heege idru kooda kannada andre rcb,rcb andre kannada anta hogi ticket kondukondu match nodtaralla avarige modalu mettalli hodibeku.nachikegetta nan maklu.",Violence
3115,Nimmajji eshtu pogaru meghana...,Gender
45,Evanobba huchha Nalayik Ramesh.,Gender
1914,Neeninge kapi tara adodakke jana ketketdagi coment hakodu swalpa baratiya nari tara irodanna kali,Gender
1032,Huccha bosadi maga yav boli huttissiddu ninna,Gender
311,Bosude magana first nenaga chappli  hodebaku idu film kono,Violence
8022,Respect yaradru agali. Nivu cong kattalu nive CM agbeku anta namagu ase ide.,Political
652,Dagar ..sooo... ...e baket tv,Others
2509,Honagi odha thoothu,Gender
5278,Bjpyavu nayigale,Political
7700,Ara hu cha evanu aa taliban mmaat keli illi banidane,Violence
3547,Ivribru Sule maga Sule Munde samajne kedsbitru,Gender
6160,Thika don&#39;t watch. idella bjp madiro plan election gellakke thu thika movie,Political
1057,"Bjp sarakaarakke actors Mathu films saaku promote maadakke, nija zero sulli 100% aagi bittide",Political
5925,Shri H D Devegowdara salahe ellade sarkara neeru bittiddu maha aparadha,Geo-political
5483,Nodi kudeyyakki niru .awarhu kylodhu.. 1 dram water ghy 50 rs nhalli nhvhu perchase mhdthidwee,Geo-political
4719,1St SLEPAR TAGOND HODADA HORGE KALSI E DARIDRA NA DAYA MADI NAMA KARANATAKA DALI E TARA SPORTS PARSON S NA YAVATHU KARI BEDI EVARU BANDRE HENU BITRE HENU BEKADASHTU SPORTS PARSON S IDARE IVLE BEKITHA PLZ REQUEST NAMA kannadigarige YAVATHU INTHA DARIDRAGALANA BITAKOBEDI,Geo-political
454,Lo thagadu surini ninu first direction kalhko thukalli,Others
6605,@Pradeep Kumar Narayanappa Shiroorkar <br>Tika urkobedvo saabrige huttid Handi Pradeepa,Religion
2128,Enthavaru yala interview madthirla b tv thagondu odebekuu helbekalaaa ??????????  odebekuu adurstaaa añthaa halka lovdii,Violence
286,Satya iduâºï¸innu movie alli torslikke agallaðð»maiyella jum ansutteâºï¸avrella manushyare alla Darmandharu tertosrist galuâºï¸,Violence
5169,Tapde sule maklu,Gender
6170,Taata tika mucchikondu iru saaku ninn kaili bomb hakakke agalla en idu lathi prahara ashte,Violence
349,"Congress ge adikaara yavga illi hogutthe , kashmir Alli terrorists gala atta shuru agutthe",Political
1328,yo loose thatha dina mutton thinthiya ? varakke ondu dina mutton thindu 6 dina veg thinthiya,Others
4789,1st matadodu kali Lee dagar,Gender
6793,Khadr u right speaker ur waste heege jana ella waste idare,Political
593,Jai sree ram Balavathavagi helisuva Terrorist galu Yestu beku ?,Religion
2948,@Pradeep Kumar Narayanappa Shiroorkar nimmanna nimma orindha ache hodedhu achege hakidre gothaguthe...and for your Information this is still a issue that kashmiri pandits are not allowed now also...,Political
5341,Akbar ninna appa kano sule magane bavarsi,Gender
7990,Bucket tv nan maklu,Others
6980,Bjp sarkara ne sullina sarkara,Political
3347,Ashwath Narayana nd avn thamma ebru lootikoooraru.. PSI scamist<br>Gaaaandugaluuuu,Political
146,Nim avvandu nandu veerya raktha beretha historu,Gender
2918,Anchor hotter than her nodkolli chennagi,Gender
4142,"Kangress mattomme adhikarakke barlebeku...e haalad BJP sarkaradalli yuvakrige jobs sigtilla,mudukrige pension sigtilla,mahileyarige rakshane illa, inflation,bad governance 40%dealings, taandva adtide...",Political
1189,Same dagar gallu inge mathadodu,Gender
388,Bogolo nayigalu. Rcbð,Others
1474,Nin vote beda,Political
5859,Evlge Amma bele ne gothila. avrna control madthidale...a thahi maklu sakidini anodu hen thappu ....shut evlge buddi barola,Gender
1708,Vikas annaa shalege chapli suthkond hodhbitaa????????????????????,Others
2826,"<a href=""https://www.youtube.com/watch?v=9faLJiKp7O4&amp;t=0m40s"">0:40</a> yappa deevre naavellu nodilla yaaru madilla ninnindane nin maglu heegagiroodu chapli tagond mukha kittogo haage thikud mele hoddidre heeg haagtirlilla",Violence
2344,Bhatre nimagantu horata mado dammu illa horataado janakadru support kodi..... Tamil movies Bittu kannada movie nodi andre tappenilla.....adu ollede... darshan nanna films nodi anta helilla..... telugu and Tamil bolimaklu avara films matra ne nododu....,Geo-political
1674,"siddu e movie na noduduru badalagala, paapa muslimaru alpa sankyataru, kashmiri panditaru mane bittu hoglila adakke muslimaru kole madidru, mane bittu hogidre kole madta irlila antane aste.",Religion
1908,Marad mele erbek  advaru  bhumimele  bandiddare<br>Dingi  thara  adbeda  hogu,Gender
7344,Ley avnamman mindruguttdh media bholi makkala first nivu movie na nodi amele avra tu....unreee,Violence
5036,Lo gubal avlu yoko Kannada maathadbeku,Gender
7443,Hudugarige make over maadi rich iro thara hudigiyaranna attract madoke . Preethiya act madthare sexually use madkothare makkalu madthare kelasadalli idre dudd u ella kithkothare asti kitkothare torcher kodthare maneyinda odisthare makkala sametha.    Madarasagalalli hennu gandu makkalige inthadanne inject madthare duddina ase thoristhare makkalannu inthaga koopakke thalthare antha makkalu asego byayakko passiingo idannella madthare,Gender
1461,tappagide ok adre attitude bittilla,Others
5482,Adhrallu avrma ge maryadhe kodo dhralle nodbodhu. Avla ahankara ....<br>Gandu munde .... Avla ganchali nide,Gender
7783,Evlde yella dove tuu daridru munde avr amma ge full bhaya tara etkond avle,Gender
3418,Le ninaman nin prediction à²¤à²à³à²à²¡à³ urbitini sule à²®à²à³à²¨à³ ð®,Gender
1292,Thap evr dalla.<br>Nam state alli evlnu follow mado lakshagatle jana edaralla ??.<br>Nam desha entourinda uddara adange.,Geo-political
2330,"Hindu virodhi sulemaklu  e movie na hegadru madi beelsbeku antha mindri atta adthavre , Ex- Roopesh Rajanna, Harish bairappa, some buddists, And hindu names fake ID yella Facebook Twitter Alli , E movie nodbedi antha helthavre ,,, sulemaklu ge jaathivadi nayiegalige benki hacchode kelsa",Religion
383,Tuuu... Mane ondu kettare magalu kuda keettante ??,Gender
5930,Lye Nin Amman sulemunde Nin jote iro anchor Hu Nin Tara ne sule irbeku adike pisu pisu anta matadutedale?? avl Amman Pakka Nin kinta Dodd dagar avlu Avn Amman ????????????,Gender
7593,@Satwik Fire neevu hindu gala??? Hindu dharma odiyak ninthoru neevu galu...brahmins adunna ulisthavre...,Religion
7091,Deshavannu hodeyalu maadida kuthanthra,Geo-political
4817,Great Anna bommayi ge tale illa,Political
6054,"Ivalna swalpa Dina Ruchi nodi, next marriage ge ready agthane Naresh????",Others
908,@Shaban V nivu Muslim nan maklu terrorist buddi yavag bidatira avag nanu  dharmada bagge matadalla gotaita âªï¸hutiya nan Makle modlu nivu sariyagi erodhu an kaliri ð¡ð¡,Religion
5065,Gujarath files and kashmir files baruthe next thappade ylla hindu bandawar nodbeku segani bhakthrige iruva mv adhu,Religion
6904,Kudakara samrajya,Gender
3932,Nin dabba channel ge nayi thunne thurko,Others
857,"Tajmilanadu Janagalu karnataka da yella companies allu edrae e Nan maklu na hodisbeku ha kaade kaveri neer kelthare ekade yella companies kelsa kithkothidare namma Karnataka sarkara kannadigarige meesalithi kottilla, formers ge neeru kooda kodsthilla waste govt.",Geo-political
4972,e mudhi vayaslli nachikedu madhve  ge  Nanna nachikeya arayke,Gender
2617,Bucket tv channel ugiri mukkake,Others
2287,NINN RANDIMAGANE ESHT SARTI HELOD CONGRESS ELA BOLIMAKLU ANTA,Political
2024,Sir swalpa sidramullan sagani nu togondu hogi gravy gae bekagutte,Political
7454,LongsulimakLu eaga bandare mudiya sulimaga,Gender
4862,Thuuuuuu ee taliban sede nann maklu enta mande bisi madtave,Violence
2839,Keep support nimmpoliticians ge udhhara agtira,Political
5809,Hintaaa luuuccchhhha sulle maklinndaa desha haallll aaggtttha idee... Hinta terrorists sulle maklnna arrest madbekuu....,Violence
6480,Gaanchali true EE HUDGIDU,Gender
3154,Siddanna super hugi mokakki evarige,Political
7514,Berelu torsidre hasta ne nungidru antaralla haage ee Pak nan maklu.<br><br>Pakistan gaga kottidde tappauetu muchkond erohagidre eri ella andre bere yav deshkko hogi anta helidre gotta hts ettu..<br><br>Jaga alla sagni nu kodlla Pak nan makla..,Geo-political
681,Thatha bahala kosdavneeeðððð,Others
1944,Devara nadu muslim bayothpadakra nelebeedu. Evarnnella encounter madi besakaveku nayi narigalige.,Violence
1556,Hi nahi inddha nim gowdru jathi hallagoithu,Religion
3058,40% golmall govt. Jai siddu,Political
4426,Slum sonu,Gender
6857,Kalla sollemaga biryani kotre vote bilatte ankondidane,Political
1981,Randdig hoti daur <br>Newo na LHANGA PULKA <br>UTKUND BARI NIMAUN  HADA,Gender
2814,Adke rajadalli pradeshika paksha irbeku dk konga brothers anta Tn ge Karnataka na maarbidtane,Political
3937,Sulemundera,Gender
1594,@Chandra Prasad kashmir nalli idda yella hindu galnu sayisi odsidare gottaita bari kashmiri pandits nalla first learn history,Religion
3114,Bucket tv comment&#39;s ondh sala ???,Others
3658,Kithod munde ninu3,Gender
5947,"Kumkuma, nimma devara photo Ella tegiri.",Religion
6393,Hitler neina appa,Others
5185,Sonu loss agide  ataaa anisute  vaaa nayi marre,Others
6515,Ashwatha nin akkan Chapple tagond hodiri,Political
6229,thu nayi megana,Gender
1471,Dagar thull sonu,Gender
6638,Neenu ennu badhkidhiya.. Mahatayi satt hogu,Gender
328,"Comment maadoke parmission, sulemagne sariyagi janukke olle sandeha iro film adre nodri anbeku adunna bittu, e sule maklu history ne change maadida thayi adukru ivru.",Others
8051,Kalla siddu,Political
3855,Nin antha maglu ge janma kotmele think madlebekuðð<br>Yappa entha entha janru iratre!!! Inthavranna bigboss ge karitare ala ade dodda durantha,Gender
4728,Gini annoo bethaala hudugy iddre... Yestu janarannu mele kalisthaaloo...,Gender
6991,Opposition leader ashwat narayan  bad Ceractar  man jai next CM siddarammya jai rayyanna thard class govt all dept 40/â commition ella duddigoskara madavre,Political
6512,"Y this is Hindu Rashtra, doddowari ge buddhi illa",Religion
6427,Ivnyaro sule maga,Gender
7128,Dabba kushi hesarallisthte idre saladu bere yavarigu khushi kodbeku hudugi andre,Gender
4737,Ninu chanage ella tu,Gender
439,Thikla nan maga Pratham,Gender
2697,"Halkodo tayi ka hasu,  adanna tin neenu,  neenu manushya na, maha papi kanla  ivu nimm jatige idakke ellru hate madodo",Religion
4514,"Dikkara mallesh dhikkara.. Eemudiyanna Afghanistan GE Kalisi, yakandre alligandasaru odihogiddare.. Alli makklanna huttisali..",Geo-political
7554,namma hennu makkalanna krooravagi hatte gaida ellarigu ghora shikshe agabeku..avaru baduka baradu,Violence
6110,ZKHADER AVRE SUPREME.COURT HELIDDU BJP YAVRIGE ANVAYA AAGODILLA. ADU CONGREENORU DWESHA BHASHANA MADIDRE  SU MOTO CASE.DAAKALISI ENDU.,Political
5136,Thu nim janumke ega kushina kushi ninge yenu ansalilva engela mathadthyala Thu chi,Gender
273,Kachda B Tv,Others
1343,Siddu durankare,Political
6915,@NAMMA TULUNAD Ennu yaru tukali gandhi,Geo-political
5485,Mis u siddu ...????....hate kushii ...istondu kettavlaa ninu thuu bad kane ninuuu,Gender
5824,Appa avana muka nodi bhaya aguthe,Others
5577,Saryag dengidya bidu vikas ????,Violence
6454,420nan.maga.ashvthna,Political
5104,Hy hogalle lofar sex blujp nai hogi yelladru chaddi bichhi thosoke idiya antho do naai thu bevarsið¡,Political
5255,Nin amman tullu history farst oodu,Gender
2829,AYYO EEE MUNDEGE ONDU HIJDA YARIVANU.....,Gender
3749,Speaker gandu ne Bjp enjalu tin boli maga,Political
7,Kithogiro tv chanel galu intha avarna interviews madakke lauyakku,Others
380,Bjp alli eruvavru Matra hindu alla ... Ninge buddi bramane agide... Chappalalli ninge hodko bvc,Violence
7891,Hogo tharle burule dongi ramaya ninu heluvudalla reel sutoklo Sitha ramaya,Political
1750,Banglore teases naveen lucknow teases virat ur future govindaaa,Others
7948,nimm tayige bayi mucchu antiya how dare u,Gender
3447,Dagar TV nali dagara gala interview,Gender
2852,Kithod channel kithod interview thuu nim janmake,Others
6810,tinnakke gati illa andru idakkeni kammi illa,Others
6267,Kanditha ee vcara namge modale ghothhithhu ee berke lofar meersadhic soole magha sidramulla khan ee bari sarvanasa gyranti jaihind jai,Gender
455,"Anna 2 peg jaastine haakidare,,,,barli innu barli,,saabru thika hodadmele gothagutte",Religion
2859,Dagar Munde ??????,Gender
172,Siddramaya  bharat onday <br>Alla bhumiale  irlekey like illa avanth nalayek  bhumi irbardu tippu aulad good by,Political
3280,Lo gandhu stop ur stupid mouth nimmajji,Gender
7953,BJP avru lofars gaandugalu lancha baakaru,Political
157,Tu ninna tayi mariyade tagitiya alve,Gender
2735,Lo mentlu mallesh ninge muslim bagge astondu preethi idre hogi ninna makkalige maduve madsi dko idu hindusthan pakisthana agiddu yake gothide hogu,Religion
3454,2014 - 2023 BJP Central BJP govt vote goskra  Muslim jote kai milayiside..???? bari bhashana aste Bjp du????,Political
4157,Kannada maryade thegyodu saniya dagar alla kannada news channel avru...Sikka sikkavrathra hogi kannada mathadi plzzzzz kannada mathadi plzzzzz sir/Mam andre idhe tara answer sigodu..Kannadana avre ista pattu mathadbeku avaga kannadake ondhu respect erutthe.Evlu kannada mathadade idhre aste hoithu..Get lost saniya dagar munde.,Geo-political
7175,She should learn to respect to her mother in front of media .. esto koti jana nodtharr and papa awla amma nodidre bari bejar agthade,Others
7867,Soolegala ??,Gender
1459,BTV yavareee doduu Dagar ??????,Others
5475,"<a href=""https://www.youtube.com/watch?v=9faLJiKp7O4&amp;t=0m43s"">0:43</a> yaru madbard taap maadidara naneg gotiro hudgiru yaru madilla taayi",Gender
6758,Dagar sonu,Gender
3815,Idella ond interview Bucket tv ??,Others
7767,Huchha sumaga ninu...,Gender
1385,Nachike ketava urige dodava anth gadhe eda ade aythu,Gender
7609,lo thatha nin yak idhu undu bidko sumne olle shata adidange adtane,Gender
3054,Sulemundegalu,Gender
3726,adre hindu muslim jagala agodu when bjp is in power,Religion
8017,A shivajkumar ge mett takondu hodiriii,Violence
6724,nonscence tagondu nivu interview madtidira .......tanna tayiayanna media dalli heg respect kodabeku annoda gottilll.....hennu jaatige avamaan adu,Others
685,Modalu ninu Kumkuma tegedu classge ba,Religion
179,40% Commition Tinlike Budget Mat Yenu Ella ð¤©ð¤©ð¤©ð¤©ð¤©,Political
3409,First interview madthaedra nimmage  manna mareyadde elwa,Others
1354,Thika muckondu hogu ninn tika dalli bomb enadru itkondidiya henge elli blast madtiya nodu plan madu,Violence
5613,RCB is red that is blood?<br>CSK is yellow that is kakka??,Gender
5465,Sadane na ayyo karmavee..ha anchor ho ha dagaro .....??,Others
5333,Avlige serial alli yar obru chance kodbedi,Gender
6847,"Most boot licker anchor, exposed boot licker, eva pratham antru blu jp official agi join agod ashte ulidide",Gender
1028,Dagargala family,Gender
5293,Dagar guru ivlu.... Avru mother edrige hing adtale  bere avr yedrige inn yav tara,Gender
4350,Btv chanal ge bele ne ella thu????,Others
2701,Mundaite mari habba ellaranna hodedu bisaktane evanu bandre,Violence
1277,"Nam sanvidana avrige badkoke avakasha kodutthe, Nam Rajakaranigalige anthavranna  encounter madidre ondu votu kadime agutthe. otnalli Nam bharatha ugragamigala Swarga.",Political
7699,mosakke kai voddi voddi roodhi madkondiddare namma jana thu ee rajakarani galanna hero anta ankotaralla adara parinama,Political
1006,Pakistan Zindabad annabahudu alwa bedroom nalli<br>???,Geo-political
4339,Daridra boss ivanige sanmana bere kelu,Gender
2734,Edhrantha 420 channel yavdhu Ela guru,Others
7350,Nin Amman sulle makla en sadhane madavle kachada Nan makla. B tv avlru nim Mane hennu makkalu ivala thara video madi bitre kothaguthe kachada Nan makla. Avalu dhodda dagar munde,Gender
3406,Karnataka 3 party  asthina thu nimmajanmalke,Political
4115,"@Chandra Prasad mundondu dina alla, modlindanu baitare just bcoz he was a muslim.. ee pratham thara edbidangi na karsi mathadsavrge buddhi illa..avnobba dodd huccha..",Gender
3128,Ninu ucha kano bavrsi uche kudi,Gender
6408,Ayyyaa nin mukha naayi nekkaa,Gender
4020,Naav halal maamsa thagolalla andre nim thika yaak urithidhe.... muslims galge halal maad dhange cut maad kodak helu avranthra ne thagolana anthe,Religion
3182,Budget kelo samadana elva ale comment ð¤¦ð¼,Political
5848,Bsadi maga,Gender
4299,Yenu kadaka answer Vikas avaru helidu nija . E bucket tv sule makla ge bare Yava kelsa ella,Others
1640,Adke na open Madi torsidda chhi hennu kulakke avamana hello chi adu nodridre pakka ninna madve agodu alla nodoku ista agolla chii estondu kettu experience chii nodoke agolla,Gender
1521,Evneee dodd pengmunde huchna maga evnu history gothila sariyage,Gender
7982,A hengadina miukha didare nachike agutte  namage adare avalannu maduve ada gandana sthiti,Gender
1297,"Yen kobbu evalge, olle slum tara mathadthidaale??????",Gender
4804,Ee BTv avrige mana maryade illa ninantha kittodalna karkond bandidare,Gender
1531,E video like madoru yentha. Sulle maklu,Others
7602,Sulemaklu..........suleru 3....film shuru,Gender
1580,MODI JI PLS.. NIVU A KACHADA RAKSHASARA MELE WAR MADOKE PERMISSION KOTTU LEKKA NA BADDI SAMETHA CHUKTHA MADLE BEKU,Violence
4820,Dagar Tullu ??????????,Gender
7163,Niventha bucket tv yo yappa,Others
3633,Bed girl kastadalli iddaga doors madi avr pranane tegde papi ninnantoru aa dagar rashmika antoru irodrinda olle hudgirigu ket hesru nayi kinta kilu thuu...,Gender
7940,Rasaleele HDK,Political
1042,KACHADA NAYIGALIGE ENTHA KETTA WORD AKIDRU NANGE SAMADANA AGOLA.. KOCHI KOCHI AKBEKU.,Violence
772,"Hudgrenu sacha alla, avribra madya en pblm ide anta gotilde sumne avla baiyodu sari illa",Gender
6021,Inond video bere ð¤£ð¤£ pakka dove Rani,Gender
3223,Nayi sonu??????,Gender
7408,sule mundevu ellinda bartavo inthavella,Gender
5328,Avlige swlpanu nachke ella yenu tappa made ella anno tara matadidale dagar munde... vikas bro avlige yen matadbeku ant gottagtilla one minit one minit antidale????????,Gender
1548,Nimge bere yaru sigalva thu,Others
3337,Love anno hudugiyarige chappalili hodiri,Violence
2050,Thu meghana munde de astu olle hudga harish n.a. miss madkondiyalle,Gender
4675,"band bandarige kand kandarige kannada gotta, Kannada Mattadi, Kannada dialog heli, anta yaka keli kannada mariyade yaka kalitira, avrige bandre matadare, illa Andre illa, Don&#39;t ask any outsiders to speak kannada,",Geo-political
7251,Nim Anna nodake gandu Tara edane.Nijvad gandsagididre ninna illi tanka Barak bidtirlilla,Gender
1255,What is our government doing  guys??? Intha kacchada galanna encounter madbeku ashte.,Violence
5948,Aunty heavy Dove madtidare,Gender
3313,Ninaman yavdhe ivella,Gender
1901,"British havaru irbekithu ella sarihogtha ithu, swathanthra bandhu desha halagihoythu ??",Geo-political
4790,Darshan yake hege madidru gothagtha ealla.. Evle enadru madirtale bosadi,Gender
6196,Lavada bomayi jai sidramayya,Political
6704,Naresh du samanu kelsa madalla Pavithra akkandu urbaglu agide yak bek ivrge madve,Gender
643,Devare avalig buddi kalasbeku .....paap harish we really miss you avaru sayabard ettu aval attitude mund dodd star agi belibekittu avag avale oodi bandu kaal hiditidlu devaru miss madida,Gender
3928,Sullu kathe kattu kathe ,Others
4363,Kothi evlu onde thara avre,Gender
219,Nam bijapur maryadene tagadal e omma che halli guggu,Gender
3211,Ucchu sulemaga pratham,Gender
7583,Tuuuuuuu nonna tulligisht benkii haka hattkond uriya,Gender
3837,"Vikas modlu avlige butter acch,amele sariyagi kotta,karkasa swarada sonu ge sariyagi jack itta",Gender
5827,modalu e interview madthanalla avanige chappalli hodibeku. yaake satta haariyoke kelbeku . avlige indian muslim esta aagilla andre avlige pakistan muslim bekagitha hagidaga yaake nivu nam bhase avamana madthira,Geo-political
943,Thu aa 2 Chik maklu nenpagilva ninge su mu***,Gender
4967,pandit na kondavanannu congress protect madiddu,Political
4347,Ee dagar na first odusbeku,Gender
2933,"Meanwhile Darshan fans be like : ond item song illa , foreign ali heroin jothe duet song illa.. villian galna gudde hakond dialogue hodyo scene illa ...ivella ondu cinema na antha  Andkondirtare pakka ð¤£",Gender
712,Modlu mathadid nodi baikonde vikas....amele mathadid nodi super bro....avlu Amman tirpe shoki,Gender
806,yavaga en madi saytaro kole agatta?,Violence
8048,Adikarad ashe e CM ge akashmika CM,Political
6547,Amma thahe ninu k.m doddi anbedamma amele alirorunnu ketdagi nodthare ningu nima ammanigu dodda ????????,Gender
3479,Perfect slipper shot Vikas ?? IDU NINAGE BEKITTA MAGANE,Violence
1958,Dadda baddimagane  sariyagi yao anthane artha agilla.,Others
3266,"Avanige nalaku maduve, hevalige murnane maduve nimage hethru huthiru makala bage samajadali hege balabeku",Others
5702,Nayi bommayi ð¤£bogalu boww boww,Political
7746,Le lowdy siddu nin Sacha sule maga,Gender
1894,"Channage heeliddeere PRATHAM..kootee Akbar.. jihadi islamic terrarist mentality persons supporter iddaree ,,yecharikee PRATHAM..Neevuu yestuu badkondruu Dongee Secularism janaa voppollaa..neevuu nijaa heeltaa idree ,,Avruu Urkootaree",Religion
6803,Hye lofer... Neenu endaru bere kelsa madu.... Kannada barall andre Muckondu iru...,Gender
3748,Basvaraj bommai ðð 420420 Sholay magha bayi much,Political
4358,Matte niu bathroom live adtira,Others
736,All Kanralla Bekoofa Naan Makkla Eee Tingalinda Gas Rate Petrol Rate Matte Jasti Agide Adra Bagge Maatadro Adu Bittu Eee Kittogiro Nann Magana News Thorstha Iddira Matte Illi Kelavu Gubal Nann Makklu Avnyavno Dboss Pooje Maadtha Iddare,Gender
7079,Third class nan maga anupak kher,Gender
7681,Pratam hitler bidu hucha venkat gotta avanobba bosadi,Gender
726,Nim karunanidhi family ille ide yenu madtiya .<br>Goobe,Political
512,NimmaManeyavarigu BurkaAksi NeenuAkaondu PadayatreMadi MamsaSevisabedahanta YaruHeliddare Moorka,Religion
193,Thuu karma,Gender
7209,Sayokku munche  mudi nanna magane  mamsa tinnu baradu anta yaro heliddu ninage,Others
2351,Yaru saacha alla antha helbeda.. Naav en eethra video call-yella madolla,Gender
1320,D boss hesralli yelru gimmick madi publicity tagotirodu include media and all.. We know this fact very well.,Gender
4724,Le nkn dove rani bajanu nataka maduthya,Gender
1365,"@#psDaridra buddiya bevarsi.  Indian president brahmana alla, PM brahmana alla, UP CM, Karnataka CM, MP CM, Andra CM, Telangana CM, TN CM, Kerala CM, Maharastra CM, Bhi ha CM, Gujrat CM, Rajastan CM, Assam CM, yayu brahmanaru alla.  Tilidu matado shata mu",Religion
5773,bari idashte alla ond hellige raktadalli madiruva uta kuda tinsiddare ee shandaru,Others
4992,kushi nindu.natka.sumane.harishan.lifen hal madde.thu.nin natka.oledu.agala.hana.idre.matrana.preeti.,Gender
4896,amma taayi ....elar maneli akka tangi amma idare adre nim magli tara duddige sikkidavrige torskondu tirgadalla..modli neev helirordna sari madkloli sulena hettbittu bereyavrige kai torsak hogbedi,Gender
7876,Thu.nachki.ela.evaligi,Gender
6164,Meenakshi entha maklige janma kotbitte meenakshi ð en over adthalppa evlu yappa ð,Gender
4128,Muduka.  Elu.   Namma.  Nyayalayada.   Teerpannu.  Palane.   Maadu.  Anta.  Elu.   Guobe,Others
1162,Inthavaranna  namma kannadadavaru viw madodu bidbeku,Others
2245,Milk kudidu Malko hogu kanda.....CSK fixing prove aagi ban aadru  IPL nali fixing agala anta heltiyala kanige yenu akondidiya,Others
3330,Bjp average thunne idi bayalli,Political
4569,Dud madokoskra director yenalla madtane.Yene agli nam karnatakada Shantiyate halgtide??,Others
1052,Karnataka kke yalla vishyadallu mosa Central govt GST palu nama <br>Haktha idare,Geo-political
7431,Laxanta hindigalan kondaga yalidaru nimma snehitaru ninanata bikari bogolodarind hindugalige Hindustan à²?à²¾à²?à³?à²¥à³à²µà²¾à²?à³à²¤à²¿à²¦à³?  gulam ninu avaru Congress italina rani gulam gyang deshd abirudi bekagil evarige edarali  Congress beku desh odadidu yaru yake evarige  gotil,Political
7234,Nijavanna yumba dina muchidoke agalla ondalla ondu dina horabarle beku barutte ide riti nijavada gatanegalu movie agi barli namma janakke avagadru buddi barutta anta nodona,Others
1239,Christian  schools ge sarisidre thande thayigalige maryade kodalla,Religion
206,Nimanagye karakodu honge,Others
5886,"Yaavdo Congress Anna thinthavne naale saayo ajja, puksatte thinnak bandavre baddi maklu",Political
6343,Hogle Hapsuli magane,Gender
2864,ye baddi magane idu propoganda filim yella sulluu,Political
7216,Bro blur made bro thumbnail chee??,Gender
5746,Pakistan kke huttida handigalu Illi bandiddave,Geo-political
3703,Le ninnakkann sulemagne yako arrkotha iddiya bitti kalka thin mslty toilet naayee mundedhe adanna ardha samaan Saabhi galigg helo looar,Gender
6473,ee kudale secular vyavashte dikkarisi.. illadiddare mundina dinagalalli ee rajakeeya avyavaste intaha dustiti yannu desha tumba haraduttare.. hindu rashrakkagi ellaru oggattagi ottaya madi.,Religion
5684,"e tara hogi U.A.E, dubai nali egye madali nodona, allirodu sarvadikara,+katina kaanoonu, alva!, elli democrecy mannu tinnoke, elliya law nara ssttu hoda law.",Geo-political
6462,Evlu hutid hage gothiruthe yar athra beldidlu antha thayi anno respect ella bodhkolthaly ????,Gender
7573,Simple this is islamic terrorism kolodakke harsh ede but uts fack IT&#39;S ISLAMIC TERRORISM....,Religion
6283,Pulwama attack adage yali hogidy pa ajja estu dina ninu yan Muslim ha hindu na ha dodda dagi matu adutiya ninu yan pata madodu nina atra erodida nama desh sari hogala,Religion
5591,Daridra jeevana thoo thoo ??????,Gender
2996,MULL@NA MUKLY@G H@NDI TUNN! Avala hettan iva,Religion
7629,Bvc ninu  byarige uttidava boshudi alkat,Gender
3469,Bjp is worst government of Karnataka congreess navare olleyavaru,Political
7913,Child changlu .....  Madyamagalu tamma kartavya mariyuttive,Gender
2714,Fst nettuge Kannada matadodu khali amele e mane nindhena  torsovante nimmamma ninnantolu jothe yen matadodu anta matadirala aste nimmamma evlu yak enge adtaidale anta think madtaidare nanug e Tara maglu huttudlala anta yochne paapa ammange,Gender
4340,A hudgina mathu gurujee annona thegedu bisaki plss... Avaga nim OTT GU Nim nirupanigu olle bele eruthe sir,Gender
2332,Blue shirt yako nigradtiya...,Others
6623,Holger girl dana nayi huchi,Gender
5168,Avlige yard  serial  chance codbedy my request,Gender
7372,Pant channagilla bichooo rameshaðððð,Political
3712,Hindu galu Ella nodtare amele congres vote haktare <br>Hindu galu Dongee no 1 viswas droha madtare <br>Hindu gale saree Ella <br>Muslim baibedee<br>Hindu galu Ella hindu alla swarthee<br>Hindu elrannu manbedee<br>Mosa madtare,Religion
7229,BJP serida andhre.... Manassu almost vikrutha... Yendhartha.,Political
4013,Tele hidka hengasaranna ella use madkotane,Gender
1435,Hucch solemgalu aval ammange ne marayade kodvalu tuuuui??,Gender
2975,Manig anna thintara anthe ????,Others
85,Hindu darmakke nimma koduge enu sir,Religion
84,Darshan ennmunde folpe hero mugitu nin kathe. Hendthige mosa maddala estu dina. Mosa madodalde odiyodu bere. Mugitu nin kate bidu enna.,Gender
6897,"ROUDY,HADISIMAGA,D,K,BRASHTA,E,BOLEMAGA",Gender
26,Nin akkan hoge suuuuu,Gender
6055,Thu nen janmake both are dagar.,Gender
3484,Nimag yet sok aad namm neer kudido namge avaz,Geo-political
2765,Tika muchkond hogo mudaka ninn hendti yavan jote idale nodu sede,Gender
5998,"Nine mane kelsa madu thara idya ,,,? Ninge bere innoblu mane kelsdavlu beka ?",Gender
6420,RSS BJP paungi bucket channel,Political
1809,Akbar hendathi yaaru randi magad erbahudu alwa,Gender
3871,Ree yajamanre Elli BJP hagu congress yellinda Bantu ree <br>Nivu janara manavioiso prayatna madi yalru ottagi Saha balwe nedisi anta heli ashte horathu adu bittu e vicharavanna rajakiya madbedi edarinda yeradu samudhayagala mele dushparinama untagutte,Political
592,cheat madi madine melakke ertiddare,Gender
2590,Nivu media devaru yako heart attack adavaranna target madi madi torstira....bere tara yaru sayalva.....yellarannu weak mado mind...nimda,Others
2945,"Olle mathu,,, kashtta Pattu dudiyoru shortcut ways hudukalaa ..",Gender
1096,Sulle magne nin indale desha halagodu,Gender
7769,C M mathnaduvaga viroda pakshada nayakarige kulthukolbeku antha samanya jnana ella siddarama,Political
559,Virat started the fight...u can see the whole match..he started with Mishra &amp; naveen ul haq...batsman will not go to long off to sledge a playerð ninge yaradru shoe torsi.neenu dhoolina sama anta helidre bidtiyaðit&#39;s self respect bro..neen bidbahadu bucket giraki alva.,Gender
6288,Looo bommai hogo house gi saku nin du,Political
6591,Avva yakaru ninu batte bochoko rediediya,Gender
6887,Ugiri sir jai sidaramaiha,Political
5239,Bvc randege elli heng matadbeku anta gottgalla... Swanta amman maryadene tegyolu ivlu bereyavra maryade tegyodralli en doddadalla hadbege...,Gender
5342,Thu yar guru ivlu Jaatre . Yaapa devre Naninda aytila ????????????,Gender
814,Lavada   Daktr  420 bosadi veerappan ginta lucchha,Violence
5344,Yak Bantu akrosha antanalla Anchor mabbu sulemga ivanu hindu na saabhi na,Religion
2058,Ayyo bevarsi munde ninnatavrinda gand janmakke uligalane ella nin nigurkond hogtiya,Gender
1602,Berke budda,Gender
6465,"Aa mamsa thindu sayi, huncha mudiya",Gender
4706,namma deshadalle iddu Pakistan ge support maduva janarannu first gundittu kollo,Violence
7907,Shaata pratham papa madoku munche yochisu,Gender
4356,"t surprise,,,next &quot;TAGURU DICHHI,,deside,, people,,nayigalu evarannella gellidre gudsi gundantra madtare",Political
1797,Kakka tinke ready iddare,Others
1179,"Nam desha hallagtirodu Muslim,Christians inda alla... secular antha hellkollo hindugallinda.<br>",Religion
6586,Bigg boss trp gosakara karskondiddu mundevaaa,Others
4844,Neeve mane kelasadavra tara edira...????,Others
2462,Yar hoovu itkontare dtivi CM sayabre,Political
4166,this is a serious offence of privacy breach...nan magane admin your account cab be banned for this video,Others
6172,Nin akkn dead body seena,Gender
4768,@AIO All In One est jana nim amma thull jothe adovro ast jana dal neen yarig hutidhyo,Gender
4776,Dayavittu secular congress ge vote hakabedi. Hindu gale eddele ondagi. Hindugalu congress ge vote madabedi,Political
6885,Super vikas Nin English ge nan met sigaka full urko bittiddale ??????????,Others
6442,Nimmantavarindane.muslims.aata.adtirodu.hindugalu.ondagade.hodre.avaru.chota.pakistanadtare.gotta.nimmannu.bidalla.tilkolli.,Religion
7086,Nimm ajji....avn  jaiswal leg nodo avu flexed agidavle,Gender
1722,ondooralli ond manga ittante mangakke suicide madkobeku anta aase aytante. manga kadall nadkond hogtha ittante .darilla nari siktante .manga narige kelthante nanu suicide madkobeku anta adke nari helthante allond simma kudkondu malkondide hogi adru muklalli kaddi alladsu ninge harkond tinnatte neen sattogtiya anta .adke manga kushi agi kaddi thagondi simhad muklalli kaddii haki alldsatte.aaga enne hod diro simha eddu joragi garjane madattante and helattante.<br>yaro adu gandu soole maga nan muklalli kaddi aldstha irodu anthante adke manga helatte ante. kuduk soole magne naanu mang nan maga anta anta adke.simha akade eekade melgade kelgade ella kade nodbittu manga nan magne olle maja bartha ide innond swalpa doddu kaddi thagondu nan mukli alli alladsu anta.<br>E Kateya Neeti Enappa Andre kadalli Iro Ella simha nu simha agiralla kelvondu simha gandunu agiratte anta,Gender
1415,Lo ogu gubbal muduka...<br>Muslims high court decision vetireka madidhaga en madgidhe bainali.....<br>Nimge chappali nali hodibeku.,Religion
